dftStep1_alpha62,dftStep2_alpha62,dftStep3_alpha62,dftStep4_alpha62,dftStep5_alpha62,stepEnergy1_alpha62,stepEnergy2_alpha62,stepEnergy3_alpha62,stepEnergy4_alpha62,stepEnergy5_alpha62
5061.9155,5061.9155,5061.9155,5061.9155,5061.9155,270.19992,270.20102,270.2002,270.1998,270.20248
5061.146,5061.146,5061.146,5061.146,5061.146,270.30038,270.30029,270.30035,270.30066,270.29993
5058.98,5058.98,5058.98,5058.98,5058.98,270.40048,270.39804,270.40021,270.40094,270.39966
5055.7681,5055.7681,5055.7681,5055.7681,5055.7681,270.50085,270.49963,270.50003,270.50043,270.50034
5051.916,5051.916,5051.916,5051.916,5051.916,270.60025,270.59976,270.59988,270.59998,270.60019
5047.7461,5047.7461,5047.7461,5047.7461,5047.7461,270.70023,270.70029,270.70062,270.70023,270.69992
5043.4492,5043.4492,5043.4492,5043.4492,5043.4492,270.79675,270.80054,270.79944,270.80002,270.79974
5039.1152,5039.1152,5039.1152,5039.1152,5039.1152,270.89978,270.8999,270.89856,270.90042,270.89999
5034.7769,5034.7769,5034.7769,5034.7769,5034.7769,271.00046,270.99997,271,271.0007,271.00284
5030.4429,5030.4429,5030.4429,5030.4429,5030.4429,271.10052,271.10028,271.10013,271.10019,271.10022
5026.1157,5026.1157,5026.1157,5026.1157,5026.1157,271.19952,271.20038,271.2001,271.20035,271.20407
5021.7935,5021.7935,5021.7935,5021.7935,5021.7935,271.29559,271.30069,271.3002,271.29678,271.3009
5017.4736,5017.4736,5017.4736,5017.4736,5017.4736,271.4007,271.40018,271.40067,271.40033,271.39999
5013.1577,5013.1577,5013.1577,5013.1577,5013.1577,271.50003,271.50024,271.49896,271.49979,271.49951
5008.8447,5008.8447,5008.8447,5008.8447,5008.8447,271.59778,271.59747,271.60107,271.60101,271.60025
5004.5366,5004.5366,5004.5366,5004.5366,5004.5366,271.69995,271.69678,271.6998,271.70062,271.70032
5000.2334,5000.2334,5000.2334,5000.2334,5000.2334,271.79944,271.80023,271.79636,271.80011,271.79929
4995.936,4995.936,4995.936,4995.936,4995.936,271.89951,271.89987,271.89984,271.90054,271.90033
4991.645,4991.645,4991.645,4991.645,4991.645,271.99951,271.99213,272.00015,272.00037,271.99982
4987.3608,4987.3608,4987.3608,4987.3608,4987.3608,272.09991,272.1004,272.10123,272.09979,272.10043
4983.085,4983.085,4983.085,4983.085,4983.085,272.20105,272.20071,272.20038,272.20065,272.19989
4978.8174,4978.8174,4978.8174,4978.8174,4978.8174,272.30042,272.29874,272.29993,272.29996,272.3006
4974.5562,4974.5562,4974.5562,4974.5562,4974.5562,272.39816,272.39996,272.40002,272.39981,272.40021
4970.2998,4970.2998,4970.2998,4970.2998,4970.2998,272.49985,272.50067,272.50006,272.50067,272.50015
4966.0493,4966.0493,4966.0493,4966.0493,4966.0493,272.5994,272.59967,272.60172,272.60019,272.60028
4961.8071,4961.8071,4961.8071,4961.8071,4961.8071,272.70068,272.70029,272.70047,272.69958,272.70056
4957.5776,4957.5776,4957.5776,4957.5776,4957.5776,272.80112,272.79764,272.79993,272.79959,272.80008
4953.3594,4953.3594,4953.3594,4953.3594,4953.3594,272.89951,272.9007,272.90027,272.90073,272.90082
4949.1489,4949.1489,4949.1489,4949.1489,4949.1489,272.99695,272.99991,272.99588,273.00003,272.99988
4944.9375,4944.9375,4944.9375,4944.9375,4944.9375,273.10031,273.09201,273.09976,273.10022,273.10071
4940.7207,4940.7207,4940.7207,4940.7207,4940.7207,273.19153,273.20294,273.20068,273.19995,273.19958
4936.4976,4936.4976,4936.4976,4936.4976,4936.4976,273.30054,273.30011,273.30334,273.30087,273.2999
4932.2739,4932.2739,4932.2739,4932.2739,4932.2739,273.40067,273.4003,273.39963,273.40085,273.3999
4928.0576,4928.0576,4928.0576,4928.0576,4928.0576,273.50009,273.50027,273.50003,273.50018,273.50037
4923.8516,4923.8516,4923.8516,4923.8516,4923.8516,273.59955,273.60046,273.60291,273.60062,273.60028
4919.6582,4919.6582,4919.6582,4919.6582,4919.6582,273.70074,273.70062,273.70016,273.70081,273.69934
4915.4731,4915.4731,4915.4731,4915.4731,4915.4731,273.79959,273.79688,273.8002,273.80167,273.79971
4911.2944,4911.2944,4911.2944,4911.2944,4911.2944,273.89993,273.90268,273.90045,273.90021,273.90002
4907.1211,4907.1211,4907.1211,4907.1211,4907.1211,273.99939,274.00021,273.99988,274.00058,274.00113
4902.9526,4902.9526,4902.9526,4902.9526,4902.9526,274.10001,274.10013,274.10062,274.09995,274.09979
4898.7896,4898.7896,4898.7896,4898.7896,4898.7896,274.20178,274.20428,274.20084,274.20004,274.20044
4894.6333,4894.6333,4894.6333,4894.6333,4894.6333,274.29977,274.29974,274.29977,274.2995,274.3002
4890.4834,4890.4834,4890.4834,4890.4834,4890.4834,274.39984,274.39893,274.40005,274.40048,274.40018
4886.3403,4886.3403,4886.3403,4886.3403,4886.3403,274.50064,274.50018,274.50073,274.50027,274.50262
4882.2021,4882.2021,4882.2021,4882.2021,4882.2021,274.60049,274.60062,274.60016,274.6004,274.60431
4878.0684,4878.0684,4878.0684,4878.0684,4878.0684,274.70053,274.70004,274.7005,274.70016,274.69995
4873.938,4873.938,4873.938,4873.938,4873.938,274.80054,274.80038,274.7988,274.79898,274.80042
4869.812,4869.812,4869.812,4869.812,4869.812,274.89984,274.90091,274.90015,274.89908,274.90005
4865.6934,4865.6934,4865.6934,4865.6934,4865.6934,275.00012,275.00043,275.00003,274.99908,275.00061
4861.5854,4861.5854,4861.5854,4861.5854,4861.5854,275.10461,275.09964,275.10217,275.10056,275.10025
4857.4902,4857.4902,4857.4902,4857.4902,4857.4902,275.20041,275.19995,275.20029,275.19916,275.2002
4853.4077,4853.4077,4853.4077,4853.4077,4853.4077,275.30038,275.29953,275.30069,275.29987,275.30032
4849.334,4849.334,4849.334,4849.334,4849.334,275.40027,275.40036,275.39957,275.3999,275.39975
4845.2646,4845.2646,4845.2646,4845.2646,4845.2646,275.49963,275.49994,275.50073,275.49988,275.50021
4841.1953,4841.1953,4841.1953,4841.1953,4841.1953,275.59686,275.59979,275.59991,275.59991,275.60049
4837.1265,4837.1265,4837.1265,4837.1265,4837.1265,275.70007,275.69971,275.70102,275.70041,275.7002
4833.0581,4833.0581,4833.0581,4833.0581,4833.0581,275.79984,275.80008,275.80203,275.79996,275.80023
4828.9927,4828.9927,4828.9927,4828.9927,4828.9927,275.89993,275.90097,275.90027,275.89981,275.9003
4824.9321,4824.9321,4824.9321,4824.9321,4824.9321,275.99768,276.00018,276.00015,275.99957,276.00034
4820.877,4820.877,4820.877,4820.877,4820.877,276.10086,276.10007,276.09985,276.10031,276.09976
4816.8276,4816.8276,4816.8276,4816.8276,4816.8276,276.19995,276.20026,276.20026,276.20059,276.20013
4812.7856,4812.7856,4812.7856,4812.7856,4812.7856,276.29977,276.30026,276.30011,276.30072,276.3006
4808.751,4808.751,4808.751,4808.751,4808.751,276.40002,276.39734,276.39984,276.40085,276.40024
4804.7227,4804.7227,4804.7227,4804.7227,4804.7227,276.50052,276.50031,276.50003,276.50098,276.50119
4800.7007,4800.7007,4800.7007,4800.7007,4800.7007,276.5997,276.60031,276.60236,276.59976,276.59998
4796.6846,4796.6846,4796.6846,4796.6846,4796.6846,276.69943,276.69974,276.70013,276.70056,276.69983
4792.6748,4792.6748,4792.6748,4792.6748,4792.6748,276.80069,276.79999,276.80063,276.7999,276.79614
4788.6709,4788.6709,4788.6709,4788.6709,4788.6709,276.8999,276.90051,276.90012,276.89981,276.89978
4784.6738,4784.6738,4784.6738,4784.6738,4784.6738,277.00012,277.00232,276.99985,277.00027,277.00424
4780.6836,4780.6836,4780.6836,4780.6836,4780.6836,277.09988,277.10049,277.09998,277.09991,277.10025
4776.7012,4776.7012,4776.7012,4776.7012,4776.7012,277.20029,277.1994,277.2005,277.19424,277.20038
4772.7261,4772.7261,4772.7261,4772.7261,4772.7261,277.29916,277.29993,277.29999,277.30011,277.30017
4768.7583,4768.7583,4768.7583,4768.7583,4768.7583,277.40015,277.40009,277.39975,277.40012,277.39987
4764.7939,4764.7939,4764.7939,4764.7939,4764.7939,277.50024,277.49973,277.49991,277.50024,277.50009
4760.8315,4760.8315,4760.8315,4760.8315,4760.8315,277.59604,277.60019,277.59973,277.60016,277.6015
4756.8701,4756.8701,4756.8701,4756.8701,4756.8701,277.69977,277.69995,277.70016,277.69989,277.70065
4752.9106,4752.9106,4752.9106,4752.9106,4752.9106,277.7998,277.80023,277.80002,277.80115,277.80026
4748.9556,4748.9556,4748.9556,4748.9556,4748.9556,277.9007,277.89957,277.9003,277.89819,277.90018
4745.0093,4745.0093,4745.0093,4745.0093,4745.0093,278.00006,278.00027,277.9993,277.99936,277.99982
4741.0737,4741.0737,4741.0737,4741.0737,4741.0737,278.09964,278.10007,278.10043,278.09982,278.10037
4737.1494,4737.1494,4737.1494,4737.1494,4737.1494,278.20016,278.20047,278.19974,278.2001,278.2001
4733.2358,4733.2358,4733.2358,4733.2358,4733.2358,278.30075,278.30081,278.29315,278.29984,278.30005
4729.3315,4729.3315,4729.3315,4729.3315,4729.3315,278.39969,278.39941,278.40076,278.39758,278.40021
4725.4312,4725.4312,4725.4312,4725.4312,4725.4312,278.49936,278.50061,278.50211,278.50064,278.50024
4721.5293,4721.5293,4721.5293,4721.5293,4721.5293,278.59357,278.60028,278.5994,278.5997,278.60107
4717.6245,4717.6245,4717.6245,4717.6245,4717.6245,278.70029,278.70047,278.70035,278.69998,278.70062
4713.7183,4713.7183,4713.7183,4713.7183,4713.7183,278.79935,278.8002,278.79926,278.7998,278.79974
4709.8164,4709.8164,4709.8164,4709.8164,4709.8164,278.90021,278.9003,278.90015,278.90015,278.90073
4705.9219,4705.9219,4705.9219,4705.9219,4705.9219,279.00021,279.00055,278.99982,278.99915,279.00037
4702.0386,4702.0386,4702.0386,4702.0386,4702.0386,279.10034,279.1011,279.10089,279.10016,279.10046
4698.1641,4698.1641,4698.1641,4698.1641,4698.1641,279.19986,279.19983,279.19974,279.20074,279.20001
4694.2964,4694.2964,4694.2964,4694.2964,4694.2964,279.29965,279.30017,279.29965,279.29996,279.30035
4690.4351,4690.4351,4690.4351,4690.4351,4690.4351,279.39996,279.40045,279.40067,279.39984,279.4007
4686.5791,4686.5791,4686.5791,4686.5791,4686.5791,279.50082,279.50052,279.49969,279.4996,279.49951
4682.7285,4682.7285,4682.7285,4682.7285,4682.7285,279.5997,279.60355,279.60007,279.59796,279.60068
4678.8857,4678.8857,4678.8857,4678.8857,4678.8857,279.70007,279.70227,279.69714,279.69965,279.70053
4675.0493,4675.0493,4675.0493,4675.0493,4675.0493,279.80075,279.7998,279.79977,279.79959,279.80136
4671.2227,4671.2227,4671.2227,4671.2227,4671.2227,279.90009,279.89923,279.90039,279.8996,279.90027
4667.4043,4667.4043,4667.4043,4667.4043,4667.4043,280.00043,279.99625,280.00067,280.00021,280.00037
4663.5942,4663.5942,4663.5942,4663.5942,4663.5942,280.0994,280.10019,280.10077,280.09918,280.10049
4659.7886,4659.7886,4659.7886,4659.7886,4659.7886,280.20062,280.19952,280.19952,280.19995,280.19992
4655.9858,4655.9858,4655.9858,4655.9858,4655.9858,280.29581,280.29929,280.29974,280.30017,280.30188
4652.1826,4652.1826,4652.1826,4652.1826,4652.1826,280.39935,280.39966,280.40018,280.40033,280.39969
4648.3818,4648.3818,4648.3818,4648.3818,4648.3818,280.49982,280.49979,280.49359,280.50058,280.50018
4644.583,4644.583,4644.583,4644.583,4644.583,280.60037,280.59863,280.5968,280.60056,280.6011
4640.7905,4640.7905,4640.7905,4640.7905,4640.7905,280.69861,280.69974,280.70065,280.70032,280.6998
4637.0044,4637.0044,4637.0044,4637.0044,4637.0044,280.79987,280.79984,280.80017,280.79938,280.80011
4633.2256,4633.2256,4633.2256,4633.2256,4633.2256,280.90036,280.90021,280.89935,280.9003,280.89944
4629.4536,4629.4536,4629.4536,4629.4536,4629.4536,281.00061,281.00031,280.99997,281.00021,281.00034
4625.689,4625.689,4625.689,4625.689,4625.689,281.09973,281.10025,281.0994,281.09973,281.10046
4621.9316,4621.9316,4621.9316,4621.9316,4621.9316,281.20016,281.20013,281.20032,281.20151,281.20065
4618.1812,4618.1812,4618.1812,4618.1812,4618.1812,281.29999,281.29965,281.2995,281.30038,281.30054
4614.438,4614.438,4614.438,4614.438,4614.438,281.40094,281.3999,281.40091,281.39972,281.40079
4610.7017,4610.7017,4610.7017,4610.7017,4610.7017,281.49966,281.50073,281.50043,281.49976,281.50037
4606.9702,4606.9702,4606.9702,4606.9702,4606.9702,281.59967,281.59985,281.59976,281.59735,281.60001
4603.2437,4603.2437,4603.2437,4603.2437,4603.2437,281.69952,281.69962,281.7001,281.70044,281.70059
4599.5205,4599.5205,4599.5205,4599.5205,4599.5205,281.79987,281.79977,281.80078,281.80042,281.80048
4595.8018,4595.8018,4595.8018,4595.8018,4595.8018,281.89954,281.89984,281.90005,281.90002,281.90005
4592.0894,4592.0894,4592.0894,4592.0894,4592.0894,282.00006,282.00024,281.99933,281.99997,282.00061
4588.3838,4588.3838,4588.3838,4588.3838,4588.3838,282.10202,282.1004,282.10004,282.09665,282.10062
4584.686,4584.686,4584.686,4584.686,4584.686,282.19839,282.20029,282.20041,282.19226,282.19745
4580.9961,4580.9961,4580.9961,4580.9961,4580.9961,282.30051,282.30002,282.29984,282.30026,282.29959
4577.313,4577.313,4577.313,4577.313,4577.313,282.39868,282.40033,282.40051,282.40082,282.40039
4573.6372,4573.6372,4573.6372,4573.6372,4573.6372,282.50177,282.49948,282.49939,282.49286,282.50043
4569.9648,4569.9648,4569.9648,4569.9648,4569.9648,282.59982,282.6001,282.60086,282.60016,282.60052
4566.2954,4566.2954,4566.2954,4566.2954,4566.2954,282.69489,282.69958,282.69995,282.69989,282.6998
4562.627,4562.627,4562.627,4562.627,4562.627,282.80139,282.7998,282.79996,282.80054,282.80014
4558.9619,4558.9619,4558.9619,4558.9619,4558.9619,282.90005,282.90045,282.90082,282.90094,282.90063
4555.3018,4555.3018,4555.3018,4555.3018,4555.3018,283.00031,282.99927,283.00345,283.00031,283.00006
4551.6484,4551.6484,4551.6484,4551.6484,4551.6484,283.10001,283.10001,283.09933,283.09964,283.10071
4548.002,4548.002,4548.002,4548.002,4548.002,283.19971,283.20102,283.20032,283.19958,283.2001
4544.3623,4544.3623,4544.3623,4544.3623,4544.3623,283.30032,283.30035,283.30157,283.30426,283.30017
4540.729,4540.729,4540.729,4540.729,4540.729,283.401,283.40012,283.40048,283.4003,283.40042
4537.1021,4537.1021,4537.1021,4537.1021,4537.1021,283.50012,283.49954,283.5,283.49982,283.49969
4533.4819,4533.4819,4533.4819,4533.4819,4533.4819,283.60101,283.59964,283.60187,283.60025,283.60052
4529.8687,4529.8687,4529.8687,4529.8687,4529.8687,283.70023,283.7002,283.69989,283.7005,283.70074
4526.2607,4526.2607,4526.2607,4526.2607,4526.2607,283.80029,283.79935,283.7999,283.79956,283.79922
4522.6592,4522.6592,4522.6592,4522.6592,4522.6592,283.89987,283.89359,283.90018,283.89966,283.8996
4519.064,4519.064,4519.064,4519.064,4519.064,284.00171,284.00037,284.00003,284.00177,284.00162
4515.4775,4515.4775,4515.4775,4515.4775,4515.4775,284.10089,284.09998,284.10013,284.10046,284.10016
4511.8979,4511.8979,4511.8979,4511.8979,4511.8979,284.19962,284.19757,284.2005,284.19351,284.19189
4508.3242,4508.3242,4508.3242,4508.3242,4508.3242,284.3002,284.30023,284.29932,284.30005,284.3002
4504.7544,4504.7544,4504.7544,4504.7544,4504.7544,284.39972,284.401,284.40045,284.40012,284.39975
4501.1885,4501.1885,4501.1885,4501.1885,4501.1885,284.49951,284.50037,284.50052,284.50018,284.50168
4497.625,4497.625,4497.625,4497.625,4497.625,284.60034,284.59982,284.60034,284.60025,284.60059
4494.0669,4494.0669,4494.0669,4494.0669,4494.0669,284.70023,284.69989,284.70032,284.70023,284.70032
4490.5142,4490.5142,4490.5142,4490.5142,4490.5142,284.80011,284.80011,284.7995,284.80032,284.79977
4486.9683,4486.9683,4486.9683,4486.9683,4486.9683,284.90048,284.8999,284.90015,284.90005,284.89734
4483.4297,4483.4297,4483.4297,4483.4297,4483.4297,285,285.00171,285.00146,284.99521,284.99948
4479.8984,4479.8984,4479.8984,4479.8984,4479.8984,285.10156,285.10031,285.10071,285.10056,285.09964
4476.3745,4476.3745,4476.3745,4476.3745,4476.3745,285.19962,285.20386,285.19998,285.20084,285.20053
4472.8579,4472.8579,4472.8579,4472.8579,4472.8579,285.30008,285.30328,285.30005,285.29996,285.29276
4469.3472,4469.3472,4469.3472,4469.3472,4469.3472,285.39987,285.40048,285.40091,285.39987,285.39969
4465.8423,4465.8423,4465.8423,4465.8423,4465.8423,285.50049,285.49994,285.50018,285.50061,285.50009
4462.3433,4462.3433,4462.3433,4462.3433,4462.3433,285.59723,285.59967,285.60019,285.60025,285.60031
4458.8511,4458.8511,4458.8511,4458.8511,4458.8511,285.70236,285.69965,285.69821,285.70013,285.69965
4455.3682,4455.3682,4455.3682,4455.3682,4455.3682,285.7988,285.7998,285.79968,285.80008,285.7995
4451.8931,4451.8931,4451.8931,4451.8931,4451.8931,285.89941,285.8999,285.90045,285.90002,285.90015
4448.4219,4448.4219,4448.4219,4448.4219,4448.4219,285.99982,286.00104,286.00009,286.00024,286.00031
4444.9521,4444.9521,4444.9521,4444.9521,4444.9521,286.09372,286.10049,286.10001,286.10034,286.09973
4441.4819,4441.4819,4441.4819,4441.4819,4441.4819,286.20023,286.1994,286.1998,286.19977,286.19955
4438.0127,4438.0127,4438.0127,4438.0127,4438.0127,286.29605,286.29593,286.29971,286.29727,286.30014
4434.5498,4434.5498,4434.5498,4434.5498,4434.5498,286.40369,286.40018,286.40005,286.39911,286.39948
4431.0942,4431.0942,4431.0942,4431.0942,4431.0942,286.49942,286.49942,286.50024,286.49924,286.49997
4427.644,4427.644,4427.644,4427.644,4427.644,286.59451,286.60007,286.60141,286.60019,286.60059
4424.1987,4424.1987,4424.1987,4424.1987,4424.1987,286.7002,286.70023,286.70099,286.70041,286.70001
4420.7559,4420.7559,4420.7559,4420.7559,4420.7559,286.80005,286.79965,286.80124,286.80066,286.79974
4417.3179,4417.3179,4417.3179,4417.3179,4417.3179,286.89984,286.89969,286.90018,286.89264,286.89078
4413.8848,4413.8848,4413.8848,4413.8848,4413.8848,286.9996,287.00003,287.00085,286.99728,286.99942
4410.4575,4410.4575,4410.4575,4410.4575,4410.4575,287.10059,287.09949,287.10031,287.10019,287.10193
4407.0376,4407.0376,4407.0376,4407.0376,4407.0376,287.20013,287.19983,287.20074,287.20059,287.1998
4403.624,4403.624,4403.624,4403.624,4403.624,287.30066,287.30008,287.29984,287.29996,287.3002
4400.2207,4400.2207,4400.2207,4400.2207,4400.2207,287.40085,287.40134,287.40024,287.39954,287.40057
4396.8281,4396.8281,4396.8281,4396.8281,4396.8281,287.50323,287.5004,287.49991,287.49973,287.49646
4393.4497,4393.4497,4393.4497,4393.4497,4393.4497,287.60022,287.59918,287.59943,287.59976,287.59875
4390.0835,4390.0835,4390.0835,4390.0835,4390.0835,287.70038,287.70016,287.70023,287.69974,287.70023
4386.7261,4386.7261,4386.7261,4386.7261,4386.7261,287.7995,287.79959,287.79996,287.80054,287.80014
4383.3721,4383.3721,4383.3721,4383.3721,4383.3721,287.8999,287.89957,287.89914,287.89963,287.90039
4380.0156,4380.0156,4380.0156,4380.0156,4380.0156,287.99335,288.00015,287.99951,288.0011,287.99994
4376.6553,4376.6553,4376.6553,4376.6553,4376.6553,288.09857,288.10074,288.09357,288.10046,288.10068
4373.293,4373.293,4373.293,4373.293,4373.293,288.20004,288.19998,288.20071,288.20068,288.20053
4369.9331,4369.9331,4369.9331,4369.9331,4369.9331,288.29968,288.3002,288.30002,288.29953,288.30042
4366.5791,4366.5791,4366.5791,4366.5791,4366.5791,288.39902,288.39963,288.39709,288.3999,288.39999
4363.2324,4363.2324,4363.2324,4363.2324,4363.2324,288.50058,288.5004,288.49966,288.49979,288.5004
4359.8926,4359.8926,4359.8926,4359.8926,4359.8926,288.59918,288.60077,288.59769,288.59979,288.59949
4356.5601,4356.5601,4356.5601,4356.5601,4356.5601,288.70029,288.69965,288.69977,288.69971,288.69995
4353.2339,4353.2339,4353.2339,4353.2339,4353.2339,288.80112,288.7995,288.80002,288.79944,288.80042
4349.9165,4349.9165,4349.9165,4349.9165,4349.9165,288.90076,288.89948,288.89896,288.89999,288.90027
4346.6089,4346.6089,4346.6089,4346.6089,4346.6089,289.00128,289.00046,289.00021,288.99969,288.99988
4343.3096,4343.3096,4343.3096,4343.3096,4343.3096,289.10034,289.10434,289.10013,289.09991,289.10016
4340.019,4340.019,4340.019,4340.019,4340.019,289.1991,289.19986,289.20016,289.20026,289.19803
4336.7383,4336.7383,4336.7383,4336.7383,4336.7383,289.30176,289.29965,289.30035,289.29758,289.29666
4333.4648,4333.4648,4333.4648,4333.4648,4333.4648,289.40079,289.39941,289.3999,289.39865,289.401
4330.1968,4330.1968,4330.1968,4330.1968,4330.1968,289.49954,289.49997,289.48969,289.49991,289.50201
4326.9429,4326.9429,4326.9429,4326.9429,4326.9429,289.5936,289.59982,289.59961,289.60037,289.60019
4323.9287,4323.9287,4323.9287,4323.9287,4323.9287,289.70041,289.70081,289.70395,289.70013,289.70068
4323.1279,4323.1279,4323.1279,4323.1279,4323.1279,289.79962,289.80096,289.79797,289.80032,289.80136
4335.0015,4335.0015,4335.0015,4335.0015,4335.0015,289.90015,289.89993,289.89676,289.89929,289.90063
4397.7949,4397.7949,4397.7949,4397.7949,4397.7949,290.00024,290.00061,290.00128,290.00034,289.99234
4612.6772,4612.6772,4612.6772,4612.6772,4612.6772,290.09933,290.1001,290.10034,290.0997,290.10071
5176.0537,5176.0537,5176.0537,5176.0537,5176.0537,290.1994,290.1998,290.2009,290.19788,290.19617
6360.877,6360.877,6360.877,6360.877,6360.877,290.2995,290.30066,290.29651,290.30014,290.30011
8406.2383,8406.2383,8406.2383,8406.2383,8406.2383,290.40091,290.4007,290.39996,290.40063,290.39932
11350.25,11350.25,11350.25,11350.25,11350.25,290.50046,290.49966,290.50018,290.49954,290.49994
14928.953,14928.953,14928.953,14928.953,14928.953,290.60077,290.60031,290.59988,290.59958,290.60037
18649.701,18649.701,18649.701,18649.701,18649.701,290.70013,290.70016,290.70035,290.70081,290.70062
22009.287,22009.287,22009.287,22009.287,22009.287,290.80054,290.79971,290.79971,290.80008,290.80032
24700.857,24700.857,24700.857,24700.857,24700.857,290.89999,290.90005,290.90009,290.8996,290.89877
26676.186,26676.186,26676.186,26676.186,26676.186,291.00235,291.00052,290.99991,290.99759,291.0025
28065.094,28065.094,28065.094,28065.094,28065.094,291.10242,291.09937,291.10083,291.09891,291.09274
29051.049,29051.049,29051.049,29051.049,29051.049,291.19971,291.19931,291.19998,291.19952,291.19958
29787.994,29787.994,29787.994,29787.994,29787.994,291.3002,291.30002,291.29306,291.29977,291.29654
30375.918,30375.918,30375.918,30375.918,30375.918,291.40002,291.40024,291.40036,291.40097,291.39957
30870.053,30870.053,30870.053,30870.053,30870.053,291.50046,291.50031,291.49991,291.50049,291.5014
31297.975,31297.975,31297.975,31297.975,31297.975,291.60095,291.60004,291.59998,291.60077,291.60013
31673.25,31673.25,31673.25,31673.25,31673.25,291.70013,291.70288,291.70026,291.70023,291.69992
32004.41,32004.41,32004.41,32004.41,32004.41,291.80026,291.79968,291.80145,291.79971,291.80048
32301.381,32301.381,32301.381,32301.381,32301.381,291.90045,291.90033,291.90134,291.89941,291.9003
32580.922,32580.922,32580.922,32580.922,32580.922,292.00006,291.99985,292.00003,292.00049,292.00171
32869.098,32869.098,32869.098,32869.098,32869.098,292.10004,292.10004,292.10068,292.09937,292.10037
33195.504,33195.504,33195.504,33195.504,33195.504,292.20038,292.20023,292.19971,292.20016,292.20032
33576.969,33576.969,33576.969,33576.969,33576.969,292.2998,292.30038,292.29959,292.29984,292.29968
33999.547,33999.547,33999.547,33999.547,33999.547,292.39737,292.39838,292.39896,292.40067,292.39801
34415.984,34415.984,34415.984,34415.984,34415.984,292.50034,292.50052,292.49936,292.50021,292.50006
34766.965,34766.965,34766.965,34766.965,34766.965,292.60062,292.60046,292.60074,292.60025,292.59982
35012.477,35012.477,35012.477,35012.477,35012.477,292.70013,292.70139,292.69983,292.70065,292.70016
35149.215,35149.215,35149.215,35149.215,35149.215,292.79965,292.80045,292.79993,292.80063,292.80002
35203.215,35203.215,35203.215,35203.215,35203.215,292.90036,292.90012,292.90036,292.89453,292.89984
35208.953,35208.953,35208.953,35208.953,35208.953,292.99969,293.00021,292.99857,293.00073,292.99985
35192.969,35192.969,35192.969,35192.969,35192.969,293.10001,293.09991,293.09991,293.10059,293.09988
35169.535,35169.535,35169.535,35169.535,35169.535,293.19943,293.19928,293.20023,293.19955,293.19968
35144.215,35144.215,35144.215,35144.215,35144.215,293.29971,293.30014,293.30054,293.29996,293.29947
35118.57,35118.57,35118.57,35118.57,35118.57,293.39993,293.39975,293.4003,293.39993,293.39993
35092.902,35092.902,35092.902,35092.902,35092.902,293.50021,293.50082,293.49954,293.50061,293.50034
35067.262,35067.262,35067.262,35067.262,35067.262,293.59995,293.59964,293.60031,293.60004,293.59879
35041.641,35041.641,35041.641,35041.641,35041.641,293.70007,293.7002,293.69998,293.7001,293.70065
35016.043,35016.043,35016.043,35016.043,35016.043,293.80042,293.80042,293.80029,293.79953,293.80017
34990.469,34990.469,34990.469,34990.469,34990.469,293.89975,293.90106,293.90021,293.89755,293.89993
34964.91,34964.91,34964.91,34964.91,34964.91,293.99985,294.00009,293.99985,294.00073,293.99741
34939.375,34939.375,34939.375,34939.375,34939.375,294.10028,294.10019,294.09976,294.09967,294.09946
34913.863,34913.863,34913.863,34913.863,34913.863,294.20013,294.19992,294.20047,294.20032,294.20013
34888.379,34888.379,34888.379,34888.379,34888.379,294.30048,294.29993,294.29993,294.29962,294.30078
34862.918,34862.918,34862.918,34862.918,34862.918,294.39993,294.40027,294.39981,294.40015,294.39984
34837.484,34837.484,34837.484,34837.484,34837.484,294.49976,294.49475,294.49957,294.50159,294.50333
34812.062,34812.062,34812.062,34812.062,34812.062,294.5997,294.59933,294.60034,294.60056,294.60025
34786.652,34786.652,34786.652,34786.652,34786.652,294.69986,294.70074,294.70007,294.70016,294.68698
34761.258,34761.258,34761.258,34761.258,34761.258,294.79984,294.80081,294.80008,294.80008,294.80099
34735.875,34735.875,34735.875,34735.875,34735.875,294.89969,294.90231,294.90015,294.90158,294.9003
34710.504,34710.504,34710.504,34710.504,34710.504,295.00009,295.00055,295.00073,294.99939,295
34685.152,34685.152,34685.152,34685.152,34685.152,295.10019,295.10059,295.1001,295.10049,295.09946
34659.82,34659.82,34659.82,34659.82,34659.82,295.20001,295.20016,295.20032,295.20016,295.20038
34634.516,34634.516,34634.516,34634.516,34634.516,295.30029,295.3002,295.29996,295.29205,295.29974
34609.227,34609.227,34609.227,34609.227,34609.227,295.40012,295.39996,295.39944,295.40076,295.40063
34583.969,34583.969,34583.969,34583.969,34583.969,295.50082,295.49918,295.50116,295.50052,295.49933
34558.727,34558.727,34558.727,34558.727,34558.727,295.59973,295.6004,295.59982,295.6008,295.60062
34533.512,34533.512,34533.512,34533.512,34533.512,295.70047,295.69882,295.70047,295.70117,295.70056
34508.316,34508.316,34508.316,34508.316,34508.316,295.80038,295.80017,295.80112,295.80087,295.80011
34483.145,34483.145,34483.145,34483.145,34483.145,295.90036,295.90054,295.90131,295.90063,295.8999
34457.988,34457.988,34457.988,34457.988,34457.988,296.00003,296.00082,295.99945,296.00061,295.99963
34432.855,34432.855,34432.855,34432.855,34432.855,296.10062,296.10013,296.09973,296.09979,296.09979
34407.742,34407.742,34407.742,34407.742,34407.742,296.2001,296.19983,296.2002,296.20062,296.20007
34382.645,34382.645,34382.645,34382.645,34382.645,296.30011,296.30042,296.30066,296.30048,296.30099
34357.566,34357.566,34357.566,34357.566,34357.566,296.40039,296.40375,296.40039,296.39954,296.40027
34332.516,34332.516,34332.516,34332.516,34332.516,296.5004,296.5004,296.50037,296.5015,296.50037
34307.5,34307.5,34307.5,34307.5,34307.5,296.60098,296.5997,296.60046,296.60013,296.6008
34282.516,34282.516,34282.516,34282.516,34282.516,296.70016,296.702,296.69998,296.70035,296.69974
34257.566,34257.566,34257.566,34257.566,34257.566,296.79971,296.80035,296.79941,296.79959,296.8006
34232.629,34232.629,34232.629,34232.629,34232.629,296.90042,296.89938,296.90421,296.90005,296.90048
34207.707,34207.707,34207.707,34207.707,34207.707,296.99847,297.00024,296.99979,296.99957,297.00037
34182.777,34182.777,34182.777,34182.777,34182.777,297.09918,297.10077,297.10007,297.0997,297.10059
34157.855,34157.855,34157.855,34157.855,34157.855,297.20001,297.19824,297.1998,297.20087,297.19977
34132.945,34132.945,34132.945,34132.945,34132.945,297.2999,297.29993,297.29929,297.30072,297.30029
34108.078,34108.078,34108.078,34108.078,34108.078,297.3999,297.39963,297.39951,297.39996,297.39996
34083.25,34083.25,34083.25,34083.25,34083.25,297.50034,297.50027,297.50052,297.50049,297.49591
34058.449,34058.449,34058.449,34058.449,34058.449,297.60071,297.60043,297.60059,297.6001,297.59991
34033.66,34033.66,34033.66,34033.66,34033.66,297.69623,297.69989,297.69775,297.69525,297.69516
34008.879,34008.879,34008.879,34008.879,34008.879,297.80008,297.80042,297.80026,297.79959,297.79941
33984.098,33984.098,33984.098,33984.098,33984.098,297.89944,297.89996,297.90015,297.90082,297.89948
33959.324,33959.324,33959.324,33959.324,33959.324,297.99936,297.99997,297.99991,298.00055,298.00009
33934.555,33934.555,33934.555,33934.555,33934.555,298.10004,298.09976,298.09949,298.10052,298.09949
33909.797,33909.797,33909.797,33909.797,33909.797,298.19833,298.20062,298.20047,298.19989,298.20102
33885.055,33885.055,33885.055,33885.055,33885.055,298.30032,298.30374,298.30066,298.29965,298.3002
33860.32,33860.32,33860.32,33860.32,33860.32,298.40012,298.40088,298.39972,298.392,298.39963
33835.613,33835.613,33835.613,33835.613,33835.613,298.50043,298.49335,298.49985,298.50018,298.49973
33810.945,33810.945,33810.945,33810.945,33810.945,298.60089,298.59863,298.59915,298.6026,298.60052
33786.324,33786.324,33786.324,33786.324,33786.324,298.70123,298.6998,298.70129,298.70035,298.7005
33761.742,33761.742,33761.742,33761.742,33761.742,298.80133,298.80048,298.79984,298.80054,298.80011
33737.195,33737.195,33737.195,33737.195,33737.195,298.89905,298.90063,298.90082,298.89929,298.90063
33712.664,33712.664,33712.664,33712.664,33712.664,298.99979,299.0036,298.99966,299.00012,299.0015
33688.137,33688.137,33688.137,33688.137,33688.137,299.10022,299.10037,299.09967,299.10022,299.10001
33663.617,33663.617,33663.617,33663.617,33663.617,299.20068,299.19943,299.19928,299.20059,299.20062
33639.113,33639.113,33639.113,33639.113,33639.113,299.30045,299.29999,299.29996,299.30045,299.30115
33614.625,33614.625,33614.625,33614.625,33614.625,299.39975,299.40115,299.40161,299.40009,299.40103
33590.152,33590.152,33590.152,33590.152,33590.152,299.50031,299.50079,299.50024,299.49927,299.49924
33565.695,33565.695,33565.695,33565.695,33565.695,299.60004,299.60013,299.60004,299.60016,299.60007
33541.254,33541.254,33541.254,33541.254,33541.254,299.702,299.69928,299.69937,299.69986,299.70938
33516.848,33516.848,33516.848,33516.848,33516.848,299.79922,299.7981,299.80072,299.79541,299.79984
33492.469,33492.469,33492.469,33492.469,33492.469,299.90167,299.8992,299.90021,299.89957,299.90042
33468.141,33468.141,33468.141,33468.141,33468.141,300.00046,300.00107,300.00061,300.00058,300.00018
33443.867,33443.867,33443.867,33443.867,33443.867,300.10086,300.09946,300.09995,300.10001,300.10016
33419.641,33419.641,33419.641,33419.641,33419.641,300.20163,300.20099,300.20078,300.19995,300.20044
33395.438,33395.438,33395.438,33395.438,33395.438,300.30023,300.30167,300.30045,300.30054,300.29187
33371.215,33371.215,33371.215,33371.215,33371.215,300.39304,300.39951,300.40103,300.40012,300.40085
33346.961,33346.961,33346.961,33346.961,33346.961,300.50119,300.49979,300.50055,300.50067,300.50073
33322.676,33322.676,33322.676,33322.676,33322.676,300.59973,300.5957,300.59952,300.60056,300.60019
33298.395,33298.395,33298.395,33298.395,33298.395,300.69931,300.6994,300.69928,300.6972,300.70016
33274.129,33274.129,33274.129,33274.129,33274.129,300.80084,300.79892,300.80014,300.80014,300.80054
33249.902,33249.902,33249.902,33249.902,33249.902,300.90042,300.90009,300.90137,300.90097,300.89999
33225.73,33225.73,33225.73,33225.73,33225.73,300.99988,301.00085,301.00058,301.00027,301.00034
33201.605,33201.605,33201.605,33201.605,33201.605,301.10165,301.09995,301.09998,301.10065,301.09967
33177.527,33177.527,33177.527,33177.527,33177.527,301.19989,301.19983,301.20096,301.20007,301.20044
33153.469,33153.469,33153.469,33153.469,33153.469,301.30029,301.30075,301.30109,301.29996,301.29846
33129.43,33129.43,33129.43,33129.43,33129.43,301.39828,301.39642,301.39993,301.39899,301.39981
33105.387,33105.387,33105.387,33105.387,33105.387,301.49979,301.49985,301.50009,301.49231,301.49963
33081.344,33081.344,33081.344,33081.344,33081.344,301.59937,301.60019,301.60025,301.60056,301.59985
33057.312,33057.312,33057.312,33057.312,33057.312,301.6998,301.70029,301.70053,301.7002,301.69751
33033.32,33033.32,33033.32,33033.32,33033.32,301.80054,301.80087,301.79999,301.79953,301.79941
33009.363,33009.363,33009.363,33009.363,33009.363,301.89999,301.90051,301.90381,301.89993,301.90128
32985.438,32985.438,32985.438,32985.438,32985.438,302.00009,301.99988,302.00015,302.00012,301.99982
32961.527,32961.527,32961.527,32961.527,32961.527,302.09958,302.10101,302.10025,302.10406,302.10028
32937.617,32937.617,32937.617,32937.617,32937.617,302.19623,302.20038,302.19855,302.2016,302.20032
32913.691,32913.691,32913.691,32913.691,32913.691,302.30026,302.30002,302.29141,302.29971,302.30255
32889.77,32889.77,32889.77,32889.77,32889.77,302.40036,302.40002,302.39987,302.40054,302.40067
32865.867,32865.867,32865.867,32865.867,32865.867,302.50024,302.49997,302.49689,302.49997,302.49924
32841.996,32841.996,32841.996,32841.996,32841.996,302.60004,302.60013,302.60022,302.6026,302.59976
32818.168,32818.168,32818.168,32818.168,32818.168,302.70032,302.70074,302.70096,302.70126,302.71054
32794.367,32794.367,32794.367,32794.367,32794.367,302.80005,302.79974,302.79922,302.80051,302.79889
32770.602,32770.602,32770.602,32770.602,32770.602,302.89972,302.9003,302.90024,302.90015,302.9007
32746.852,32746.852,32746.852,32746.852,32746.852,302.99988,302.99985,303.00159,303.00052,302.99973
32723.119,32723.119,32723.119,32723.119,32723.119,303.1011,303.09848,303.09949,303.09985,303.09409
32699.375,32699.375,32699.375,32699.375,32699.375,303.20059,303.20084,303.20084,303.1994,303.19925
32675.604,32675.604,32675.604,32675.604,32675.604,303.29617,303.30035,303.30029,303.30048,303.29901
32651.803,32651.803,32651.803,32651.803,32651.803,303.40015,303.39975,303.39999,303.39914,303.40015
32628.018,32628.018,32628.018,32628.018,32628.018,303.49988,303.49985,303.49692,303.49966,303.50012
32604.311,32604.311,32604.311,32604.311,32604.311,303.61163,303.59644,303.59998,303.60034,303.60004
32580.713,32580.713,32580.713,32580.713,32580.713,303.69962,303.70056,303.70029,303.69983,303.70029
32557.205,32557.205,32557.205,32557.205,32557.205,303.80023,303.80115,303.80066,303.7998,303.80066
32533.732,32533.732,32533.732,32533.732,32533.732,303.89999,303.90063,303.89957,303.89999,303.89944
32510.252,32510.252,32510.252,32510.252,32510.252,303.99875,304.00034,303.99673,303.99921,303.99915
32486.75,32486.75,32486.75,32486.75,32486.75,304.10046,304.09909,304.09967,304.09827,304.10083
32463.236,32463.236,32463.236,32463.236,32463.236,304.20187,304.19925,304.20081,304.19995,304.20016
32439.734,32439.734,32439.734,32439.734,32439.734,304.29999,304.29858,304.30048,304.30032,304.30014
32416.252,32416.252,32416.252,32416.252,32416.252,304.39954,304.39932,304.40018,304.39688,304.39944
32392.783,32392.783,32392.783,32392.783,32392.783,304.50003,304.50009,304.49945,304.49988,304.50018
32369.336,32369.336,32369.336,32369.336,32369.336,304.60126,304.60062,304.60019,304.60059,304.60074
32345.916,32345.916,32345.916,32345.916,32345.916,304.70065,304.69916,304.70349,304.69995,304.69962
32322.52,32322.52,32322.52,32322.52,32322.52,304.80057,304.79977,304.80011,304.80032,304.79993
32299.148,32299.148,32299.148,32299.148,32299.148,304.89996,304.89966,304.89948,304.90045,304.89944
32275.789,32275.789,32275.789,32275.789,32275.789,305.00049,305.00015,305.00037,304.99744,304.99994
32252.447,32252.447,32252.447,32252.447,32252.447,305.09946,305.10016,305.10059,305.09995,305.10016
32229.123,32229.123,32229.123,32229.123,32229.123,305.2009,305.20096,305.19983,305.19971,305.20007
32205.83,32205.83,32205.83,32205.83,32205.83,305.30148,305.30066,305.3009,305.3002,305.30023
32182.574,32182.574,32182.574,32182.574,32182.574,305.40021,305.40146,305.401,305.39587,305.40048
32159.369,32159.369,32159.369,32159.369,32159.369,305.49976,305.50034,305.49707,305.49991,305.49985
32136.207,32136.207,32136.207,32136.207,32136.207,305.60031,305.60037,305.60019,305.60172,305.59955
32113.08,32113.08,32113.08,32113.08,32113.08,305.70032,305.69968,305.69662,305.69965,305.7001
32089.957,32089.957,32089.957,32089.957,32089.957,305.80048,305.79984,305.80008,305.80078,305.80145
32066.814,32066.814,32066.814,32066.814,32066.814,305.89221,305.90067,305.90817,305.90039,305.90033
32043.635,32043.635,32043.635,32043.635,32043.635,306.00064,306.00079,306.00043,305.99997,306.00055
32020.43,32020.43,32020.43,32020.43,32020.43,306.09961,306.10071,306.0994,306.10068,306.09976
31997.227,31997.227,31997.227,31997.227,31997.227,306.2002,306.20081,306.20096,306.19992,306.20004
31974.051,31974.051,31974.051,31974.051,31974.051,306.30011,306.29767,306.2998,306.29996,306.2988
31950.912,31950.912,31950.912,31950.912,31950.912,306.39987,306.39981,306.40073,306.40051,306.39951
31927.818,31927.818,31927.818,31927.818,31927.818,306.50037,306.50275,306.50018,306.4982,306.49991
31904.764,31904.764,31904.764,31904.764,31904.764,306.60092,306.59415,306.59991,306.60001,306.60046
31881.75,31881.75,31881.75,31881.75,31881.75,306.70078,306.70062,306.6998,306.6998,306.69998
31858.775,31858.775,31858.775,31858.775,31858.775,306.80054,306.80057,306.79413,306.80026,306.79913
31835.822,31835.822,31835.822,31835.822,31835.822,306.8996,306.89951,306.90009,306.90405,306.901
31812.885,31812.885,31812.885,31812.885,31812.885,307.00009,307.0011,307.00034,307.00018,307.00027
31789.953,31789.953,31789.953,31789.953,31789.953,307.09909,307.10092,307.09979,307.09802,307.10001
31767.027,31767.027,31767.027,31767.027,31767.027,307.19952,307.20023,307.20126,307.20044,307.20026
31744.115,31744.115,31744.115,31744.115,31744.115,307.30051,307.29993,307.30026,307.29993,307.30042
31721.227,31721.227,31721.227,31721.227,31721.227,307.40158,307.40109,307.40002,307.40079,307.39948
31698.357,31698.357,31698.357,31698.357,31698.357,307.5004,307.49335,307.49585,307.50284,307.5004
31675.504,31675.504,31675.504,31675.504,31675.504,307.59689,307.60028,307.59998,307.60037,307.60043
31652.666,31652.666,31652.666,31652.666,31652.666,307.70047,307.70132,307.69812,307.70065,307.70074
31629.857,31629.857,31629.857,31629.857,31629.857,307.80304,307.80045,307.80344,307.80017,307.80045
31607.09,31607.09,31607.09,31607.09,31607.09,307.90039,307.89951,307.90005,307.90048,307.90039
31584.365,31584.365,31584.365,31584.365,31584.365,308.0004,307.99924,308.00003,307.99991,308.00098
31561.664,31561.664,31561.664,31561.664,31561.664,308.09796,308.0993,308.10004,308.10037,308.10077
31538.969,31538.969,31538.969,31538.969,31538.969,308.2002,308.20032,308.19998,308.2002,308.19907
31516.266,31516.266,31516.266,31516.266,31516.266,308.29919,308.29996,308.3006,308.30078,308.29614
31493.559,31493.559,31493.559,31493.559,31493.559,308.39978,308.4007,308.40042,308.40039,308.40005
31470.854,31470.854,31470.854,31470.854,31470.854,308.50018,308.50046,308.49887,308.50006,308.50031
31448.16,31448.16,31448.16,31448.16,31448.16,308.60037,308.60025,308.60071,308.60028,308.60004
31425.49,31425.49,31425.49,31425.49,31425.49,308.70047,308.69977,308.70038,308.70004,308.70023
31402.857,31402.857,31402.857,31402.857,31402.857,308.80063,308.80066,308.80106,308.80023,308.79993
31380.264,31380.264,31380.264,31380.264,31380.264,308.90237,308.8996,308.90033,308.89969,308.90045
31357.713,31357.713,31357.713,31357.713,31357.713,309.00034,309.00027,309.00049,309.00034,309.00012
31335.195,31335.195,31335.195,31335.195,31335.195,309.10046,309.09982,309.10043,309.10077,309.09625
31312.699,31312.699,31312.699,31312.699,31312.699,309.20032,309.19989,309.20001,309.19986,309.20456
31290.217,31290.217,31290.217,31290.217,31290.217,309.29953,309.2995,309.30054,309.30023,309.29993
31267.746,31267.746,31267.746,31267.746,31267.746,309.40137,309.40063,309.3999,309.40002,309.39999
31245.293,31245.293,31245.293,31245.293,31245.293,309.49994,309.50034,309.49994,309.496,309.49927
31222.861,31222.861,31222.861,31222.861,31222.861,309.6004,309.60175,309.60004,309.59979,309.5997
31200.449,31200.449,31200.449,31200.449,31200.449,309.69986,309.70078,309.70032,309.70023,309.7002
31178.055,31178.055,31178.055,31178.055,31178.055,309.80081,309.80045,309.80093,309.7998,309.79971
31155.68,31155.68,31155.68,31155.68,31155.68,309.8999,309.90039,309.90073,309.89984,309.90054
31133.316,31133.316,31133.316,31133.316,31133.316,309.99973,310.00098,310.00006,310.00012,310.00061
31110.963,31110.963,31110.963,31110.963,31110.963,310.09982,310.10013,310.0993,310.09979,310.10086
31088.631,31088.631,31088.631,31088.631,31088.631,310.2012,310.20023,310.20227,310.1998,310.20035
31066.326,31066.326,31066.326,31066.326,31066.326,310.29919,310.30252,310.30011,310.29922,310.2998
31044.051,31044.051,31044.051,31044.051,31044.051,310.40222,310.39972,310.40027,310.39996,310.40021
31021.811,31021.811,31021.811,31021.811,31021.811,310.49918,310.50009,310.50064,310.5004,310.5011
30999.6,30999.6,30999.6,30999.6,30999.6,310.6004,310.60052,310.59778,310.60001,310.60001
30977.408,30977.408,30977.408,30977.408,30977.408,310.69925,310.7005,310.70035,310.69949,310.70142
30955.225,30955.225,30955.225,30955.225,30955.225,310.80005,310.80057,310.80035,310.79834,310.80057
30933.037,30933.037,30933.037,30933.037,30933.037,310.89984,310.89999,310.89951,310.89777,310.89987
30910.848,30910.848,30910.848,30910.848,30910.848,310.99786,311.00064,311.00034,311.00055,310.99939
30888.668,30888.668,30888.668,30888.668,30888.668,311.10034,311.10062,311.10016,311.10239,311.10031
30866.512,30866.512,30866.512,30866.512,30866.512,311.20251,311.18823,311.2002,311.19989,311.20029
30844.391,30844.391,30844.391,30844.391,30844.391,311.29977,311.30002,311.30197,311.3002,311.30112
30822.303,30822.303,30822.303,30822.303,30822.303,311.40054,311.39954,311.3989,311.39984,311.39911
30800.24,30800.24,30800.24,30800.24,30800.24,311.49945,311.50024,311.4996,311.49936,311.50031
30778.201,30778.201,30778.201,30778.201,30778.201,311.60056,311.60059,311.60031,311.60028,311.59949
30756.184,30756.184,30756.184,30756.184,30756.184,311.70084,311.70062,311.70032,311.70071,311.70193
30734.189,30734.189,30734.189,30734.189,30734.189,311.79996,311.79904,311.80096,311.80029,311.8006
30712.229,30712.229,30712.229,30712.229,30712.229,311.90039,311.90009,311.90021,311.90036,311.89966
30690.305,30690.305,30690.305,30690.305,30690.305,312.00027,312,311.99997,312.00027,311.99954
30668.414,30668.414,30668.414,30668.414,30668.414,312.10089,312.10025,312.09677,312.09637,312.10037
30646.533,30646.533,30646.533,30646.533,30646.533,312.19925,312.20078,312.20016,312.20255,312.20099
30624.65,30624.65,30624.65,30624.65,30624.65,312.29636,312.29486,312.29514,312.30045,312.30319
30602.754,30602.754,30602.754,30602.754,30602.754,312.40079,312.4003,312.40076,312.39996,312.40048
30580.848,30580.848,30580.848,30580.848,30580.848,312.49899,312.50037,312.49918,312.49704,312.50064
30558.955,30558.955,30558.955,30558.955,30558.955,312.59998,312.6008,312.60266,312.59988,312.59637
30537.098,30537.098,30537.098,30537.098,30537.098,312.70184,312.69992,312.70081,312.70035,312.70007
30515.283,30515.283,30515.283,30515.283,30515.283,312.80008,312.79941,312.79984,312.80127,312.80063
30493.52,30493.52,30493.52,30493.52,30493.52,312.89999,312.90036,312.90002,312.89987,312.8989
30471.789,30471.789,30471.789,30471.789,30471.789,313.00015,313.00287,312.99973,312.99313,313.00015
30450.092,30450.092,30450.092,30450.092,30450.092,313.09875,313.10022,313.10181,313.10162,313.10199
30428.422,30428.422,30428.422,30428.422,30428.422,313.20013,313.20013,313.19778,313.19986,313.20081
30406.771,30406.771,30406.771,30406.771,30406.771,313.29984,313.30075,313.30063,313.29993,313.3017
30385.135,30385.135,30385.135,30385.135,30385.135,313.40024,313.40067,313.40076,313.39954,313.40002
30363.494,30363.494,30363.494,30363.494,30363.494,313.49423,313.50095,313.49371,313.50009,313.50064
30341.844,30341.844,30341.844,30341.844,30341.844,313.59995,313.59985,313.59964,313.60004,313.60037
30320.182,30320.182,30320.182,30320.182,30320.182,313.70078,313.69824,313.70038,313.69925,313.69983
30298.521,30298.521,30298.521,30298.521,30298.521,313.79709,313.79874,313.80182,313.80057,313.7998
30276.877,30276.877,30276.877,30276.877,30276.877,313.90048,313.90295,313.90125,313.89319,313.89981
30255.258,30255.258,30255.258,30255.258,30255.258,314.00021,314.00043,313.99957,314.00089,314.00031
30233.67,30233.67,30233.67,30233.67,30233.67,314.10019,314.10052,314.10016,314.10025,314.10059
30212.115,30212.115,30212.115,30212.115,30212.115,314.20059,314.20142,314.19943,314.198,314.20026
30190.59,30190.59,30190.59,30190.59,30190.59,314.30002,314.29996,314.30142,314.30103,314.29663
30169.092,30169.092,30169.092,30169.092,30169.092,314.40009,314.3999,314.39868,314.40088,314.40067
30147.627,30147.627,30147.627,30147.627,30147.627,314.50085,314.49973,314.50067,314.50034,314.49994
30126.191,30126.191,30126.191,30126.191,30126.191,314.60147,314.59439,314.60046,314.59949,314.59988
30104.781,30104.781,30104.781,30104.781,30104.781,314.69949,314.70068,314.70007,314.69962,314.69986
30083.385,30083.385,30083.385,30083.385,30083.385,314.79922,314.80072,314.80054,314.80066,314.80011
30062,30062,30062,30062,30062,314.90057,314.8989,314.90073,314.90002,314.90027
30040.629,30040.629,30040.629,30040.629,30040.629,315.00037,314.99976,314.99957,314.99738,315.00015
30019.273,30019.273,30019.273,30019.273,30019.273,315.10046,315.1004,315.10019,315.09659,315.09943
29997.941,29997.941,29997.941,29997.941,29997.941,315.20029,315.20013,315.20013,315.20044,315.20032
29976.639,29976.639,29976.639,29976.639,29976.639,315.30045,315.29941,315.30127,315.30008,315.30032
29955.361,29955.361,29955.361,29955.361,29955.361,315.40051,315.40109,315.40073,315.40009,315.39957
29934.109,29934.109,29934.109,29934.109,29934.109,315.50018,315.50085,315.49939,315.49841,315.49976
29912.885,29912.885,29912.885,29912.885,29912.885,315.59976,315.60025,315.60056,315.60089,315.60162
29891.701,29891.701,29891.701,29891.701,29891.701,315.70071,315.7009,315.69952,315.70309,315.69992
29870.555,29870.555,29870.555,29870.555,29870.555,315.79974,315.79898,315.80014,315.79764,315.79984
29849.445,29849.445,29849.445,29849.445,29849.445,315.90005,315.90054,315.90067,315.90042,315.89984
29828.355,29828.355,29828.355,29828.355,29828.355,316.00015,315.99976,316.00015,316.00095,315.99976
29807.256,29807.256,29807.256,29807.256,29807.256,316.09613,316.09909,316.09982,316.09866,316.10046
29786.125,29786.125,29786.125,29786.125,29786.125,316.19501,316.20059,316.19736,316.19977,316.19937
29764.961,29764.961,29764.961,29764.961,29764.961,316.30109,316.3002,316.30045,316.29987,316.30069
29743.793,29743.793,29743.793,29743.793,29743.793,316.39975,316.40039,316.39999,316.40021,316.39975
29722.656,29722.656,29722.656,29722.656,29722.656,316.50104,316.50037,316.5011,316.49982,316.50064
29701.568,29701.568,29701.568,29701.568,29701.568,316.60028,316.60019,316.60083,316.60092,316.60016
29680.523,29680.523,29680.523,29680.523,29680.523,316.69943,316.69989,316.69571,316.69943,316.70016
29659.516,29659.516,29659.516,29659.516,29659.516,316.7998,316.79971,316.80032,316.7998,316.80096
29638.529,29638.529,29638.529,29638.529,29638.529,316.90033,316.90063,316.89969,316.90036,316.90015
29617.559,29617.559,29617.559,29617.559,29617.559,317.00024,316.99591,317.00012,316.99744,317.00098
29596.607,29596.607,29596.607,29596.607,29596.607,317.09995,317.10034,317.09912,317.10034,317.09998
29575.672,29575.672,29575.672,29575.672,29575.672,317.19995,317.20044,317.19992,317.20062,317.20056
29554.752,29554.752,29554.752,29554.752,29554.752,317.29993,317.29993,317.2998,317.30087,317.29987
29533.854,29533.854,29533.854,29533.854,29533.854,317.40057,317.4006,317.39606,317.40137,317.40021
29512.979,29512.979,29512.979,29512.979,29512.979,317.5007,317.49854,317.50079,317.49982,317.50244
29492.125,29492.125,29492.125,29492.125,29492.125,317.60013,317.59656,317.60181,317.59891,317.60095
29471.285,29471.285,29471.285,29471.285,29471.285,317.70053,317.6973,317.70059,317.70081,317.69769
29450.455,29450.455,29450.455,29450.455,29450.455,317.79974,317.80017,317.80011,317.80023,317.80048
29429.635,29429.635,29429.635,29429.635,29429.635,317.90009,317.90082,317.90359,317.90054,317.89954
29408.838,29408.838,29408.838,29408.838,29408.838,318.00037,317.9982,317.99652,317.99658,318.00058
29388.084,29388.084,29388.084,29388.084,29388.084,318.10452,318.09723,318.07037,318.10037,318.10056
29367.387,29367.387,29367.387,29367.387,29367.387,318.2001,318.19989,318.19998,318.20062,318.1991
29346.732,29346.732,29346.732,29346.732,29346.732,318.29996,318.30389,318.3009,318.29813,318.29703
29326.107,29326.107,29326.107,29326.107,29326.107,318.3999,318.39896,318.39996,318.40009,318.40005
29305.496,29305.496,29305.496,29305.496,29305.496,318.49985,318.50003,318.49997,318.49976,318.49973
29284.889,29284.889,29284.889,29284.889,29284.889,318.59933,318.59995,318.59991,318.60083,318.59766
29264.289,29264.289,29264.289,29264.289,29264.289,318.69934,318.70004,318.6998,318.69992,318.70016
29243.695,29243.695,29243.695,29243.695,29243.695,318.80072,318.79959,318.7977,318.80002,318.8017
29223.105,29223.105,29223.105,29223.105,29223.105,318.8978,318.90051,318.90033,318.89981,318.89581
29202.521,29202.521,29202.521,29202.521,29202.521,318.99911,319.00183,319.00003,319.00134,319.00098
29181.945,29181.945,29181.945,29181.945,29181.945,319.10052,319.09973,319.10165,319.09985,319.09973
29161.385,29161.385,29161.385,29161.385,29161.385,319.19977,319.20068,319.20142,319.19308,319.20026
29140.85,29140.85,29140.85,29140.85,29140.85,319.30035,319.30042,319.30026,319.30023,319.30014
29120.354,29120.354,29120.354,29120.354,29120.354,319.40057,319.39975,319.40039,319.40421,319.40308
29099.893,29099.893,29099.893,29099.893,29099.893,319.4996,319.50046,319.5004,319.49875,319.49963
29079.463,29079.463,29079.463,29079.463,29079.463,319.60077,319.59311,319.60089,319.60059,319.60315
29059.059,29059.059,29059.059,29059.059,29059.059,319.6998,319.70074,319.69791,319.70059,319.70016
29038.67,29038.67,29038.67,29038.67,29038.67,319.79984,319.79944,319.79999,319.80066,319.79932
29018.289,29018.289,29018.289,29018.289,29018.289,319.89819,319.9003,319.90082,319.90195,319.89954
28997.908,28997.908,28997.908,28997.908,28997.908,319.99966,320.00046,319.99988,320.00049,319.99988
28977.537,28977.537,28977.537,28977.537,28977.537,320.10043,320.10037,320.09995,320.10025,320.10095
28957.199,28957.199,28957.199,28957.199,28957.199,320.20035,320.20068,320.20007,320.19955,320.19983
28936.906,28936.906,28936.906,28936.906,28936.906,320.3009,320.30029,320.30002,320.30038,320.30051
28916.666,28916.666,28916.666,28916.666,28916.666,320.39981,320.40585,320.40033,320.39951,320.39972
28896.465,28896.465,28896.465,28896.465,28896.465,320.49988,320.5007,320.50027,320.49872,320.49738
28876.275,28876.275,28876.275,28876.275,28876.275,320.60043,320.59979,320.60077,320.59943,320.5994
28856.064,28856.064,28856.064,28856.064,28856.064,320.69254,320.69958,320.70087,320.69928,320.70041
28835.832,28835.832,28835.832,28835.832,28835.832,320.80017,320.80011,320.80121,320.80087,320.8035
28815.588,28815.588,28815.588,28815.588,28815.588,320.90125,320.90024,320.90057,320.89996,320.90009
28795.365,28795.365,28795.365,28795.365,28795.365,320.99997,320.99988,320.99872,321.00031,320.99994
28775.184,28775.184,28775.184,28775.184,28775.184,321.09998,321.1001,321.09988,321.10086,321.10095
28755.043,28755.043,28755.043,28755.043,28755.043,321.19974,321.20105,321.19989,321.20056,321.20053
28734.936,28734.936,28734.936,28734.936,28734.936,321.29947,321.29987,321.3002,321.29984,321.30093
28714.85,28714.85,28714.85,28714.85,28714.85,321.40012,321.40036,321.40005,321.39981,321.4007
28694.773,28694.773,28694.773,28694.773,28694.773,321.49963,321.50269,321.50052,321.50009,321.50064
28674.695,28674.695,28674.695,28674.695,28674.695,321.59949,321.6015,321.60278,321.60013,321.60144
28654.607,28654.607,28654.607,28654.607,28654.607,321.69989,321.70346,321.69241,321.69928,321.7005
28634.48,28634.48,28634.48,28634.48,28634.48,321.8002,321.80148,321.80005,321.80038,321.7998
28614.301,28614.301,28614.301,28614.301,28614.301,321.89963,321.89923,321.89938,321.90067,321.90201
28594.061,28594.061,28594.061,28594.061,28594.061,322.004,322.00021,322.00064,321.99991,321.99945
28573.803,28573.803,28573.803,28573.803,28573.803,322.10028,322.09982,322.09976,322.09686,322.10062
28553.633,28553.633,28553.633,28553.633,28553.633,322.20071,322.20181,322.20071,322.2005,322.19992
28533.643,28533.643,28533.643,28533.643,28533.643,322.33289,322.29834,322.29984,322.30096,322.29956
28513.883,28513.883,28513.883,28513.883,28513.883,322.39984,322.40009,322.39929,322.40018,322.39975
28494.291,28494.291,28494.291,28494.291,28494.291,322.50134,322.5004,322.50095,322.50076,322.49945
28474.752,28474.752,28474.752,28474.752,28474.752,322.60004,322.60031,322.60092,322.60034,322.59283
28455.166,28455.166,28455.166,28455.166,28455.166,322.69989,322.69977,322.70035,322.70056,322.69989
28435.498,28435.498,28435.498,28435.498,28435.498,322.80115,322.79993,322.80072,322.80026,322.80121
28415.756,28415.756,28415.756,28415.756,28415.756,322.8992,322.90051,322.89969,322.89975,322.89987
28395.977,28395.977,28395.977,28395.977,28395.977,323.00058,323.00259,322.99942,322.99991,322.99954
28376.191,28376.191,28376.191,28376.191,28376.191,323.10034,323.10031,323.10037,323.10046,323.10019
28356.428,28356.428,28356.428,28356.428,28356.428,323.20236,323.20078,323.20111,323.20096,323.1998
28336.707,28336.707,28336.707,28336.707,28336.707,323.30093,323.30023,323.30072,323.30051,323.30106
28317.039,28317.039,28317.039,28317.039,28317.039,323.40265,323.39969,323.40039,323.40021,323.40033
28297.42,28297.42,28297.42,28297.42,28297.42,323.50064,323.49951,323.49948,323.49997,323.49997
28277.836,28277.836,28277.836,28277.836,28277.836,323.59955,323.60049,323.59915,323.60037,323.60001
28258.281,28258.281,28258.281,28258.281,28258.281,323.69989,323.70126,323.69284,323.69992,323.70026
28238.748,28238.748,28238.748,28238.748,28238.748,323.79993,323.80096,323.7998,323.79941,323.80142
28219.213,28219.213,28219.213,28219.213,28219.213,323.89999,323.89972,323.89941,323.89996,323.90012
28199.662,28199.662,28199.662,28199.662,28199.662,323.99899,324.00043,324.00061,324.00031,324.00027
28180.08,28180.08,28180.08,28180.08,28180.08,324.09427,324.10046,324.10095,324.10028,324.09763
28160.471,28160.471,28160.471,28160.471,28160.471,324.20041,324.19983,324.19949,324.19974,324.2009
28140.871,28140.871,28140.871,28140.871,28140.871,324.30295,324.30032,324.30072,324.30048,324.29996
28121.307,28121.307,28121.307,28121.307,28121.307,324.40137,324.39999,324.40036,324.39832,324.40079
28101.812,28101.812,28101.812,28101.812,28101.812,324.5007,324.50046,324.49478,324.50244,324.49509
28082.395,28082.395,28082.395,28082.395,28082.395,324.60141,324.59991,324.60001,324.60052,324.59875
28063.049,28063.049,28063.049,28063.049,28063.049,324.7012,324.70071,324.69958,324.70142,324.70004
28043.754,28043.754,28043.754,28043.754,28043.754,324.80023,324.8009,324.80002,324.8009,324.80045
28024.477,28024.477,28024.477,28024.477,28024.477,324.89801,324.8963,324.90045,324.90012,324.89984
28005.188,28005.188,28005.188,28005.188,28005.188,324.99844,324.99973,325.00064,324.99551,324.99973
27985.855,27985.855,27985.855,27985.855,27985.855,325.09348,325.09784,325.10013,325.10043,325.09747
27966.486,27966.486,27966.486,27966.486,27966.486,325.19989,325.20197,325.19513,325.2001,325.1998
27947.104,27947.104,27947.104,27947.104,27947.104,325.30002,325.29971,325.30014,325.30005,325.30017
27927.748,27927.748,27927.748,27927.748,27927.748,325.40005,325.39969,325.39999,325.40048,325.39734
27908.441,27908.441,27908.441,27908.441,27908.441,325.50049,325.49948,325.50314,325.50021,325.50052
27889.189,27889.189,27889.189,27889.189,27889.189,325.59964,325.59692,325.60104,325.59451,325.60104
27869.982,27869.982,27869.982,27869.982,27869.982,325.69907,325.7005,325.70007,325.69916,325.7005
27850.797,27850.797,27850.797,27850.797,27850.797,325.80026,325.80026,325.80045,325.8006,325.7998
27831.623,27831.623,27831.623,27831.623,27831.623,325.8963,325.8938,325.90109,325.89999,325.89999
27812.455,27812.455,27812.455,27812.455,27812.455,326.0007,325.99915,326.00064,326.0004,326.00061
27793.295,27793.295,27793.295,27793.295,27793.295,326.09973,326.10086,326.09909,326.09988,326.09973
27774.143,27774.143,27774.143,27774.143,27774.143,326.19797,326.20065,326.19934,326.20013,326.2001
27755.014,27755.014,27755.014,27755.014,27755.014,326.29968,326.30017,326.30029,326.29993,326.30191
27735.906,27735.906,27735.906,27735.906,27735.906,326.3996,326.40027,326.39954,326.40018,326.40005
27716.836,27716.836,27716.836,27716.836,27716.836,326.50085,326.50073,326.50388,326.50049,326.50073
27697.789,27697.789,27697.789,27697.789,27697.789,326.60025,326.60062,326.60141,326.60071,326.60071
27678.762,27678.762,27678.762,27678.762,27678.762,326.69617,326.70068,326.69934,326.70026,326.69962
27659.738,27659.738,27659.738,27659.738,27659.738,326.80087,326.79968,326.79883,326.79666,326.79926
27640.719,27640.719,27640.719,27640.719,27640.719,326.8992,326.90018,326.9003,326.90356,326.90012
27621.713,27621.713,27621.713,27621.713,27621.713,326.99985,326.9996,326.99847,326.99991,326.99924
27602.734,27602.734,27602.734,27602.734,27602.734,327.10028,327.10101,327.10022,327.10123,327.09979
27583.789,27583.789,27583.789,27583.789,27583.789,327.20071,327.2001,327.20029,327.19955,327.20261
27564.885,27564.885,27564.885,27564.885,27564.885,327.30038,327.30075,327.30051,327.30084,327.30084
27546.01,27546.01,27546.01,27546.01,27546.01,327.40042,327.40005,327.40009,327.40131,327.40131
27527.152,27527.152,27527.152,27527.152,27527.152,327.49802,327.5025,327.49854,327.4957,327.50018
27508.305,27508.305,27508.305,27508.305,27508.305,327.60031,327.59979,327.60007,327.60059,327.6033
27489.469,27489.469,27489.469,27489.469,27489.469,327.69925,327.7002,327.69958,327.70084,327.70056
27470.652,27470.652,27470.652,27470.652,27470.652,327.80051,327.8002,327.7966,327.80106,327.79944
27451.863,27451.863,27451.863,27451.863,27451.863,327.90103,327.89972,327.89981,327.89938,327.89975
27433.105,27433.105,27433.105,27433.105,27433.105,327.99905,327.99683,327.99982,328.00006,328.00012
27414.389,27414.389,27414.389,27414.389,27414.389,328.09955,328.10074,328.10031,328.09979,328.09714
27395.715,27395.715,27395.715,27395.715,27395.715,328.19916,328.20264,328.19974,328.20007,328.19919
27377.092,27377.092,27377.092,27377.092,27377.092,328.2999,328.30121,328.29974,328.29987,328.29965
27358.52,27358.52,27358.52,27358.52,27358.52,328.40024,328.40143,328.40012,328.40082,328.4006
27339.957,27339.957,27339.957,27339.957,27339.957,328.50027,328.4996,328.49939,328.50003,328.49078
27321.357,27321.357,27321.357,27321.357,27321.357,328.58716,328.6001,328.60086,328.59924,328.60092
27302.701,27302.701,27302.701,27302.701,27302.701,328.69608,328.69998,328.69815,328.69977,328.70053
27283.99,27283.99,27283.99,27283.99,27283.99,328.80219,328.80002,328.79877,328.79987,328.80188
27265.268,27265.268,27265.268,27265.268,27265.268,328.89813,328.90024,328.90033,328.89999,328.90063
27246.576,27246.576,27246.576,27246.576,27246.576,328.99966,329.00021,329.0004,329.00067,329.00067
27227.934,27227.934,27227.934,27227.934,27227.934,329.09988,329.10156,329.10028,329.10095,329.10162
27209.34,27209.34,27209.34,27209.34,27209.34,329.20038,329.20007,329.20026,329.19977,329.20096
27190.799,27190.799,27190.799,27190.799,27190.799,329.30087,329.29861,329.30069,329.30075,329.30002
27172.336,27172.336,27172.336,27172.336,27172.336,329.40012,329.40009,329.39865,329.39963,329.39709
27154.076,27154.076,27154.076,27154.076,27154.076,329.5004,329.50046,329.49991,329.50006,329.50006
27136.387,27136.387,27136.387,27136.387,27136.387,329.60049,329.60074,329.59964,329.60013,329.6001
27120.084,27120.084,27120.084,27120.084,27120.084,329.70074,329.69937,329.69928,329.69952,329.70013
27106.518,27106.518,27106.518,27106.518,27106.518,329.79996,329.79987,329.80051,329.80042,329.79932
27097.381,27097.381,27097.381,27097.381,27097.381,329.8999,329.90067,329.89813,329.89975,329.9003
27094.141,27094.141,27094.141,27094.141,27094.141,329.99979,330.00043,330.00116,329.99991,330
