,energy_list,2.0,-2.0,3.0,-3.0,4.0,-4.0,5.0,-5.0,6.0,-6.0,7.0,-7.0,8.0,-8.0,9.0,-9.0,10.0,-10.0,11.0,-11.0
0,820.0,98436.07605235324,89852.0298068897,88524.97242497053,97281.05820545505,48238.259209720236,54662.31276539063,8984.249797678202,20325.061285063082,15325.849690109157,16679.70284617728,9607.084906254859,15252.594576204428,6272.477460111392,6313.337682880815,5604.716103334747,5441.475180720851,3537.775405362395,3747.942260814259,3177.6322020619155,5389.55003628793
1,825.0,72125.10612494164,80652.43586384106,89214.57347509617,80507.88003447863,40764.61077170426,41961.78860714221,8705.695126878845,13745.582205285245,14954.473588590503,15520.783695425145,3834.8558415574144,10231.650953592285,3652.430644373991,4976.727095871899,3731.230875481315,5004.34710930901,3686.6395284864607,4447.088380371831,2913.0794894996197,6271.207243707577
2,830.0,57710.82495308173,61621.94512518378,81303.50069830033,79091.97027928362,31438.349524326182,34130.132214347876,8953.635873138144,10886.228530093424,11509.944017624051,13215.059268144048,3627.7220687379977,5030.5992668096005,3395.251742934076,4404.021172174288,2934.1722823046493,4138.131572729597,3449.9741392143806,4704.528345908225,2943.891832008937,4137.865283696603
3,835.0,37097.20466164418,39686.6408522668,59743.50002657372,63505.018539932695,20798.734008129835,23824.37129045263,8039.95196927931,8634.983534827572,7492.802630438289,9248.994842533783,2652.036041950583,4743.803414515881,3427.408455792599,5593.563098499744,4142.4452682483015,4189.661539090351,3660.959177715125,5012.316819360938,2853.221308824819,4280.364727929383
4,840.0,16018.179885546358,17419.61823734752,43054.60839000957,40794.06707748074,8410.295555442406,10116.110568810314,7699.283931695015,8724.331795894499,5120.442840447453,5100.39088703717,3652.386703230059,4716.4725896834525,3334.686484580074,3702.1501889359806,3890.145579380574,2938.8436036368525,2867.4959554560737,3850.5746148433354,2813.9352559814274,4957.89544403186
5,845.0,15661.96982974051,19612.948322246128,17969.9948788135,21659.276357757022,7785.2029315962145,8965.671711387144,7990.1889294869725,11598.902114721155,2325.4182042906414,5545.817537213559,7027.234550578824,8612.67729304275,4099.053553400697,5244.136258783306,4486.567720414599,5293.583466336929,2619.502472395946,2935.578086178738,2210.7966450019208,2715.1981463137386
6,845.3,18766.996967446594,19559.58657995674,14025.923336277272,16249.186857030447,7659.144495359193,13048.50057302365,8004.615184253324,11237.362321310105,3624.0761770910176,8093.132466686548,8219.442896062272,8209.97794568161,3912.5571999607446,3470.6373335960743,5717.029993659739,5275.176781875215,3088.1733527211927,4548.241930808383,4337.280184647875,4819.859344901299
7,845.6,22731.42660751146,22563.59398263655,13068.891306803465,15078.552070639049,10619.227901175951,16317.342064406079,9676.92666512759,10256.911976575022,4137.5172706358635,5447.064806132609,7354.253725165647,8313.27825968308,5060.963154227057,4737.357334847373,6116.796265141172,6874.408324471291,3991.6714525131274,3613.031989565888,4103.537660200689,4974.8814744579495
8,845.9,25489.959261450484,29058.089266128703,12834.21281370268,14494.621843507271,10544.415504112378,16584.73371493263,8444.658599864262,10203.513481928716,4225.9212431902615,7108.788295178519,7998.525943710935,7406.5869982646145,4608.862304987594,3988.6534357504343,7062.159550290567,8212.845224779376,3409.5523615785432,3545.580583113291,4256.585795819855,5759.74753187963
9,846.2,34350.568999636125,36037.90841683428,10282.765088957534,11899.987184529491,16625.18949742051,18131.31488794906,10847.429060459583,11673.80227605789,6197.1338672565125,10131.553825146959,9150.110897299444,10069.286450344187,3479.389142024046,3160.202321186768,6752.2847676081365,5758.401669794684,4446.994875470948,3304.2288879047146,4412.867564280967,3685.0178338139654
10,846.5,35824.15073152546,42456.796128848386,7898.791797263365,11647.389001312597,19342.354319203627,23681.269740200958,9594.417824323978,12219.207785918063,6620.534258163356,9775.352919790317,8552.726767159547,10925.911139949574,3855.468025424349,4654.20430747013,5503.381487773905,8794.217558423745,4362.472252109911,4836.536842070267,3626.154918040382,5029.782710858149
11,846.8,49260.879942084495,52483.995928789576,9640.065660882336,10401.405440938624,21659.118482400354,26323.189794086113,10366.998739339928,9623.294889503471,7948.413924059709,8953.994699990699,11379.900090079154,8704.42964971001,6067.0927490237555,3560.3282826443565,6027.561645059294,8761.130829133781,3400.806302504941,4125.609759200139,4037.2304560607363,4954.498479532403
12,847.1,72090.46671869827,77927.07990269855,9668.24683108078,13771.994828512474,34440.97016027529,38212.62948503036,10587.098712746076,12312.375583282352,8204.633735307345,11513.00639703789,13264.509552808602,10331.159457095317,3054.2306388242823,5280.402931667959,6422.644187055997,7867.552749451574,3573.764030333817,3767.332653333142,4994.3101044151745,5573.817818250154
13,847.4,77785.24388508855,80686.95345966356,12912.288035319772,15391.031362481175,38533.07067241091,46378.61853349513,10667.031663876865,10824.15433724317,13434.188305030992,15062.871338319092,10737.603712083763,11951.243209030532,3648.30858268084,4534.254097293308,10758.042975102178,11273.285504416514,4947.69977593939,5316.472016522426,5586.5099670197715,5273.196703942723
14,847.7,108128.29056477944,119400.72381093564,14714.686351526028,18939.58452914294,55031.563053151905,54209.292911300756,11544.547589689331,10573.367102233668,16395.3220767836,19702.450364965796,15861.61567710797,14023.611818279958,4211.112649200031,7122.389821875366,10089.941253064037,13277.261977855107,3252.052771270317,3772.439819818528,5733.780870086428,5229.243849379844
15,848.0,136419.83658741513,128681.52266501878,15904.765438337006,22417.212464469703,58412.34114038312,63640.3753858829,10969.194194276699,8742.718855602332,19808.823472811044,20665.698105814685,14812.308560721327,16445.798679214473,4698.323871906481,4670.7493598144865,12653.10437473516,11117.79017610578,4346.582329979375,4170.078810549942,5926.655156931991,6183.484428977232
16,848.3,183393.27349359752,175962.59855712205,26531.87149443648,33917.17446817813,91537.03537127913,90619.66891770803,9559.226280704483,13161.66684607518,24550.029492263056,29058.84330437507,20250.61961388436,22346.39121411185,5536.445461460592,6565.8759991994975,15050.033277447508,13556.622785995978,4271.493795580656,4682.573105518463,6316.56339339929,6174.584461555293
17,848.6,234793.1816556891,261063.20133902045,42810.81704108749,47661.50228160602,118065.16835917553,132481.96273046188,10816.110574635562,13545.19155213743,29581.190885440315,38488.91705955264,22409.07439202454,23124.36039948297,7443.705293266792,5977.552213796332,15299.991020458374,15215.436018738323,3633.6662441302533,4580.895483257324,8286.65669339317,8896.06571288221
18,848.9,392016.9004948983,408782.8435559036,82655.594744171,90682.08445021091,193476.4195340849,206921.21968938666,9884.31421292508,15783.57686286438,59184.047608088375,61460.37251243114,27631.357106797954,37804.26930045105,10166.913621305403,12407.113789954255,19839.94478598387,23150.290261461614,3133.7208452400437,4235.525283903996,9083.571455311578,10502.900323580217
19,849.2,592398.6128906737,596562.1431672435,136677.64449823883,147756.1256421265,285024.5602468591,297793.01309009426,12414.125443549407,18143.029506011713,88811.64607319598,93821.02885159294,35061.546184661966,44294.658231522575,17396.84200183832,17318.109986969313,24150.39557195229,29298.509360461354,5790.836358663242,4742.987239517578,13344.443197568859,14309.093709977418
20,849.5,997881.517593664,1021627.0072613985,308698.28549887624,322809.1923417305,524646.9856416231,532041.6099662196,13312.067046198697,24454.904119836803,154435.3743316858,164667.8560748358,60048.054279997596,53914.566845773305,23471.62455004046,28340.38211129893,41469.539728794814,43182.32783853209,7383.712303386106,7559.302693472218,15287.076348557941,18556.291288493896
21,849.8,1169737.7833813976,1239657.7864972742,548176.9984312222,562305.917874305,744476.9137123628,777186.6007146675,19847.609337214522,33969.274853327246,242678.86233586833,248888.55657114484,72818.44606381316,64587.30199629624,40894.17966793173,46125.5920090869,59123.49779294572,60655.207730027076,8838.277789970558,14476.37588996759,21177.473765121045,27746.669959039922
22,850.0,1369021.3400679224,1343300.7275347682,899393.600788178,940820.7031326276,1036690.4253694982,1014310.382915454,32033.625076710454,50447.726439644146,353637.3902704366,391691.37608783366,78043.7864372669,84050.70263299564,68174.89142381486,85809.47540780541,77584.00962256924,82902.85796792962,10352.366174709106,17074.3058678752,34395.0063171069,37840.270798289625
23,850.1,1355535.3452642942,1328703.6246057916,875113.8246206975,881594.4093561984,977492.2699269062,999520.9584606846,31679.75915560771,45111.032170075276,345670.7107204193,358652.1197434983,72275.64019826011,81333.57210478948,66801.50713625648,77754.2339510175,69941.83342689142,72592.54897419766,13573.948541113396,18504.875993269452,31249.60209650424,33130.282580261366
24,850.2,1260040.5317280353,1268901.3501685748,831656.4579154082,822675.1122073669,900046.6260301291,899521.1005079618,30411.626587042298,43914.07661940729,306020.26374869666,322769.69173169625,58763.368923865506,61815.03942942706,63159.48447410036,74643.46901889045,55135.4981720653,60017.984529942245,8177.075908657332,14260.440024614425,27440.26320004815,29488.161313167646
25,850.3,1279713.4747458156,1272268.3406817203,874614.4153263802,898643.8580685073,871266.4259203334,900183.725411096,33599.769556388885,44144.15137249737,313182.65819292783,320950.656926034,54025.55509867115,52613.288561739464,61639.31402702715,76994.49928689377,45241.27855015524,58801.727843608016,8996.189786303179,14712.319614247392,23653.366672427426,27862.46172416549
26,850.4,1121326.0709487216,1220062.1383219955,787109.4622054304,804652.3469117318,709508.487924706,747073.7558098744,31657.7728408323,44326.19804320795,258653.25992684267,267660.8608529446,35929.81147728313,34870.12898929,58270.61233057892,65238.9889755494,39209.78425523182,46090.7589121312,9078.41518930281,11126.566197874432,20575.30734120715,21893.13213390723
27,850.5,1044855.6030249301,1156694.988391168,782018.8623270335,803202.0814007216,653384.9732993637,677210.7895079846,39305.81735189716,40481.200742985624,229698.33809550924,239478.05293748845,26150.931236046352,30059.325869074484,47936.13369721142,59021.88930967512,30569.029567381087,29339.14452593774,6968.882172637994,11573.138952739875,12965.662782100393,18184.49562928464
28,850.6,870456.788851468,927093.9952615654,612698.9600233887,632098.0111794659,469281.31903676863,539055.7318784734,30738.753448720057,36395.67722514505,174238.02344628467,198018.32018652253,20418.380936011417,21124.655129482366,39892.39751030286,42736.81870310412,25452.59197180184,25414.74276509446,6565.771188893168,10142.321314958435,11126.600597132154,13404.483136014182
29,850.7,948849.383257713,1001899.5885255422,724126.8542617637,712174.1209938367,563932.7961219293,562699.4067583359,37742.00777751628,43533.126073853426,203118.88718993738,212728.14067818812,21319.58769017751,20867.113876850086,48020.07474591733,51269.83511384265,20500.48279022258,24673.98554328828,9029.34854646814,10366.775562529612,12073.16634800935,13798.4851881341
30,850.8,818553.0943671571,852174.4419049126,625997.8612720461,656109.7105953078,450375.8937327753,466220.69887669,41033.98426147658,42852.06245932412,161962.8159674906,186258.45494777575,16122.586533949936,20091.853946205134,37060.250481779,40880.994511025216,18335.104972939407,20746.143445412177,6966.466614888692,9273.24540557238,8481.69843526322,13638.619613985322
31,850.9,786788.0007798854,798254.1163324375,619091.1066748252,636399.8874276336,419039.00691226235,453195.2247421036,39319.45688327277,44726.423414276,155686.70475179589,167456.49714781606,17209.464636640216,18499.441769916164,40956.20779305571,44538.71528861393,16958.743066380444,24308.66854608378,8416.424698999075,10032.459772344513,7062.368354620601,9640.05786734975
32,851.0,679775.7820330134,723722.0213834979,553692.7424669155,550868.5527773683,383017.0729666473,413360.754340589,35970.028492382546,42236.376173292316,129142.52847439992,151296.1329676488,17607.17096040295,24128.187611880177,34850.70977595228,37635.893710989854,15486.549231885343,18042.624281221626,7371.421975044852,5790.557351161705,7106.236094558516,10949.634168143222
33,851.1,652353.2077029482,682618.1965837071,480829.2548783598,494907.8318498387,323812.66343991447,379704.5121470966,32344.46012901841,37525.69391478495,130725.18235072336,143423.52626071344,18843.543651580825,22534.019200650033,24448.36850040535,35273.84334205871,15894.18600928598,18940.15330774196,5704.563832235542,7703.60471203012,6456.068442222266,11761.343433659511
34,851.2,569930.095118032,629404.9474950577,425801.11336702714,441415.1457656646,305763.53642109485,351280.6363179901,32181.159899336744,35255.39601873137,110961.4320139789,121018.10691015093,19204.53668866616,20769.78879996839,20944.852519895798,30956.579522971217,13556.084789525004,18596.108689816145,4854.9717596755945,5480.846199994224,6774.213500165386,10359.19086408006
35,851.3,574979.7410004276,578518.7675320897,391221.7282413106,390308.24628435116,285173.0274079035,322118.35687555163,28541.748407860796,33185.89227566962,99421.6603361155,114824.49548335708,19340.519219548554,23406.093430207726,19384.681282948302,25773.126740876578,17511.22397498251,15924.32050826215,4482.482739797972,4020.3463961064895,6356.206485551996,10954.389834890484
36,851.4,528895.2715663274,564829.3554595228,366371.5610002297,362198.0021580366,270002.69075319177,307145.27990035556,24469.00134189426,30306.20292872146,93547.27088106862,104926.84033052383,18233.80419694324,24255.218587279556,19198.62375024644,23803.67744201858,12984.005692889164,16961.164116590448,5753.952850606517,4984.468131971519,4574.617953809864,10085.684291618923
37,851.5,446540.5806223845,457864.2369020714,281485.22689435823,304912.38338610175,241534.87730633467,249716.44460227594,19148.67210911132,22488.186563948864,75705.67434647748,93011.77533318079,16606.51943377516,18834.216761936823,14662.704480037923,17780.081976005094,10262.79410759435,16171.903644680977,4362.010543478879,5748.717993770335,5889.993103144857,7804.300808672329
38,851.6,464532.9991098028,483619.3096099257,316510.6129779647,315888.6351888378,241048.7713077888,267948.17812299647,20523.33501934563,24619.088074180352,76801.06591150268,95659.93080621852,17297.058413299874,14349.059573447623,14384.8352881821,19203.231132076202,10913.12528719813,16641.303552719855,3990.357932469839,4258.309375043528,8567.717396644495,7411.76874420887
39,851.7,516030.852614514,523545.4321839809,324991.0218384219,338328.2160188225,255116.58099112596,289192.0581842884,22842.493244188634,25098.846372158565,86669.13733100258,92514.87659594421,15533.236611317789,18907.43684687137,15121.524471658084,24366.188025862222,12187.492362108442,20315.641641812967,4060.675915487959,5558.5137353311875,6587.194309592625,7789.809601321175
40,851.8,467391.8546085271,497197.8074435367,300274.3533046474,306422.91214380664,241048.51559348076,275943.54000833264,20691.029635901803,21574.2134160811,70339.48912404478,92729.6976976319,18071.00662854272,18994.98350105936,16538.532795327446,19146.49117897238,10798.63808871761,16353.564116837064,3802.95602976226,5976.921236596069,5836.878283980468,10211.870781780372
41,851.9,397035.221089753,401546.4948134909,251489.6600767284,264314.8134726934,202727.3837969716,220698.87857678958,19884.897772990716,19660.8974225827,64145.7003443399,75833.25196073267,15209.35712562016,16664.55940202077,16027.95840617372,17074.226709537805,11821.41849246994,13943.488478731075,4304.673400549196,4871.407620435658,5889.209212602058,9775.215291555329
42,852.0,302278.54783623206,331110.4525439375,193467.07494099136,209437.2250132713,157316.97363849098,180342.56121702792,16067.162670681646,12984.916720227613,52955.23840999493,62951.5948715035,8988.836046557566,14583.1626829223,9715.765153236976,8874.723147888903,8688.283298285633,10242.08178791287,3921.7575787354117,4964.410128087022,5194.76514569106,7371.626715862553
43,852.1,319067.09726636927,343166.8615369446,207742.594171026,209590.62189208117,170819.5087648663,190619.32089422236,14667.555368448187,15660.783750363604,48987.97511315212,58151.44532550605,12706.787840440145,12543.3350860858,11109.463102142641,15022.679105107303,11817.91366000177,8748.11653160251,3721.8777827819486,4499.7425193021445,3926.726145120172,6618.705160136034
44,852.2,348795.12695331086,368915.15417177445,225946.36417422167,226655.34267822135,177139.86331072822,187814.0099143653,14702.451710431409,16837.707003973843,56102.01746149475,66326.2968375188,11953.396213745418,11580.670000602511,12447.99058693559,12680.478562383474,10843.470797607715,12057.626436920738,4246.9489657540535,3836.4842235304254,6988.749612934226,7019.499525518514
45,852.3,309907.6236278815,323671.1492120136,201345.97302056235,206135.0375736046,166995.54848361012,186801.81346937257,15746.56888552328,13618.98346537038,53037.63658298725,61357.29718200796,9766.746251387198,12216.904939803982,9225.795208117006,10515.821966812791,8860.611642290913,11030.141574106605,2818.5380265600447,4815.22993888904,5196.525523480844,8024.317974042678
46,852.4,285010.58117295714,313687.3249425995,201652.5937641762,198543.8993426596,143379.65667521756,163821.5100767363,17023.501530448673,17211.160604178025,47234.281645878626,56249.109228877416,9815.541813844005,11200.01028184732,9172.586399771279,11785.695716002647,8264.324474081173,12418.395808090165,3721.2168346332533,3720.2179396346937,3918.5318933486856,6469.643126669467
47,852.5,283848.8087923808,294242.1701434672,184641.78159760177,186975.33585914428,139526.1771928749,162597.30005666395,14236.505957926964,17799.04592657026,47520.42545071541,55461.80979003035,9217.792430084446,12654.050320868262,7030.301774420529,14626.808160593911,6165.709130594652,9136.66818386459,3675.634361156683,4154.786928731089,5381.374874859844,4703.87419132261
48,852.6,262749.8996501552,294466.9372827509,190991.38773143062,190882.0011776677,144146.7626271695,158861.3192624587,15769.184243462229,18721.555309030617,41336.85890118338,50160.06359857958,9430.69311625352,14813.75065389632,11778.506949545339,13445.48608158464,7985.285042567041,8759.45138926523,4964.497417489227,3909.0037769173246,5853.379748097083,8135.641590583375
49,852.7,287082.80642951775,278586.6379875723,184431.0878494439,192856.42712462763,137654.12018710197,149573.34298845506,15269.182526764831,17045.841889450377,40844.70844694823,47946.68170044364,9871.640210019203,12783.032131455684,8374.965944918586,13477.464470111128,6552.330923657692,10350.986424209113,3832.7041404528723,4532.20046469053,4773.539356516477,5903.541086631399
50,852.8,232561.26195803698,236258.14209201327,169101.1628108775,165533.16070165217,118969.27713446206,136526.6756314837,12934.31584700923,13990.39595882595,38470.75676885413,46135.13423355634,7870.489011007666,11149.881644950408,8112.651752447719,10472.57231528703,6507.540593100837,7504.712652239242,4030.870134003139,3551.142677859235,4081.714980375941,5383.3563751333895
51,852.9,234417.60511487472,252541.1885213098,174054.63185483805,176309.0062164549,129735.77829381483,138123.69070641245,15621.441170716214,14360.004730171077,40641.59702545397,47902.055625148365,8585.886742993882,10444.11246974704,6619.341727724245,14319.609967807397,4797.977888078542,10193.944906791747,2765.1747972486714,4608.402468668779,2936.019311998047,5208.724630133029
52,853.0,219879.4072094834,227906.43901878418,160181.0496933707,158327.05266946516,116680.48373025747,121425.03884112653,14679.448587393334,13341.765502222424,35831.58737071932,41795.6300066074,9522.908952136924,11361.106569524678,10577.86932405109,10631.0006615813,6379.4270325640555,7218.795502881358,3738.7928908963113,3715.7270906636227,5049.343661920679,6329.295582347346
53,853.1,208417.88565710786,206839.4967502924,142375.3383542127,138716.05848507016,98967.0809890863,118205.921275997,10659.832346337056,14697.48627979529,32671.552187780613,38554.95274421196,7846.486401108679,7354.10094327098,8095.407949136929,7678.297964780499,6483.1417514266805,9809.905028604233,3183.4004390885566,3263.8007679704083,3273.318356571489,3493.953365051073
54,853.2,223677.89747370555,232686.86209058424,172321.52016824752,155001.57583084036,114003.06804972349,129666.42162454837,15104.566238633746,15285.503095885048,35650.3524556155,42838.56505531965,9411.911929955284,10003.984192057233,9348.537431021048,11462.329935914604,7533.843270362269,7629.703856985477,3764.72483007102,3462.297993245164,2933.134241114692,5834.0486739476955
55,853.3,209079.24080110996,213265.37366253792,146830.14999086823,148266.81294299278,105508.66038251523,119679.78388163139,16834.227158180667,12417.096207254639,35479.88153706326,37698.035863747864,8583.153860486513,10369.743292954707,6217.504357025269,9537.97703872585,5998.958456266395,11723.70240329298,3780.937308070972,3889.0116520477113,3517.909791923027,4819.529756010088
56,853.4,168851.17753300624,178298.78320156978,126617.5884811283,133404.0093352513,93160.71481201128,101109.70581892924,10751.160011853317,12355.862446506977,27123.77326123776,34986.9883412038,7938.735189565025,11365.843090864495,5498.916199028357,8457.519716704466,5990.263084937833,8559.478524284761,2967.5274106975044,4125.369232115521,3810.96849365271,5243.186727370406
57,853.5,160298.98866412742,173149.42223050076,118773.7025052182,117849.2530537342,88648.82716733692,95602.38166665309,12206.22325903069,10957.437132285468,29004.251824239887,33909.93562987023,7682.229564151409,8202.20740089186,7046.54566765972,7917.838276494603,6342.317421436297,9045.722561876268,4679.334242570638,5701.104680408425,3512.7480454356773,6961.548009488977
58,853.6,158278.85090197332,180184.0531946687,124895.56061450193,119470.11629404638,80018.32410998536,90245.27832514583,9936.975293666786,13727.090416002098,28613.76336204887,32936.528185308,6610.013545252097,8075.633112617652,5456.361190761862,7727.351903369619,5642.0623061577435,6885.067081080658,2958.557920993152,5594.754164094208,4618.0742396332,5832.2277110159575
59,853.7,163149.69060751473,185586.1616168284,121617.45316560274,129119.44470468907,89680.04552848221,95077.0706555106,11329.554562252875,12634.59642035541,25496.295713076703,32968.76654428215,6911.044276134281,7647.129466320175,4783.887354540584,9549.849042218952,5328.454453417927,7898.022164224386,3667.4981465753176,5373.235301490072,4784.82028887542,5332.785934258239
60,853.8,141218.4539876244,154598.60821994045,108201.3697730462,108794.10151427393,73193.6053700896,88768.65997015225,11062.148554095118,11109.871024208589,23468.25784473765,26079.86335654767,6548.709296171041,7720.842479712144,6490.655844398933,6763.926972143647,6244.511874944975,7307.53656187191,4657.273183210197,3373.36544327205,4667.337558890551,4341.944962390628
61,853.9,170336.30577929178,178903.37619261304,132766.92543542333,126612.78097035637,83417.50661628954,101950.87116797459,10810.734889476798,12936.402986894615,29601.02488955449,31804.423934773506,5541.763258804661,10119.489436860436,6718.060492039854,8782.39713836238,5416.033784059319,8559.870634279689,3790.9503238964257,3976.8779511842085,4781.5199237061,5304.703867397219
62,854.0,141560.1559264781,152988.55957552762,108608.58946375012,113635.2598671823,74846.10216363081,81449.13395510412,8523.19218456056,10844.684478366935,28027.443118713007,30992.984216859088,6239.455853539606,7711.0727451760395,6816.715891258893,7333.046994324453,6053.3395995973515,8103.947842943231,4735.276941088234,5664.526430807075,4775.896230857383,5327.719270721234
63,854.1,141422.48554579887,153899.25338191903,98292.66361685425,111122.79133728961,67879.06829577593,82285.29433528127,10809.415409319387,10466.71293904574,19666.72561041529,29769.154815753238,7795.298891855272,9283.673371595734,6834.133362982822,6950.099349522458,5809.423002887622,5775.052842603618,3687.598476052427,3826.411293943638,3252.8425919948754,4259.635174732717
64,854.2,152299.15257378976,169558.72042753725,119754.53924700673,124841.42742751016,78561.29007088643,97107.3184427105,12000.281173824904,13129.864386595445,24619.944591698903,31386.45246476567,8379.579613188167,7866.780676353373,7945.652323691954,7048.354106081577,6216.937695243036,8087.008434884918,4421.142197816121,4493.752075855861,4993.827630391948,4280.851919695299
65,854.3,136128.69262250725,152889.7192306176,100074.13095914817,107316.16157432311,69714.68143492557,77697.42046188786,11140.61167386894,11206.31322964641,22663.83829020666,26431.88248503854,6825.165571621353,5565.508157405081,5451.296730830457,7915.504879112932,5469.288029065665,7176.329059397472,3097.568480599746,4102.015997627681,3115.35987552123,5008.044449865231
66,854.4,137613.83783316074,155535.1576687297,100429.76484739341,107488.93354523036,69547.40956566906,74992.0467461167,10022.26420523282,10757.05697820241,25670.031506552634,27431.774817474463,5629.501605644239,9679.05880156935,4647.401016559087,8141.565234982965,4842.794850256425,5578.120757833651,4459.737634672422,4424.150899612948,3860.494335693412,6371.4916958168715
67,854.5,121212.73509834449,136155.28262538387,91567.06207440732,98912.89255821476,60307.356628455425,73910.35389387059,10979.952958021198,9181.28829115905,22129.674265366015,24084.909742028398,8672.583131348343,9821.302303803493,6761.872687017402,6717.747580126064,4285.201090701044,4449.170521143174,2473.40553855552,2885.728667301462,2309.969342033525,4391.914528968462
68,854.6,140335.86699524577,147084.61237225088,93759.89490216303,108769.74291563856,73162.96916154753,79941.65957163047,11895.764206937125,10727.641738830716,24086.786440021468,25937.389484230145,5552.474577805563,8579.451610346545,5599.854274586455,6507.521499433865,5868.1617709636375,7560.588496003533,3492.1232130163035,3669.663986908744,3544.826471233249,4771.907382243971
69,854.7,122976.71572557863,152365.4179000512,97338.41605412232,107906.75200057108,67674.4354407693,85023.23341839486,8766.912777508103,8272.662853154543,21639.70729934304,27446.910962108555,6665.452083791528,10994.83116800245,6090.602016912765,7889.562588600396,5361.872900060204,5398.412518760729,4174.102343904318,3906.5444801955505,3581.88098288924,4497.501264242851
70,854.8,130157.39884859807,129023.97685937538,83603.41871414687,94179.87151467137,66193.74807456802,69547.34842409642,7678.724281267275,11026.59960488981,16112.419711352493,25073.949215944143,6673.715954514387,10094.81835367698,4759.959620309446,7547.714386119253,3829.9091908821033,7791.294267392937,3274.3153977391207,4734.596424145118,5492.097235572627,4869.600523413506
71,854.9,114145.15533647989,122318.63675875319,73111.5526158005,84938.8738061222,55926.553738075665,67559.71371174809,10117.890149499706,10103.174913258454,19564.60572292783,21877.894127876123,5420.866643027341,6507.463657601955,4136.313079379232,5990.832354453206,4875.537299969182,6971.692739384798,3298.143876642222,4612.727175787184,3393.8262046000455,4850.035329469636
72,855.0,103370.43611566945,116670.7676490668,81428.60485719563,76620.27650203965,53419.144933009295,62402.65546634646,8240.023252528988,9787.861887110766,16936.72682496685,19325.07566629838,5425.8922639975,6488.682859760929,4290.850553171204,4633.460679437047,4372.557574537227,4932.387182217876,3781.230476142536,4387.140979328718,3562.412813380717,4210.94148582057
73,855.5,107791.68842396261,124469.87553239871,85365.76930254915,76288.39430425668,52008.329408099715,66502.94316072034,10046.475545117606,8188.866318248006,17084.077055676793,23166.89806185535,6967.533209854032,9302.166362246766,4947.341547602979,6492.1078006968,5859.494948893018,6706.575413121329,2614.7731455161997,3788.4171823275738,2949.7955338688025,4480.374954215286
74,856.0,96416.59024637681,121778.78030597552,69055.52339476798,77806.28912271209,52020.69855603968,67097.95396930163,7667.313478371774,8733.776407833348,18465.592091192048,18615.43123209035,5064.749511759821,7200.273737288145,4527.553872336527,5327.38441323652,5427.454839928048,7148.23978039994,4016.541773319205,5993.765510286228,3623.8552920143675,6915.5860320598495
75,856.5,100605.56077028794,106602.46942484376,62169.35904101304,60563.73317637113,50355.58825772566,58821.373236602856,8691.476164283149,8784.8977887116,13685.601633372684,21967.808455830193,7275.02575738188,7251.23722676779,5243.738454188662,4492.234117309868,4828.405369265314,3942.89897338109,3239.7713122049045,3142.151711785731,2959.7729770776937,4282.6018559319045
76,857.0,131751.45407004544,138675.0255866565,81805.03973500046,78828.8169959463,64691.10921335057,74218.23418495677,7876.10407688562,9459.48203109837,21880.591920491057,22353.626001008,6778.8222882534,9945.311623514337,6145.17787608728,7711.361861185721,6486.258240145569,8181.663566765896,4607.650506179356,3575.1459965359304,3116.3735803231034,5069.022010746671
77,857.5,110283.61202927561,117097.62159631003,72216.62336949112,77706.1846978315,50779.958703727956,61101.589793902574,7351.3209536530685,9372.387639382383,15796.661481623449,18972.804338884154,7082.498621159208,8013.878351369152,3910.5550713488146,5750.384979976518,3944.3494979727643,7362.452451180087,3480.892597940579,4681.961184403971,2584.107162440358,4240.9005907734545
78,858.0,102830.17483179913,105407.29914746905,62185.967148818745,68234.8361917437,48795.607708086354,58918.11389293362,7768.903883645788,7943.116635619138,15661.779637775282,15458.620152758236,5949.7847084374325,6991.201655871707,3015.051787303483,5046.7797259017725,3899.757111018414,5478.385497215428,3379.2482699429565,3869.7456705524164,3276.304371049614,3892.03798220676
79,858.5,105173.09058720045,110587.71847761466,70773.09975436029,73110.52060941349,57792.63414155361,56969.05965600941,9797.04242561304,9998.294081716931,13415.046735279686,20620.77443413439,7256.772679090048,6939.788010431703,4503.737871533939,6207.721801059083,6965.343776286165,5073.751242740895,3691.210930603911,3757.4961982889217,3974.254347736798,5082.9353460948405
80,859.0,83730.14746365587,86362.3324156185,54691.042755397655,51893.70971487777,41194.363477776,51847.846340022494,5944.732101887253,5803.54746027906,10470.695014129516,15388.526849119275,4512.783016420283,8175.196491801124,4427.513084359891,4342.509412821153,4258.837043890698,4019.6019651826136,3713.2692350171715,3950.707055204075,3817.510229245568,4015.341796836114
81,859.5,103036.29943379876,101766.5766096701,72621.27461595765,68846.59392202582,48305.26028666621,50430.78601475113,6025.840472099658,6645.555224707785,16178.82939708126,15935.950215998919,4902.324523425173,6729.444415542147,3293.582842369077,5097.932811259581,5522.705063262142,4593.998457747452,3454.104143243399,3484.597198324461,4441.799497233682,5229.29263151053
82,860.0,77370.10309375572,88064.69120216515,55779.60335027995,56243.0537048963,38275.11209324357,45941.522643899676,8249.203200928796,8742.289337669628,12109.646756906088,17306.16460722355,5075.244234028285,5726.831857187701,4431.115504347392,5126.390932166719,4494.049918072417,5791.031618913546,3295.898555821697,3236.760186099133,2880.1318416573226,3772.2687794990584
83,860.5,67833.38443495882,85093.20018944223,55800.641053481704,51362.03543911975,38056.94195708657,41154.128368956815,7789.88905987202,5594.264233152104,12980.462042462943,16377.569540173317,4223.605555491885,4702.959775965212,3067.6139130665597,3787.2779886833864,4662.13107829255,4275.024404763166,3563.685920025757,3273.222705424648,3926.8148918224188,4163.195068070833
84,861.0,76287.20721904855,76643.74615210717,53524.874382326765,49818.721455785235,35220.07762348586,43217.75485265003,5861.1749641935,6769.043532901065,12190.007497533397,15666.528566404322,5529.084795789683,7288.862907836868,2625.1444686300492,4556.663494246952,4320.769555166127,3542.073070016235,5250.2889372600985,2840.6533341839813,5083.47774735375,2693.7608925931254
85,861.5,73170.8146718371,89220.47241949194,54820.438106234426,55072.65291568593,40103.28750378485,44612.76835314337,7739.429658799458,5795.276612417034,12236.049885113289,14706.355675334333,4928.217404865344,6420.78266692731,3265.398817004534,5309.371621526553,4142.986410261201,6079.076578983483,3274.527860305685,3758.3005199141453,2597.912490379475,3803.679195009649
86,862.0,85190.21849328294,82879.64793978691,51109.519418132324,55685.47674515639,40739.10884530133,44811.91346029242,5630.445454507191,6894.658295204593,11038.704002800088,16012.65179290506,5375.137104865033,7239.667777349582,4640.400859810269,4987.742837971306,4338.842446307068,7736.489428767565,4557.697215355578,4030.5531157289874,4455.533889852725,5033.926259089034
87,862.5,73577.14025848093,81998.77999377846,49974.75079492669,48786.84862939061,35349.28866705809,44942.63190199805,5527.078128568684,7982.542565578895,11334.8664714512,17814.06618421472,5148.109340068534,6167.225406663132,3024.817545643417,6407.805592713626,3791.554397943985,5635.935829821234,3549.107698951013,4319.777560666094,3355.1903364625455,4120.660626409287
88,863.0,65681.83953203095,70527.40936504603,46846.63207636217,47373.602272905766,37057.912732659526,40143.9865222954,7286.259888195128,5703.618690365523,11687.196537818621,13843.467791706416,4191.865866834129,7086.241517522716,4558.089186447976,5608.235553868496,3848.872634196875,3690.1891747349673,1822.0641859522902,3678.807097734973,2290.7261985660875,4054.815009857589
89,863.5,72063.9588077699,88746.59079259657,56415.353903996634,52431.82332199465,34145.194522773934,43240.61202643258,4763.927122991459,5277.312615110434,12533.742279066442,15842.588996620078,5068.416910459327,6801.4257948386385,3213.652052910201,4161.937366088986,3233.82267066332,3028.388590181064,2648.2756285628925,3554.15604567324,2368.216919363654,5208.945537775607
90,864.0,74237.56021383754,79769.43383474591,46930.368131599986,40398.098867073284,35900.380247565154,46507.277482002595,6781.835483395303,5413.749161924121,9073.077103264053,15374.757302704877,6656.719441438505,5969.879647513884,3891.981188065345,6380.318861256141,4725.644224413986,5213.590129395045,2568.041719078121,3855.8913026259706,2890.253814356961,3694.0860966892938
91,864.5,63088.65907024852,70496.0255982695,35812.69470697267,41456.849720209044,31637.971424894873,33193.05285039557,7035.929245481353,4929.8525468140515,10338.637404681054,15876.096608946937,5748.053553806898,5650.215761436324,4291.142928819632,5073.312454755654,4238.2612357343805,5661.538038293369,3282.1948575998813,4462.841927275274,4669.639983987753,3720.7665817389034
92,865.0,69024.35278637009,75411.91577231049,46956.09465533684,45504.309187010535,32411.730033718344,40108.67082918152,5326.699196527963,6482.612438284929,14427.134743464054,15786.401859087797,6521.378227538274,5932.231481926868,3309.3461739917634,5134.335623738169,2724.2625093845736,6136.584474073368,1856.4949795004118,4576.228152683564,4380.667401398646,4776.051808628642
93,865.5,79974.70559201224,81230.15501044772,43616.826492721375,43837.424321458086,35850.81047906969,44852.09440689741,6866.706870051722,5069.886934716495,9733.346348010458,13608.39498269438,6857.315476980502,6488.8531615905595,4380.05248054194,4633.220459717134,3959.437961075655,4064.541636723762,2690.800628965706,3634.6689354354958,4999.884423242374,4189.160760385111
94,866.0,74104.98993811439,69339.40365360839,37859.014152211304,40259.49017510573,33541.394177288224,36780.19192761654,5948.108114218314,6978.244140135527,9217.276461806503,14006.972737996875,5296.072703748958,8065.591444662873,4558.453483018811,4648.100026684977,4541.070312218761,3589.458264743156,4466.342658434632,2594.8212044827505,3496.415009541349,3910.214397206938
95,866.5,86072.06999103139,88325.32134365087,43633.87104175616,38609.70340640025,39283.713670577745,51865.21639690113,8587.335753619433,5728.354480841224,11685.398152918006,14603.400288916342,6743.500005233487,6513.212054723345,4777.559017251044,6978.9173084162585,4599.097513225394,7758.845374535073,3471.039615065504,4538.278045821356,4055.0530550777735,4001.694464288469
96,867.0,108282.75497225605,116616.90823335422,50561.320517482825,50888.16442935508,58659.186620273365,63388.19489380283,7181.7036268819575,5640.239770951097,17995.60598816651,22564.55736540298,9269.906381265795,9663.118598178775,6675.012269924441,7671.802907579296,8998.16948572756,8080.541043241763,4371.645602913588,5134.414666971017,4544.82956355701,5966.150795001495
97,867.1,122239.9070925748,135042.47379768384,55876.475296010045,56473.07181218948,60572.00710347825,70743.53785435938,9074.504918348766,6128.309790191822,21917.9910002378,20712.135620015397,6784.019477712998,6942.698689623551,5461.53720927411,5901.120611946097,4948.045681440928,7878.846060353296,5960.2337832878275,5020.420996071276,5131.716369397871,5486.328753512129
98,867.2,123374.32614387451,128129.7909418742,52785.639260888194,59494.668701526614,58513.487060348714,69002.53210489733,5995.006496324724,6296.2932502733765,18010.282249980046,22526.11742841217,8624.733269949103,8363.506989257783,6400.343830564049,5470.887525904757,5790.904717432961,6301.492446469833,4390.187937017705,3112.252174472673,3824.8086788335318,5052.552201174285
99,867.3,153163.25008638948,146744.27348728178,75891.84980654744,63880.52197395231,65698.71172250551,78171.77561769087,5753.496254033934,5218.54270998934,23913.42849512971,25578.194339362555,10680.83307187507,9090.283129298281,6112.528158547626,6249.311726173808,7674.39016066364,9813.938091454911,5776.859286752566,5585.4954147694625,4623.417708458578,5170.152610882654
100,867.4,170517.29290182787,191876.93070452785,83715.4597011273,78412.37996679162,91943.88070037788,96415.37106912743,7828.403348129288,7422.660698173524,28146.291072214397,28642.368878198045,9849.727355226389,9392.526285514134,7918.139376372171,6390.230385103146,9343.863795420995,9991.121512487427,4703.0199727768395,3953.6442532441006,4457.444150678921,4951.258585030332
101,867.5,168142.53815648932,165856.09811264195,76889.62862074973,66608.80548157712,80680.62971508871,89795.2931871996,9718.951656807116,6801.388371686915,26539.73777779144,30414.10733573812,9575.520609993266,10988.65602108127,7465.206433751581,6634.118738633809,7223.158218724491,9875.367408416092,3866.312382150727,2694.0265979548785,3674.738045250332,4397.08716123764
102,867.6,174381.9118593614,182645.9085340606,87827.90060451797,85095.03597937046,94776.38191168582,92543.16270407676,10446.265636451542,6932.829924453683,28562.041810978903,34961.19288569439,9923.243047284688,10686.031499306593,7228.27474879396,6446.10522285794,6324.024437687578,7045.653083252699,4480.224952332265,3680.9388078535376,3266.8764830285863,7492.949620734503
103,867.7,145175.60865132167,150481.07205727638,74093.16395159332,78219.5466699205,79283.31726318163,82764.07003662271,7346.405445927955,5157.312250627866,24672.030237054925,27145.968009772798,8237.377434459959,8866.82000041427,7855.94150127609,6746.406589800275,7560.705026272439,8222.322505906075,4902.311071405398,3797.4391908976,5605.562756110621,4955.802698081376
104,867.8,189344.5074748358,200681.34414208884,98335.60158980793,99312.68534761126,95098.99914953724,98497.50500143168,7734.585699002532,6566.216058577093,27352.681930432133,36944.75948649561,9423.911214113563,9842.261634519089,8697.477923194392,10649.380123576671,7719.128253942161,9843.194411376182,5198.09891689735,5248.935255608837,4425.293290797062,6737.114104179926
105,867.9,196918.15780993845,208198.05748347045,100989.0959859195,102626.54807131583,97227.70773945253,107271.13816092137,9301.975376817823,6083.916537059434,31252.47007951324,38851.61790816261,10195.306751395085,11048.12000021755,9251.927494512152,10387.301357150927,8759.24574499707,8122.751305714161,3617.109065119722,5379.447610490524,5531.923715304606,5775.698886375372
106,868.0,165655.46567960162,161447.22719405097,94090.94957266457,89573.30531148783,81683.85795431906,96259.65610466473,10197.99303549886,7122.265005282549,28536.38404109886,29241.711899279573,10012.496207931581,9037.488089478788,7260.837734176684,8383.15019647557,7811.662665192126,8714.28502915765,3838.177980105662,5106.595022364112,5795.592760978177,4275.425263196331
107,868.1,165983.96619476695,175102.5416201465,91911.42427021064,84386.98953684061,84063.25470912238,92613.69417860928,7387.500767938971,4394.553618931172,28060.729530487893,30957.47623542704,10528.381933154913,12344.523649938234,8651.50660268722,7594.901725317758,9126.708796257131,4665.354868970591,4762.221982783312,3820.750970213969,3763.550706173147,5698.42630437454
108,868.2,158352.64558447106,163504.24029352676,87974.77888185515,79124.58458713205,77836.41973260712,86822.96332926853,6824.918060222343,6235.867781668023,24463.420436490112,28402.178455878977,9582.314851055527,7144.5969506623505,7183.059564874324,5849.977297558611,5929.165032700913,7110.393172626096,4402.305719389923,4810.7547263676015,4513.23509290439,4379.614107891164
109,868.3,178355.03746354693,184985.3535734379,105726.18740627213,100435.31228926974,89819.21912098763,100707.39352052084,8573.487251673469,6810.416846624174,26827.355824721228,34185.79538615008,9275.187941761606,9914.05969782307,9584.074682034683,8990.993505009606,8141.138993795017,10164.576761039589,3989.836978916203,4945.382535929896,4781.454925222595,3823.5799056125725
110,868.4,184329.59006353357,186266.87182002718,107358.11891169459,100526.7112224704,87939.63836967805,97061.18414411947,9397.720252440726,7999.6077588525095,30776.047783065056,33099.86730618724,11853.203578282262,10555.070372704404,6454.388589829618,8700.594364736033,5239.393953309635,9124.607723341865,3471.584412045315,5040.899787632619,4399.088672455626,4498.60201172026
111,868.5,191591.65822507287,190904.05292720228,107423.49637173013,106420.75251718066,92344.78559638614,113406.53470387499,9690.06118088586,6000.0170627498055,30355.839657365064,33172.24485680637,10970.989884326878,9833.881016598127,11388.600073950649,7996.848948403002,9175.838684957227,9986.955925071508,3477.5103609168136,4887.876916498875,4788.934196189417,6785.233415784423
112,868.6,180111.34670197696,180171.21064051476,99222.51373697145,92556.9072323667,90911.01516469123,98249.90785678905,9663.997410592163,6619.859534887814,31716.10108788913,33840.03900068506,7822.199105788346,9661.467010520486,8135.50258834744,9970.70853506978,6852.989288860056,7350.545850322658,4426.202441169597,5294.329434181904,4104.508684688622,5351.729562123654
113,868.7,165572.98997812296,171093.36621385894,94833.32876969944,87501.13366975891,78985.39185743689,88663.03419859942,7543.794869509227,7504.099099077073,25744.57202721853,29902.837187270005,7271.585786025649,8497.225999939239,9158.666765311254,6967.540161826347,6875.094307195759,8271.706069262604,2731.8815701605104,5767.8753681619855,3422.095108731672,7349.512046773333
114,868.8,132014.29713093603,146773.5867148035,81114.46798045457,83088.25814250766,66890.54740938822,78213.50876026895,7337.673353647928,7063.926306161643,24306.059639291416,22659.113725222676,7121.553757141357,5758.481332811987,6749.473625671192,8500.748543478921,3835.656488677372,9712.523925987565,2441.605145613246,4992.602516092025,2599.1645925115326,3765.837334195594
115,868.9,154865.5156505294,177233.5072680509,96803.12367874425,95793.03240106306,81305.75161082219,101635.63754938659,10240.166785410298,5339.958143123875,30047.950134798586,29442.628284024606,6103.789700336079,7218.954457232508,7993.713123253401,6663.670769356853,6852.429911155717,7073.703864531651,4763.886297026812,3737.2044699958583,3388.603047513806,5469.617617158675
116,869.0,184759.6449667193,201727.3470633121,116488.45657541377,113755.10333267343,89058.02792178279,107233.13430089875,8371.927243654738,7652.802637588541,31743.64354367108,34730.433064501485,8183.666006314638,10833.91774004151,8907.455492598114,8789.300740809089,5449.179864092943,9294.17406261036,4461.291516365643,5489.56439854537,5930.59550251591,5531.481679354899
117,869.1,127577.74878564183,135867.6417692176,84169.91388662341,73885.32185557763,65010.89752768743,69926.92011998361,8512.20020598294,7257.414252581768,22737.79601608657,27869.859900083393,6316.591422880103,7619.571715651708,6779.203753766425,7341.93765828261,6462.307641225563,7661.900077339433,3339.4744312309767,4644.121194935171,4569.9299090163695,5018.143931045136
118,869.2,159425.65025646845,161724.4865334309,98462.1282122935,90905.30047513367,78271.65132745632,77911.2414012931,8933.906476276561,7428.903844623213,25151.82069205033,27317.674691547563,8784.21821700766,7738.729921500371,7704.918611714424,6962.733738834249,6547.6799439027845,7786.917693714996,3703.5364600972453,4511.613452442163,3088.4102297001,4184.216143707738
119,869.3,150766.0444640179,173053.80668134772,108856.07245616992,96831.76219686451,73240.74781650955,80956.4106963657,8499.464839679324,8231.851124842464,26780.743521252505,30914.84285087535,8166.012825346531,7238.351851154583,7969.829338375332,7091.297449145968,5907.60604031159,7265.3129343657565,3845.5158833995097,4592.570885364496,3792.3925638871187,5610.568130957842
120,869.4,154880.42182113056,159471.28577428096,97804.25089012505,93627.64527985314,77271.96423225381,85332.42490094341,9862.437854483052,6648.506847181317,24099.48908389899,31220.777752485046,6544.442914375288,6396.969074858109,6090.836021088358,5138.481257903821,5509.795751351819,8158.465856847293,4314.958043010814,4013.0860843783557,3679.056173381654,3788.5796343323373
121,869.5,148391.92410077518,142595.4634237643,95178.96988334856,83533.96796117119,68557.80765279596,76936.65200018194,7088.951196442724,6036.817160992412,23851.901227383863,24456.8882876466,8140.352640780874,7023.417591500129,8312.178556179138,5856.133553056174,6209.841861846944,7064.775689741339,4057.0229799675067,4467.3406019708855,5200.930702014258,6190.128501010554
122,869.6,143972.34737097562,153491.28650112345,91120.96987331824,93320.44064115337,75041.38645678683,80248.31043987809,8062.505806746366,6633.582520507742,25806.01350494104,28744.192050344067,8197.191751403017,8591.857538787124,9043.475098021594,5387.970668341872,6364.4104619728605,6096.770439405884,3541.7341064979432,4233.081989579738,4621.819463870649,4676.972758715212
123,869.7,158651.59409743466,167744.25319266433,98955.31399263143,98622.12191983241,79628.30826778231,84533.04748458773,8891.118199365403,6806.35252251008,25570.842616356997,30348.727662674646,6567.701451771025,8747.141380865376,8481.373898682772,5853.347241702866,7126.619327937952,8149.1812022269005,5282.903225045193,4939.251013188116,3648.056777866262,5508.096027696784
124,869.8,150967.54181608107,155739.02945256708,95354.18512808638,89591.32252731115,75421.5975638393,83093.9748249431,10300.583794112312,9424.759289463962,28801.585127410563,26211.828776185674,8365.013637982365,7075.766381539274,6640.819524517305,7888.95107530963,5974.571833923516,9510.98898656622,3536.8169812227775,5551.419920013677,2654.7284954866327,5692.559408779194
125,869.9,173920.07777464975,180218.94981746477,103498.42706602205,103950.91730260673,79229.4474790546,88138.75295920584,9796.023716640053,6712.571689078282,25703.031719881837,27856.176084717303,7999.526171065838,8038.983266375622,8297.120648360074,8907.039363190885,7757.184957305064,8458.948059529259,3759.6879887325053,5131.288604239361,4604.81631394884,5153.949773842953
126,870.0,176878.89378006474,190824.61620084173,105960.34517990638,104644.21541823007,85923.68114971822,91386.58960891141,11770.838488512938,10612.566969031297,30416.110106924334,29494.2259720805,9180.643386961332,8700.602338800913,8336.688426579312,8015.438904140059,8285.891137494707,10342.314725003755,4080.582230245191,4745.280090432325,3703.20236999854,4880.406212446097
127,870.1,123549.36829053634,129032.82699236549,72016.77922772014,77859.38532487587,59699.59550394677,65086.80643384583,8918.604959095232,6350.687761019095,20275.44240211584,24157.458072446905,8081.615684304043,10556.815305545122,9048.68931797373,6981.327141388584,6810.47902028088,6076.3982628820495,5123.445409592417,3794.5600824112116,3234.1915666688687,5576.442708482665
128,870.2,168751.56158453663,181278.83610711293,103318.00246959746,102922.80645139051,80034.58115036666,100855.1153275014,11848.09376040012,8733.512544494282,26561.25882221334,30114.22942375899,10898.105891776677,9296.490503068313,9720.304622964215,6583.294801781223,7034.395948868914,7184.80736704805,3740.652105645274,3086.029667941744,3266.6564772064226,3583.3856538057616
129,870.3,145272.98509340885,154570.16801359362,86451.91796591523,84799.5884390169,73503.29982329506,82441.05779925243,9752.405696370526,7651.4440710931585,23086.744921941878,27521.405643328053,7950.820617525945,10329.056718207483,6409.866888310975,7874.528528975361,6386.033932201805,6829.140512823692,4015.653386885859,4557.4869896024375,4800.942633432702,6083.062470601713
130,870.4,151449.22455081143,165244.3817713238,101767.77485452738,96944.64020638341,79534.61231681489,86001.88088822753,9895.566129623288,7634.11624966315,22924.58837033935,29485.21008286746,8048.678772191541,6677.612774539417,7611.210771386604,6360.0656062230155,6112.699757974869,5128.563220395419,4807.620181753135,4876.469787968098,4894.181582216822,5083.018606612986
131,870.5,148878.1376591542,152902.32110325625,89702.04859207195,87366.21869112209,77640.28731242588,80010.48234407144,11967.923161137847,7886.73089557156,24538.90108671275,29296.007521718206,8487.055097298298,9767.222814803441,7649.904529769444,7568.520441183902,5742.30678070588,6408.031289299232,4531.002522773119,3606.074353971151,5548.370229182887,3447.4353204107897
132,870.6,136894.33021790715,139390.39038713722,86347.76301932527,77128.55895624818,66439.49349718523,75910.73469649628,10167.207382320636,6628.896391793346,20750.036257796597,28819.820431870252,6675.120961705174,8439.447521351227,6270.2230359213245,7815.549039558611,4587.622048727446,6459.450706122329,4197.11102078359,4133.169252605848,4299.684273902051,4063.76579172959
133,870.7,153731.54104298414,157237.1961463647,92092.65411979504,85008.18867226546,75570.16322460439,83376.05394266259,8370.54524038275,7976.18652443715,22895.19182803078,27369.187796008984,8696.345902821336,8618.726726596191,6195.875788031948,7538.121216557049,5238.19506780859,7218.450137133666,2843.060504617445,4802.261788803343,3349.683866004562,4695.19396374428
134,870.8,137823.13722810842,151367.5849470521,89414.39996212372,81673.45890502328,63040.88849675686,80915.35847918325,8020.630533827807,10018.907552923998,21389.0144935354,28583.971304072275,8210.488841951765,8085.338296968686,7814.711905501012,7404.807218498388,5947.249859675205,8195.4947670736,3595.4458751182865,5322.82994141564,4613.243677848099,5671.292241584184
135,870.9,113080.67200413617,125679.158702069,74081.23980903235,69522.20767164548,54229.06279491509,64092.57007844061,9685.29408679757,8015.1951725096715,19248.89135339123,20756.17245182034,7760.338304788015,6880.935488473366,6304.841669282473,3752.5407785218936,4977.106700989903,6262.5876802302955,4372.154873503121,6267.986060535069,3853.843717574433,5983.204837790658
136,871.0,156895.656785845,154297.72077945046,89130.07623180405,88709.9855866831,77191.08943188391,86979.22812715908,7702.017346646181,8183.435093244636,24747.75188253433,26516.638800803034,9327.452175371844,8356.350855454051,7992.121200591968,7400.847950477278,6214.435176459096,7032.752021826395,4828.709322639006,5861.337723713041,4343.825261609214,6394.216907638277
137,871.1,132585.92675347926,140510.5231961135,80367.86610010434,79313.58498447013,67233.02237719184,71967.39414347481,9629.833689760502,6709.491654763672,19061.469191905726,26781.938156606135,8214.532077088603,7696.0855910307655,6600.3660644060865,5036.3658450930825,6931.473624892781,5134.032582250727,4051.70392477249,4788.867940222242,2828.8044518763613,4090.4108649420614
138,871.2,132035.15278793516,149999.2871887371,84856.47138756873,81080.72276956488,70188.7765887063,78294.55185759858,7996.451001024843,6573.90391987036,23958.260169277884,27223.54035747686,7863.890332739786,8094.789578150427,6543.610045400395,7037.167169457225,5765.4902411575595,5520.409467698341,3800.0502975237328,5910.035299342824,4099.66004502889,5136.243191452841
139,871.3,147181.8647213818,163386.2519127815,92262.02104653337,87266.15390253025,70229.95459857883,85348.94385366594,10922.436880674772,8052.881541473242,24369.078238675065,31246.32844278635,8688.777295436606,8401.16249164901,5690.364663961634,8007.531765742897,4487.896381490537,7912.6368605802845,3654.8190035366447,5610.919315288653,4448.739746939225,5711.474618303073
140,871.4,138012.22319240106,141489.99255903088,80193.72462441245,81987.36369231595,62002.41298452538,80752.1260915731,7984.281696259661,7636.105092555884,20461.62026510914,24975.659657340577,9261.284502765317,7541.384003888052,8334.72307986126,9087.029672979765,5771.125457870927,8213.690577674583,2910.1755575309376,5289.393451368975,4445.230050041649,5604.331079513503
141,871.5,128491.4112090943,125829.73369217919,81534.41796484344,72324.43949004938,60539.72288110429,64794.42301921115,10615.531806255418,6110.073172574529,21244.121174979624,22558.00508829276,7652.597669524763,7909.218744166392,8220.20191561684,5579.376526521772,6129.459655627674,5660.919671735,4098.076008698136,4533.106023602041,4075.7582361111827,5618.016252194705
142,871.6,124453.54562568503,129159.01643906848,78796.71124209613,69107.28773506625,67395.88030531896,67597.86130055158,10965.54889756256,7268.250461900715,18511.215025300746,20494.107303143577,5998.988826732266,7511.413989318666,6680.433121436554,5895.366112252981,6257.612463320114,5067.850441253778,3504.913370258825,4486.563664145865,3244.2905816231437,3837.105802206886
143,871.7,152272.9505940149,166023.35103777435,97204.9030900285,85243.80548560222,73641.52814663219,86874.35834865064,10364.733968008424,8329.375330000597,25097.624819151984,28439.63838370799,7928.101775336381,7798.276018072492,7216.326063027161,9920.87383280436,5073.46796584754,8561.635475824345,4659.265151989693,4879.195849613328,4329.968916547758,4512.244812911589
144,871.8,154082.85124821516,151476.09887907523,83255.34541602932,91222.66650294706,70051.58667653095,79983.2718703762,8914.237118099389,9269.430627965326,23686.70052739044,24209.690971252727,7281.4002868031475,7722.125567156693,8013.9202354530935,6400.016391544599,8747.040173139974,7352.732316749949,4280.721782190597,5090.1069930168605,5569.431568079939,5216.638014361745
145,871.9,143750.61493904117,153129.60041489077,88859.13406657561,80552.68723543911,70561.70737271236,79508.98671995853,7889.7924743726335,8081.935667988964,21037.248773235395,26518.890954790248,8265.620565040559,9462.169825529641,7928.554116897662,9159.402768968168,5011.24101118669,5235.552372053174,2519.573364887148,4314.663658662182,4042.932556424874,5868.525998441253
146,872.0,138649.31656873066,136541.66489219404,78256.60833440178,78695.86602129023,67262.92204548256,73651.48957005865,9585.013970521732,5974.530056340965,22332.004536692457,25133.711307040114,8312.890171060026,7652.107133519893,6100.098796707352,4186.622840567722,4710.52463860936,6027.166449361534,2833.7144884802647,3682.7508204011674,2483.359735947657,3061.960794498659
147,872.5,139864.97581132987,141994.22232164972,83659.1235779529,77119.85117298175,65550.978408253,77984.85964746644,9167.838701724198,6702.3848661930115,22415.818161307794,22895.572438316576,10978.71311311079,10665.997709079127,8410.240881018419,7257.473009420955,4668.237379572063,7582.56659288439,4285.245860056799,4945.016133640523,4863.559727057258,4024.23930236108
148,873.0,166055.88050078508,166380.27249130193,100340.10771063798,97003.45683013857,82197.3223432156,90752.73671408136,12014.286407652686,5826.207962655673,26363.9554977003,25892.978002747215,9370.821202764067,7621.580830342556,7610.6634721556575,9840.400743315171,6106.597674138698,8683.759898819082,4185.408910273537,3412.8726800360046,3329.661108489523,4101.7979231836325
149,873.5,149091.3110965264,143334.78597102687,89562.01330616056,80082.04847928784,72199.96443257279,75944.30886978908,13012.465730800337,6659.023848711776,28985.414880293712,25267.168075085334,8320.883772643941,8149.185321244975,8027.818017289828,7930.2181996276,6068.298622165419,6467.685597715017,3957.4529067502554,3819.3751292390257,4181.879226899897,4601.771484741423
150,874.0,148174.77755928534,162945.62259763622,90991.93202302267,82428.97178960418,74955.28471645305,86601.27820865734,10009.28698736193,5937.2645504192205,24091.994793887236,29834.418088227332,8503.762052743727,9020.231219575464,6902.947358231737,8184.198420507329,3451.4070894863125,6610.885243001721,3504.612203501083,4279.648901896469,3814.120801674616,4577.903852675139
151,874.5,155276.91843590955,152267.91746090533,89734.33942671768,83002.28418853757,70049.02052873146,83931.39932425204,11597.6214037249,5524.005752044674,25460.285641527087,23355.023969498474,8895.794551008514,9153.948691942514,7480.142779710216,12236.879258390676,6501.941059406375,8517.95439581796,5172.806891068155,3781.5985072112358,4072.388233557429,3663.5775738430593
152,875.0,144878.0277776518,156948.1546686257,84101.12316750333,79550.51106445129,61534.052068329904,80022.6124225484,10578.614345779237,8183.267847337594,26933.69223974994,23382.373557442177,8303.97444545696,8448.928947392806,6972.204958921412,8541.523964713953,5654.224802303472,6061.376418035028,3735.57610526481,4364.755917206,3528.3364657784095,4174.902824137456
153,875.5,130226.34953829841,143035.93872295445,73231.79385447146,78129.74839266959,58779.31772384952,68560.90607478935,10146.13407383752,6049.873729097557,21916.238414433392,21086.63545834155,8380.821577225543,6237.774968690899,5287.811310739724,9523.349036546573,4459.540515155455,7664.119224150614,4747.420400842243,4729.436233989991,4305.342936403738,4866.38233416862
154,876.0,124441.59798396869,128375.20646494695,73470.63944140683,70814.41277115392,62375.92486797652,68259.38266763155,9046.799852365502,4534.192450086867,20082.954990538292,22292.890811200672,6906.349231900605,7914.450909166466,7807.591598412142,6850.78771994979,7968.213667133261,4185.633900294705,4616.069066618703,3082.531364465462,4465.04035247902,4125.8752957145125
155,876.5,125640.78183468053,138594.41041736476,74397.18962646698,78543.57151210483,62403.76036516029,63109.35027592137,11112.924484576395,4991.170712593075,19795.76506552205,23482.237463571546,7142.723515366199,6375.030497906717,8844.561868453178,8459.34935791301,6437.000336135805,7344.758514839952,3589.9193920344974,3857.655746878016,3159.8620415715623,3934.0852140272236
156,877.0,130400.00086013666,128110.33474568638,81125.35970958791,74420.64682605717,63367.80100779055,65506.57775873873,11590.889030083159,7246.221752106163,24903.54299687738,25418.39296730755,6877.329249021246,8675.938459636,4879.311480280012,9587.406187222146,4828.792868294761,7126.190063207169,3886.8007023323,5650.3534618860485,3342.825885678444,4960.087941660126
157,877.5,130022.58055161676,140960.37940190063,78350.54004440784,77846.92561330003,60979.608447211795,72589.0043052271,13355.348098859224,6587.650053504914,21436.843208767328,21444.44242056697,7825.7216390728045,9746.855709824249,8540.64748601275,8684.165933421767,6139.163237820814,6995.607739590926,3343.319893079068,3947.5905506558156,3133.0083735363614,4477.468924299232
158,878.0,136505.11157534996,150919.04395101854,88047.70956547765,86226.96025089954,70362.94251791167,70173.71407180703,12608.702324709759,6440.361189438889,26491.582816959733,25977.915173045978,9613.750871314793,12022.100802413539,5885.930501168908,7672.310974427066,6236.013117404735,5755.248976615123,3993.8458589673983,4854.9318678518675,4356.184031022744,15583.005830800104
159,878.5,134363.407968029,138914.09381657283,81651.7072204375,79514.36871859398,63005.93902176422,71251.60345152815,13121.93158927322,7812.0883369270905,19969.38631388359,26951.052668213415,7496.820760521171,8813.851393658015,7963.201183279525,9533.417364796387,7098.910227193312,8901.351786856363,4545.296090483736,6406.226506132605,3830.787176290668,3993.1453203241085
160,879.0,121051.05981203918,130093.98268414749,73866.96410767715,64414.877875929466,65255.96547175294,69334.02240494477,12329.140889719547,8349.647869284037,20089.801164207132,25941.343004307,7360.481471378978,10074.483066384582,7715.3381782100205,9892.595710838967,6110.563277269115,6920.837171805486,3192.1796592556107,4713.231803783639,4084.978369334085,6905.197388214847
161,879.5,139674.41418675717,155114.97373886628,91129.47123434821,75637.7187534226,67797.61157571677,75386.88005929928,16165.715044435283,7716.751524783699,23405.154085974802,26735.024436305903,9465.898734998606,12773.601016024226,6979.946146185845,9024.601043028495,4834.2368072839645,7109.226598411813,2951.5486150065985,6162.39041303078,3451.628304564519,3817.3015919369454
162,880.0,122468.09438653976,134481.78136717572,76634.70498615754,67976.66034486552,65847.65589692953,69160.88327932921,15478.995621529582,7800.290362868549,21026.965209522194,19959.067125579066,6371.965023133916,7711.465319597559,6088.510593445307,9613.81276056621,4594.59854634791,6747.906698027474,4552.583102341917,4239.2983732639495,4062.8468255367206,4833.640454401023
163,889.9,127077.17021282387,133077.8571212294,107326.26898597562,74009.44873976737,68797.96132497625,75177.2295416529,19373.851827460014,18600.770679482754,20125.61946054516,24872.472250688264,8222.0879980357,8146.425020168708,6542.516419803386,9998.436254825003,4746.586371206959,5994.026435001739,4651.807834671106,4692.303512966115,5073.882034268925,3739.3895830866804
164,900.0,162622.7282016857,159911.6186889354,154877.5862500131,100596.62830373348,74273.83312573413,86098.5322583933,26928.195680170647,27253.550143312033,27433.71775919044,31342.36889922724,9237.32159575434,11398.600055905266,8361.80292983631,10301.270001947576,6987.491818479744,5948.263155441425,4027.252603152023,3846.551946989946,3576.4337832432416,5435.678292663082
165,910.0,204981.10823241156,180232.4841846766,186796.74120160923,177716.1889942721,90007.86096390204,106171.44652434615,30009.84128619239,34115.05980972346,31171.105750901326,35052.69654632435,11481.600798069825,9815.824180141863,9490.147554348736,9771.898495246718,5989.090499542361,6871.470190956483,5984.624610486253,4656.855804551117,4892.081513192939,5525.17127819153
166,919.9,195634.95903063318,181313.18991149374,156885.91259253383,159020.520250052,77017.97745673567,88360.13045805227,23565.10524798301,27823.942565868707,23427.862888227974,29180.998744561424,8574.820145722704,9312.788879005626,10963.821784677266,7704.598474391787,9174.082955549853,4323.832851322761,4011.6946293302017,3713.7928906084026,2895.3946794079634,3933.5270225865406
167,930.0,278835.11282147473,271448.6213104222,193865.80175696104,195181.19797281787,95808.61780944782,96498.19583983097,32565.77339606545,35139.86083000997,36755.620490623056,39054.369220610904,13950.427778643361,11665.655632612705,9484.310207865268,11471.51422593114,5077.360175839284,6935.84651117559,5649.135570011831,5565.94161788569,5606.673376846648,4620.525545924214
168,939.9,261324.4554689882,248860.95386659112,182742.96040677535,182316.43781079075,89839.4677662494,93986.31140082848,31287.489791090422,34858.06850711709,31019.831215402297,37639.18758833428,9173.564900431458,13547.984906080703,5387.461107414132,12349.04759950953,4009.4189330317513,4407.644291536896,4459.0453911466575,4759.861670987195,3773.786171996855,4034.453665484174
169,940.0,3764.209481240346,3666.5165080606994,2820.5766046516565,3942.0146880499306,2872.319917644558,2920.200795433355,3039.6033182084802,3519.6107828839404,3680.0350312750597,3734.4420926845846,4698.585832081271,2534.889586968842,5292.734916409027,2824.039477593266,4758.6533588761195,3911.3815812587663,3671.377848921036,3884.6109096717055,4323.0638990478465,1595.052551873839
