Energy,Difference
270.2,-0.0
270.21999999999997,-0.0
270.23999999999995,-0.0
270.25999999999993,-0.0
270.2799999999999,-0.0
270.2999999999999,-0.0
270.3199999999999,-0.0
270.33999999999986,-0.0
270.35999999999984,-0.0
270.3799999999998,-0.0
270.3999999999998,-0.0
270.4199999999998,-0.0
270.43999999999977,-0.0
270.45999999999975,-0.0
270.47999999999973,-0.0
270.4999999999997,-0.0
270.5199999999997,-0.0
270.5399999999997,-0.0
270.55999999999966,-0.0
270.57999999999964,-0.0
270.5999999999996,-0.0
270.6199999999996,-0.0
270.6399999999996,-0.0
270.65999999999957,-0.0
270.67999999999955,-0.0
270.69999999999953,-0.0
270.7199999999995,-0.0
270.7399999999995,-0.0
270.7599999999995,-0.0
270.77999999999946,-0.0
270.79999999999944,-0.0
270.8199999999994,-0.0
270.8399999999994,-0.0
270.8599999999994,-0.0
270.87999999999937,-0.0
270.89999999999935,-0.0
270.91999999999933,-0.0
270.9399999999993,-0.0
270.9599999999993,-0.0
270.9799999999993,-0.0
270.99999999999926,-0.0
271.01999999999924,-0.0
271.0399999999992,-0.0
271.0599999999992,-0.0
271.0799999999992,-0.0
271.09999999999917,-0.0
271.11999999999915,-0.0
271.13999999999913,-0.0
271.1599999999991,-0.0
271.1799999999991,-0.0
271.1999999999991,-0.0
271.21999999999906,-0.0
271.23999999999904,-0.0
271.259999999999,-0.0
271.279999999999,-0.0
271.299999999999,-0.0
271.31999999999897,-0.0
271.33999999999895,-0.0
271.35999999999893,-0.0
271.3799999999989,-0.0
271.3999999999989,-0.0
271.4199999999989,-0.0
271.43999999999886,-0.0
271.45999999999884,-0.0
271.4799999999988,-0.0
271.4999999999988,-0.0
271.5199999999988,-0.0
271.53999999999877,-0.0
271.55999999999875,-0.0
271.57999999999873,-0.0
271.5999999999987,-0.0
271.6199999999987,-0.0
271.6399999999987,-0.0
271.65999999999866,-0.0
271.67999999999864,-0.0
271.6999999999986,-0.0
271.7199999999986,-0.0
271.7399999999986,-0.0
271.75999999999857,-0.0
271.77999999999855,-0.0
271.79999999999853,-0.0
271.8199999999985,-0.0
271.8399999999985,-0.0
271.8599999999985,-0.0
271.87999999999846,-0.0
271.89999999999844,-0.0
271.9199999999984,-0.0
271.9399999999984,-0.0
271.9599999999984,-0.0
271.97999999999837,-0.0
271.99999999999835,-0.0
272.01999999999833,-0.0
272.0399999999983,-0.0
272.0599999999983,-0.0
272.0799999999983,-0.0
272.09999999999826,-0.0
272.11999999999824,-0.0
272.1399999999982,-0.0
272.1599999999982,-0.0
272.1799999999982,-0.0
272.19999999999817,-0.0
272.21999999999815,-0.0
272.23999999999813,-0.0
272.2599999999981,-0.0
272.2799999999981,-0.0
272.2999999999981,-0.0
272.31999999999806,-0.0
272.33999999999804,-0.0
272.359999999998,-0.0
272.379999999998,-0.0
272.399999999998,-0.0
272.41999999999797,-0.0
272.43999999999795,-0.0
272.45999999999793,-0.0
272.4799999999979,-0.0
272.4999999999979,-0.0
272.5199999999979,-0.0
272.53999999999786,-0.0
272.55999999999784,-0.0
272.5799999999978,-0.0
272.5999999999978,-0.0
272.6199999999978,-0.0
272.63999999999777,-0.0
272.65999999999775,-0.0
272.67999999999773,-0.0
272.6999999999977,-0.0
272.7199999999977,-0.0
272.7399999999977,-0.0
272.75999999999766,-0.0
272.77999999999764,-0.0
272.7999999999976,-0.0
272.8199999999976,-0.0
272.8399999999976,-0.0
272.85999999999757,-0.0
272.87999999999755,-0.0
272.89999999999753,-0.0
272.9199999999975,-0.0
272.9399999999975,-0.0
272.9599999999975,-0.0
272.97999999999746,-0.0
272.99999999999744,-0.0
273.0199999999974,-0.0
273.0399999999974,-0.0
273.0599999999974,-0.0
273.07999999999737,-0.0
273.09999999999735,-0.0
273.11999999999733,-0.0
273.1399999999973,0.0
273.1599999999973,0.0
273.1799999999973,0.0
273.19999999999726,-0.0
273.21999999999724,-0.0
273.2399999999972,-0.0
273.2599999999972,-0.0
273.2799999999972,-0.0
273.29999999999717,-0.0
273.31999999999715,-0.0
273.33999999999713,-0.0
273.3599999999971,-0.0
273.3799999999971,-0.0
273.3999999999971,-0.0
273.41999999999706,-0.0
273.43999999999704,-0.0
273.459999999997,-0.0
273.479999999997,-0.0
273.499999999997,-0.0
273.51999999999697,-0.0
273.53999999999695,-0.0
273.55999999999693,-0.0
273.5799999999969,-0.0
273.5999999999969,-0.0
273.6199999999969,-0.0
273.63999999999686,-0.0
273.65999999999684,-0.0
273.6799999999968,-0.0
273.6999999999968,-0.0
273.7199999999968,-0.0
273.73999999999677,-0.0
273.75999999999675,-0.0
273.77999999999673,-0.0
273.7999999999967,-0.0
273.8199999999967,-0.0
273.8399999999967,-0.0
273.85999999999666,-0.0
273.87999999999664,-0.0
273.8999999999966,-0.0
273.9199999999966,-0.0
273.9399999999966,-0.0
273.95999999999657,-0.0
273.97999999999655,-0.0
273.99999999999653,-0.0
274.0199999999965,-0.0
274.0399999999965,-0.0
274.0599999999965,-0.0
274.07999999999646,-0.0
274.09999999999644,-0.0
274.1199999999964,-0.0
274.1399999999964,-0.0
274.1599999999964,-0.0
274.17999999999637,-0.0
274.19999999999635,-0.0
274.21999999999633,-0.0
274.2399999999963,-0.0
274.2599999999963,-0.0
274.2799999999963,-0.0
274.29999999999626,-0.0
274.31999999999624,-0.0
274.3399999999962,-0.0
274.3599999999962,-0.0
274.3799999999962,-0.0
274.39999999999617,-0.0
274.41999999999615,-0.0
274.43999999999613,-0.0
274.4599999999961,-0.0
274.4799999999961,-0.0
274.4999999999961,-0.0
274.51999999999606,-0.0
274.53999999999604,-0.0
274.559999999996,-0.0
274.579999999996,-0.0
274.599999999996,-0.0
274.61999999999597,-0.0
274.63999999999595,-0.0
274.65999999999593,-0.0
274.6799999999959,-0.0
274.6999999999959,-0.0
274.7199999999959,-0.0
274.73999999999586,-0.0
274.75999999999584,-0.0
274.7799999999958,-0.0
274.7999999999958,-0.0
274.8199999999958,-0.0
274.83999999999577,-0.0
274.85999999999575,-0.0
274.87999999999573,-0.0
274.8999999999957,-0.0
274.9199999999957,-0.0
274.9399999999957,-0.0
274.95999999999566,-0.0
274.97999999999564,-0.0
274.9999999999956,-0.0
275.0199999999956,-0.0
275.0399999999956,-0.0
275.05999999999557,-0.0
275.07999999999555,-0.0
275.09999999999553,-0.0
275.1199999999955,-0.0
275.1399999999955,-0.0
275.1599999999955,-0.0
275.17999999999546,-0.0
275.19999999999544,-0.0
275.2199999999954,-0.0
275.2399999999954,-0.0
275.2599999999954,-0.0
275.27999999999537,-0.0
275.29999999999535,-0.0
275.31999999999533,-0.0
275.3399999999953,-0.0
275.3599999999953,-0.0
275.3799999999953,-0.0
275.39999999999526,-0.0
275.41999999999524,-0.0
275.4399999999952,-0.0
275.4599999999952,-0.0
275.4799999999952,-0.0
275.49999999999517,-0.0
275.51999999999515,-0.0
275.53999999999513,0.0
275.5599999999951,0.0
275.5799999999951,0.0
275.5999999999951,0.0
275.61999999999506,0.0
275.63999999999504,0.0
275.659999999995,0.0
275.679999999995,0.0
275.699999999995,-0.0
275.71999999999497,-0.0
275.73999999999495,-0.0
275.75999999999493,-0.0
275.7799999999949,-0.0
275.7999999999949,-0.0
275.8199999999949,-0.0
275.83999999999486,-0.0
275.85999999999484,-0.0
275.8799999999948,-0.0
275.8999999999948,-0.0
275.9199999999948,-0.0
275.93999999999477,0.0
275.95999999999475,0.0
275.97999999999473,0.0
275.9999999999947,0.0
276.0199999999947,0.0
276.0399999999947,0.0
276.05999999999466,0.0
276.07999999999464,-0.0
276.0999999999946,-0.0
276.1199999999946,-0.0
276.1399999999946,-0.0
276.15999999999457,-0.0
276.17999999999455,-0.0
276.19999999999453,-0.0
276.2199999999945,0.0
276.2399999999945,0.0
276.2599999999945,0.0
276.27999999999446,0.0
276.29999999999444,0.0
276.3199999999944,0.0
276.3399999999944,0.0
276.3599999999944,0.0
276.37999999999437,0.0
276.39999999999435,0.0
276.41999999999433,0.0
276.4399999999943,0.0
276.4599999999943,0.0
276.4799999999943,0.0
276.49999999999426,0.0
276.51999999999424,0.0
276.5399999999942,0.0
276.5599999999942,0.0
276.5799999999942,0.0
276.59999999999417,0.0
276.61999999999415,0.0
276.63999999999413,0.0
276.6599999999941,0.0
276.6799999999941,0.0
276.6999999999941,0.0
276.71999999999406,-0.0
276.73999999999404,-0.0
276.759999999994,-0.0
276.779999999994,-0.0
276.799999999994,-0.0
276.81999999999397,-0.0
276.83999999999395,-0.0
276.85999999999393,-0.0
276.8799999999939,-0.0
276.8999999999939,-0.0
276.9199999999939,0.0
276.93999999999386,0.0
276.95999999999384,0.0
276.9799999999938,0.0
276.9999999999938,0.0
277.0199999999938,0.0
277.03999999999377,0.0
277.05999999999375,0.0
277.07999999999373,0.0
277.0999999999937,0.0
277.1199999999937,0.0
277.1399999999937,0.0
277.15999999999366,0.0
277.17999999999364,0.0
277.1999999999936,0.0
277.2199999999936,0.0
277.2399999999936,0.0
277.25999999999357,0.0
277.27999999999355,0.0
277.29999999999353,0.0
277.3199999999935,0.0
277.3399999999935,0.0
277.3599999999935,0.0
277.37999999999346,0.0
277.39999999999344,0.0
277.4199999999934,0.0
277.4399999999934,0.0
277.4599999999934,0.0
277.47999999999337,0.0
277.49999999999335,0.0
277.51999999999333,0.0
277.5399999999933,0.0
277.5599999999933,0.0
277.5799999999933,0.0
277.59999999999326,0.0
277.61999999999324,0.0
277.6399999999932,0.0
277.6599999999932,0.0
277.6799999999932,0.0
277.69999999999317,0.0
277.71999999999315,0.0
277.73999999999313,0.0
277.7599999999931,0.0
277.7799999999931,0.0
277.7999999999931,0.0
277.81999999999306,0.0
277.83999999999304,0.0
277.859999999993,0.0
277.879999999993,0.0
277.899999999993,0.0
277.91999999999297,0.0
277.93999999999295,0.0
277.95999999999293,0.0
277.9799999999929,0.0
277.9999999999929,0.0
278.0199999999929,0.0
278.03999999999286,0.0
278.05999999999284,0.0
278.0799999999928,0.0
278.0999999999928,0.0
278.1199999999928,0.0
278.13999999999277,0.0
278.15999999999275,0.0
278.17999999999273,0.0
278.1999999999927,0.0
278.2199999999927,0.0
278.2399999999927,0.0
278.25999999999266,0.0
278.27999999999264,0.0
278.2999999999926,0.0
278.3199999999926,0.0
278.3399999999926,0.0
278.35999999999257,0.0
278.37999999999255,0.0
278.39999999999253,0.0
278.4199999999925,0.0
278.4399999999925,0.0
278.4599999999925,0.0
278.47999999999246,0.0
278.49999999999244,0.0
278.5199999999924,0.0
278.5399999999924,0.0
278.5599999999924,0.0
278.57999999999237,0.0
278.59999999999235,0.0
278.61999999999233,0.0
278.6399999999923,0.0
278.6599999999923,0.0
278.6799999999923,0.0
278.69999999999226,0.0
278.71999999999224,0.0
278.7399999999922,0.0
278.7599999999922,0.0
278.7799999999922,0.0
278.79999999999217,0.0
278.81999999999215,0.0
278.83999999999213,0.0
278.8599999999921,0.0
278.8799999999921,0.0
278.8999999999921,0.0
278.91999999999206,0.0
278.93999999999204,0.0
278.959999999992,0.0
278.979999999992,0.0
278.999999999992,0.0
279.01999999999197,0.0
279.03999999999195,0.0
279.05999999999193,0.0
279.0799999999919,0.0
279.0999999999919,0.0
279.1199999999919,0.0
279.13999999999186,0.0
279.15999999999184,0.0
279.1799999999918,0.0
279.1999999999918,0.0
279.2199999999918,0.0
279.23999999999177,0.0
279.25999999999175,0.0
279.27999999999173,0.0
279.2999999999917,0.0
279.3199999999917,0.0
279.3399999999917,0.0
279.35999999999166,0.0
279.37999999999164,0.0
279.3999999999916,0.0
279.4199999999916,0.0
279.4399999999916,0.0
279.45999999999157,0.0
279.47999999999155,0.0
279.49999999999153,0.0
279.5199999999915,0.0
279.5399999999915,0.0
279.5599999999915,0.0
279.57999999999146,0.0
279.59999999999144,0.0
279.6199999999914,0.0
279.6399999999914,0.0
279.6599999999914,0.0
279.67999999999137,0.0
279.69999999999135,0.0
279.71999999999133,0.0
279.7399999999913,0.0
279.7599999999913,0.0
279.7799999999913,0.0
279.79999999999126,0.0
279.81999999999124,0.0
279.8399999999912,0.0
279.8599999999912,0.0
279.8799999999912,0.0
279.89999999999117,0.0
279.91999999999115,0.0
279.93999999999113,0.0
279.9599999999911,0.0
279.9799999999911,0.0
279.9999999999911,0.0
280.01999999999106,0.0
280.03999999999104,0.0
280.059999999991,0.0
280.079999999991,0.0
280.099999999991,0.0
280.11999999999097,0.0
280.13999999999095,0.0
280.15999999999093,0.0
280.1799999999909,0.0
280.1999999999909,0.0
280.2199999999909,0.0
280.23999999999086,0.0
280.25999999999084,0.0
280.2799999999908,0.0
280.2999999999908,0.0
280.3199999999908,0.0
280.33999999999077,0.0
280.35999999999075,0.0
280.37999999999073,0.0
280.3999999999907,0.0
280.4199999999907,0.0
280.4399999999907,0.0
280.45999999999066,0.0
280.47999999999064,0.0
280.4999999999906,0.0
280.5199999999906,0.0
280.5399999999906,0.0
280.55999999999057,0.0
280.57999999999055,0.0
280.59999999999053,0.0
280.6199999999905,0.0
280.6399999999905,0.0
280.6599999999905,0.0
280.67999999999046,0.0
280.69999999999044,0.0
280.7199999999904,0.0
280.7399999999904,0.0
280.7599999999904,0.0
280.77999999999037,0.0
280.79999999999035,0.0
280.81999999999033,0.0
280.8399999999903,0.0
280.8599999999903,0.0
280.8799999999903,0.0
280.89999999999026,0.0
280.91999999999024,0.0
280.9399999999902,0.0
280.9599999999902,0.0
280.9799999999902,0.0
280.99999999999017,0.0
281.01999999999015,0.0
281.03999999999013,0.0
281.0599999999901,0.0
281.0799999999901,0.0
281.0999999999901,0.0
281.11999999999006,0.0
281.13999999999004,0.0
281.15999999999,0.0
281.17999999999,0.0
281.19999999999,0.0
281.21999999998997,0.0
281.23999999998995,0.0
281.25999999998993,0.0
281.2799999999899,0.0
281.2999999999899,0.0
281.3199999999899,0.0
281.33999999998986,0.0
281.35999999998984,0.0
281.3799999999898,0.0
281.3999999999898,0.0
281.4199999999898,0.0
281.43999999998977,0.0
281.45999999998975,0.0
281.47999999998973,0.0
281.4999999999897,0.0
281.5199999999897,0.0
281.5399999999897,0.0
281.55999999998966,0.0
281.57999999998964,0.0
281.5999999999896,0.0
281.6199999999896,0.0
281.6399999999896,0.0
281.65999999998957,0.0
281.67999999998955,0.0
281.69999999998953,0.0
281.7199999999895,0.0
281.7399999999895,0.0
281.7599999999895,0.0
281.77999999998946,0.0
281.79999999998944,0.0
281.8199999999894,0.0
281.8399999999894,0.0
281.8599999999894,0.0
281.87999999998937,0.0
281.89999999998935,0.0
281.91999999998933,0.0
281.9399999999893,0.0
281.9599999999893,0.0
281.9799999999893,0.0
281.99999999998926,0.0
282.01999999998924,0.0
282.0399999999892,0.0
282.0599999999892,0.0
282.0799999999892,0.0
282.09999999998917,0.0
282.11999999998915,0.0
282.13999999998913,0.0
282.1599999999891,0.0
282.1799999999891,0.0
282.1999999999891,0.0
282.21999999998906,0.0
282.23999999998904,0.0
282.259999999989,0.0
282.279999999989,0.0
282.299999999989,0.0
282.31999999998897,0.0
282.33999999998895,0.0
282.35999999998893,0.0
282.3799999999889,0.0
282.3999999999889,0.0
282.4199999999889,0.0
282.43999999998886,0.0
282.45999999998884,0.0
282.4799999999888,0.0
282.4999999999888,0.0
282.5199999999888,0.0
282.53999999998877,0.0
282.55999999998875,0.0
282.57999999998873,0.0
282.5999999999887,0.0
282.6199999999887,0.0
282.6399999999887,0.0
282.65999999998866,0.0
282.67999999998864,0.0
282.6999999999886,0.0
282.7199999999886,0.0
282.7399999999886,0.0
282.75999999998857,0.0
282.77999999998855,0.0
282.79999999998853,0.0
282.8199999999885,1e-07
282.8399999999885,1e-07
282.8599999999885,1e-07
282.87999999998846,1e-07
282.89999999998844,2e-07
282.9199999999884,2e-07
282.9399999999884,3e-07
282.9599999999884,3e-07
282.97999999998837,4e-07
282.99999999998835,5e-07
283.01999999998833,7e-07
283.0399999999883,9e-07
283.0599999999883,1.1e-06
283.0799999999883,1.4e-06
283.09999999998826,1.8e-06
283.11999999998824,2.2e-06
283.1399999999882,2.7e-06
283.1599999999882,3.4e-06
283.1799999999882,4.2e-06
283.19999999998817,5.2e-06
283.21999999998815,6.4e-06
283.23999999998813,7.8e-06
283.2599999999881,9.4e-06
283.2799999999881,1.14e-05
283.2999999999881,1.38e-05
283.31999999998806,1.66e-05
283.33999999998804,1.99e-05
283.359999999988,2.38e-05
283.379999999988,2.83e-05
283.399999999988,3.35e-05
283.41999999998797,3.96e-05
283.43999999998795,4.66e-05
283.45999999998793,5.45e-05
283.4799999999879,6.34e-05
283.4999999999879,7.36e-05
283.5199999999879,8.5e-05
283.53999999998786,9.78e-05
283.55999999998784,0.000112
283.5799999999878,0.0001277
283.5999999999878,0.000145
283.6199999999878,0.000164
283.63999999998777,0.0001847
283.65999999998775,0.0002074
283.67999999998773,0.0002322
283.6999999999877,0.0002589
283.7199999999877,0.0002873
283.7399999999877,0.0003179
283.75999999998766,0.0003499
283.77999999998764,0.0003838
283.7999999999876,0.0004193
283.8199999999876,0.0004554
283.8399999999876,0.0004929
283.85999999998756,0.000531
283.87999999998755,0.0005702
283.89999999998753,0.0006098
283.9199999999875,0.0006496
283.9399999999875,0.0006888
283.9599999999875,0.0007283
283.97999999998746,0.0007677
283.99999999998744,0.0008045
284.0199999999874,0.0008402
284.0399999999874,0.0008751
284.0599999999874,0.0009076
284.07999999998736,0.0009376
284.09999999998735,0.0009653
284.11999999998733,0.0009902
284.1399999999873,0.0010119
284.1599999999873,0.0010301
284.1799999999873,0.0010446
284.19999999998726,0.0010556
284.21999999998724,0.0010629
284.2399999999872,0.0010664
284.2599999999872,0.0010681
284.2799999999872,0.0010673
284.29999999998716,0.0010642
284.31999999998715,0.001059
284.3399999999871,0.001052
284.3599999999871,0.0010439
284.3799999999871,0.0010352
284.3999999999871,0.0010264
284.41999999998706,0.0010181
284.43999999998704,0.0010106
284.459999999987,0.0010044
284.479999999987,0.0010004
284.499999999987,0.0009991
284.51999999998696,0.0010011
284.53999999998695,0.0010068
284.5599999999869,0.0010163
284.5799999999869,0.0010301
284.5999999999869,0.0010487
284.6199999999869,0.0010723
284.63999999998686,0.0011009
284.65999999998684,0.0011342
284.6799999999868,0.0011722
284.6999999999868,0.0012147
284.7199999999868,0.0012618
284.73999999998676,0.0013129
284.75999999998675,0.0013674
284.7799999999867,0.0014242
284.7999999999867,0.001483
284.8199999999867,0.0015432
284.8399999999867,0.0016044
284.85999999998666,0.0016662
284.87999999998664,0.0017257
284.8999999999866,0.0017828
284.9199999999866,0.0018376
284.9399999999866,0.0018872
284.95999999998656,0.0019321
284.97999999998655,0.001972
284.9999999999865,0.0020067
285.0199999999865,0.0020354
285.0399999999865,0.0020575
285.0599999999865,0.002073
285.07999999998646,0.0020816
285.09999999998644,0.0020825
285.1199999999864,0.0020756
285.1399999999864,0.0020619
285.1599999999864,0.0020416
285.17999999998636,0.0020148
285.19999999998635,0.0019805
285.2199999999863,0.0019391
285.2399999999863,0.0018922
285.2599999999863,0.0018412
285.2799999999863,0.0017868
285.29999999998626,0.00173
285.31999999998624,0.0016713
285.3399999999862,0.0016115
285.3599999999862,0.0015508
285.3799999999862,0.0014895
285.39999999998616,0.0014289
285.41999999998615,0.0013679
285.4399999999861,0.0013075
285.4599999999861,0.0012479
285.4799999999861,0.00119
285.4999999999861,0.0011337
285.51999999998606,0.0010802
285.53999999998604,0.0010296
285.559999999986,0.0009818
285.579999999986,0.0009367
285.599999999986,0.0008941
285.61999999998596,0.0008545
285.63999999998595,0.0008177
285.6599999999859,0.0007835
285.6799999999859,0.0007519
285.6999999999859,0.000723
285.7199999999859,0.0006968
285.73999999998586,0.000673
285.75999999998584,0.0006508
285.7799999999858,0.0006308
285.7999999999858,0.0006126
285.8199999999858,0.0005961
285.83999999998576,0.0005808
285.85999999998575,0.0005668
285.8799999999857,0.0005538
285.8999999999857,0.0005418
285.9199999999857,0.0005306
285.9399999999857,0.0005203
285.95999999998565,0.0005106
285.97999999998564,0.0005016
285.9999999999856,0.0004931
286.0199999999856,0.0004851
286.0399999999856,0.0004775
286.05999999998556,0.0004704
286.07999999998555,0.0004636
286.0999999999855,0.0004572
286.1199999999855,0.0004512
286.1399999999855,0.0004456
286.1599999999855,0.0004404
286.17999999998545,0.0004357
286.19999999998544,0.0004315
286.2199999999854,0.0004277
286.2399999999854,0.0004246
286.2599999999854,0.000422
286.27999999998536,0.0004202
286.29999999998535,0.0004191
286.3199999999853,0.000419
286.3399999999853,0.00042
286.3599999999853,0.0004219
286.3799999999853,0.0004247
286.39999999998525,0.0004284
286.41999999998524,0.0004331
286.4399999999852,0.0004387
286.4599999999852,0.0004453
286.4799999999852,0.0004529
286.49999999998516,0.0004613
286.51999999998515,0.0004706
286.5399999999851,0.000481
286.5599999999851,0.0004925
286.5799999999851,0.0005052
286.5999999999851,0.0005188
286.61999999998505,0.0005335
286.63999999998504,0.0005489
286.659999999985,0.0005653
286.679999999985,0.0005823
286.699999999985,0.0005989
286.71999999998496,0.0006156
286.73999999998495,0.000632
286.7599999999849,0.0006486
286.7799999999849,0.0006654
286.7999999999849,0.0006817
286.8199999999849,0.0006974
286.83999999998485,0.0007126
286.85999999998484,0.0007254
286.8799999999848,0.0007366
286.8999999999848,0.0007458
286.9199999999848,0.0007522
286.93999999998476,0.0007573
286.95999999998475,0.0007605
286.9799999999847,0.0007615
286.9999999999847,0.00076
287.0199999999847,0.000756
287.0399999999847,0.0007504
287.05999999998465,0.0007427
287.07999999998464,0.000733
287.0999999999846,0.0007213
287.1199999999846,0.0007073
287.1399999999846,0.0006913
287.15999999998456,0.0006734
287.17999999998455,0.0006541
287.1999999999845,0.0006336
287.2199999999845,0.0006121
287.2399999999845,0.0005899
287.2599999999845,0.0005673
287.27999999998445,0.0005446
287.29999999998444,0.0005223
287.3199999999844,0.0005001
287.3399999999844,0.0004783
287.3599999999844,0.0004572
287.37999999998436,0.0004369
287.39999999998435,0.0004176
287.4199999999843,0.0003994
287.4399999999843,0.0003823
287.4599999999843,0.0003664
287.4799999999843,0.0003518
287.49999999998425,0.0003386
287.51999999998424,0.0003265
287.5399999999842,0.0003157
287.5599999999842,0.0003059
287.5799999999842,0.0002972
287.59999999998416,0.0002895
287.61999999998415,0.0002827
287.6399999999841,0.0002768
287.6599999999841,0.0002716
287.6799999999841,0.000267
287.6999999999841,0.000263
287.71999999998405,0.0002596
287.73999999998404,0.0002567
287.759999999984,0.0002543
287.779999999984,0.0002524
287.799999999984,0.0002509
287.81999999998396,0.0002499
287.83999999998395,0.0002492
287.8599999999839,0.0002489
287.8799999999839,0.0002489
287.8999999999839,0.0002492
287.9199999999839,0.0002499
287.93999999998385,0.0002508
287.95999999998384,0.0002519
287.9799999999838,0.0002533
287.9999999999838,0.0002549
288.0199999999838,0.0002567
288.03999999998376,0.0002589
288.05999999998375,0.0002615
288.0799999999837,0.0002642
288.0999999999837,0.0002671
288.1199999999837,0.0002703
288.1399999999837,0.0002739
288.15999999998365,0.0002776
288.17999999998364,0.0002817
288.1999999999836,0.0002863
288.2199999999836,0.0002914
288.2399999999836,0.000297
288.25999999998356,0.0003031
288.27999999998354,0.0003098
288.2999999999835,0.0003172
288.3199999999835,0.000325
288.3399999999835,0.0003336
288.3599999999835,0.0003432
288.37999999998345,0.0003536
288.39999999998344,0.0003645
288.4199999999834,0.0003763
288.4399999999834,0.0003888
288.4599999999834,0.000402
288.47999999998336,0.0004157
288.49999999998334,0.0004301
288.5199999999833,0.0004451
288.5399999999833,0.0004605
288.5599999999833,0.0004763
288.5799999999833,0.0004922
288.59999999998325,0.0005081
288.61999999998324,0.0005239
288.6399999999832,0.0005394
288.6599999999832,0.0005545
288.6799999999832,0.0005692
288.69999999998316,0.0005833
288.71999999998314,0.0005964
288.7399999999831,0.0006086
288.7599999999831,0.0006198
288.7799999999831,0.0006299
288.7999999999831,0.0006389
288.81999999998305,0.0006464
288.83999999998304,0.0006525
288.859999999983,0.0006573
288.879999999983,0.0006607
288.899999999983,0.0006626
288.91999999998296,0.0006631
288.93999999998294,0.0006621
288.9599999999829,0.0006599
288.9799999999829,0.0006566
288.9999999999829,0.0006521
289.0199999999829,0.0006465
289.03999999998285,0.0006401
289.05999999998284,0.0006329
289.0799999999828,0.000625
289.0999999999828,0.0006167
289.1199999999828,0.0006079
289.13999999998276,0.0005989
289.15999999998274,0.0005897
289.1799999999827,0.0005806
289.1999999999827,0.0005716
289.2199999999827,0.0005628
289.2399999999827,0.0005543
289.25999999998265,0.0005461
289.27999999998264,0.0005384
289.2999999999826,0.0005311
289.3199999999826,0.0005243
289.3399999999826,0.000518
289.35999999998256,0.0005121
289.37999999998254,0.0005068
289.3999999999825,0.000502
289.4199999999825,0.0004975
289.4399999999825,0.0004934
289.4599999999825,0.0004896
289.47999999998245,0.0004861
289.49999999998244,0.000483
289.5199999999824,0.00048
289.5399999999824,0.0004773
289.5599999999824,0.0004749
289.57999999998236,0.0004726
289.59999999998234,0.0004706
289.6199999999823,0.0004688
289.6399999999823,0.0004671
289.6599999999823,0.0004656
289.6799999999823,0.0004642
289.69999999998225,0.0004628
289.71999999998224,0.0004616
289.7399999999822,0.0004604
289.7599999999822,0.0004593
289.7799999999822,0.0004583
289.79999999998216,0.0004573
289.81999999998214,0.0004564
289.8399999999821,0.0004555
289.8599999999821,0.0004547
289.8799999999821,0.0004539
289.8999999999821,0.0004531
289.91999999998205,0.0004524
289.93999999998204,0.0004515
289.959999999982,0.0004507
289.979999999982,0.0004499
289.999999999982,0.0004489
290.01999999998196,0.0004477
290.03999999998194,0.0004463
290.0599999999819,0.0004446
290.0799999999819,0.0004428
290.0999999999819,0.0004407
290.11999999998187,0.0004385
290.13999999998185,0.0004361
290.15999999998184,0.0004333
290.1799999999818,0.0004302
290.1999999999818,0.0004267
290.2199999999818,0.0004229
290.23999999998176,0.0004187
290.25999999998174,0.0004139
290.2799999999817,0.0004089
290.2999999999817,0.0004034
290.3199999999817,0.0003976
290.33999999998167,0.0003914
290.35999999998165,0.0003849
290.37999999998164,0.000378
290.3999999999816,0.0003706
290.4199999999816,0.0003628
290.4399999999816,0.0003545
290.45999999998156,0.000346
290.47999999998154,0.0003371
290.4999999999815,0.000328
290.5199999999815,0.0003186
290.5399999999815,0.000309
290.55999999998147,0.0002992
290.57999999998145,0.0002892
290.59999999998143,0.000279
290.6199999999814,0.0002687
290.6399999999814,0.0002583
290.6599999999814,0.0002478
290.67999999998136,0.0002374
290.69999999998134,0.0002269
290.7199999999813,0.0002166
290.7399999999813,0.0002064
290.7599999999813,0.0001963
290.77999999998127,0.0001864
290.79999999998125,0.0001766
290.81999999998123,0.000167
290.8399999999812,0.0001577
290.8599999999812,0.0001485
290.8799999999812,0.0001396
290.89999999998116,0.0001309
290.91999999998114,0.0001225
290.9399999999811,0.0001144
290.9599999999811,0.0001066
290.9799999999811,9.91e-05
290.99999999998107,9.18e-05
291.01999999998105,8.49e-05
291.03999999998103,7.82e-05
291.059999999981,7.17e-05
291.079999999981,6.57e-05
291.099999999981,5.96e-05
291.11999999998096,5.37e-05
291.13999999998094,4.79e-05
291.1599999999809,4.24e-05
291.1799999999809,3.71e-05
291.1999999999809,3.21e-05
291.21999999998087,2.75e-05
291.23999999998085,2.31e-05
291.25999999998083,1.9e-05
291.2799999999808,1.51e-05
291.2999999999808,1.14e-05
291.3199999999808,7.8e-06
291.33999999998076,4.4e-06
291.35999999998074,1.1e-06
291.3799999999807,-2.1e-06
291.3999999999807,-5.1e-06
291.4199999999807,-8.1e-06
291.43999999998067,-1.1e-05
291.45999999998065,-1.36e-05
291.47999999998063,-1.62e-05
291.4999999999806,-1.88e-05
291.5199999999806,-2.12e-05
291.5399999999806,-2.34e-05
291.55999999998056,-2.57e-05
291.57999999998054,-2.8e-05
291.5999999999805,-3.02e-05
291.6199999999805,-3.25e-05
291.6399999999805,-3.46e-05
291.65999999998047,-3.68e-05
291.67999999998045,-3.91e-05
291.69999999998043,-4.14e-05
291.7199999999804,-4.36e-05
291.7399999999804,-4.58e-05
291.7599999999804,-4.8e-05
291.77999999998036,-5.03e-05
291.79999999998034,-5.26e-05
291.8199999999803,-5.49e-05
291.8399999999803,-5.72e-05
291.8599999999803,-5.96e-05
291.87999999998027,-6.19e-05
291.89999999998025,-6.44e-05
291.91999999998023,-6.68e-05
291.9399999999802,-6.93e-05
291.9599999999802,-7.19e-05
291.9799999999802,-7.45e-05
291.99999999998016,-7.7e-05
292.01999999998014,-7.97e-05
292.0399999999801,-8.23e-05
292.0599999999801,-8.5e-05
292.0799999999801,-8.76e-05
292.09999999998007,-9.04e-05
292.11999999998005,-9.31e-05
292.13999999998003,-9.6e-05
292.15999999998,-9.88e-05
292.17999999998,-0.0001017
292.19999999998,-0.0001046
292.21999999997996,-0.0001076
292.23999999997994,-0.0001106
292.2599999999799,-0.0001136
292.2799999999799,-0.0001167
292.2999999999799,-0.0001198
292.31999999997987,-0.0001229
292.33999999997985,-0.000126
292.35999999997983,-0.0001292
292.3799999999798,-0.0001324
292.3999999999798,-0.0001356
292.4199999999798,-0.0001388
292.43999999997976,-0.000142
292.45999999997974,-0.0001453
292.4799999999797,-0.0001485
292.4999999999797,-0.0001518
292.5199999999797,-0.0001551
292.53999999997967,-0.0001584
292.55999999997965,-0.0001617
292.57999999997963,-0.000165
292.5999999999796,-0.0001683
292.6199999999796,-0.0001717
292.6399999999796,-0.000175
292.65999999997956,-0.0001784
292.67999999997954,-0.0001817
292.6999999999795,-0.000185
292.7199999999795,-0.0001884
292.7399999999795,-0.0001917
292.75999999997947,-0.000195
292.77999999997945,-0.0001983
292.79999999997943,-0.0002016
292.8199999999794,-0.0002049
292.8399999999794,-0.0002081
292.8599999999794,-0.0002114
292.87999999997936,-0.0002146
292.89999999997934,-0.0002178
292.9199999999793,-0.000221
292.9399999999793,-0.0002241
292.9599999999793,-0.0002272
292.97999999997927,-0.0002304
292.99999999997925,-0.0002334
293.01999999997923,-0.0002365
293.0399999999792,-0.0002395
293.0599999999792,-0.0002425
293.0799999999792,-0.0002454
293.09999999997916,-0.0002483
293.11999999997914,-0.0002512
293.1399999999791,-0.000254
293.1599999999791,-0.0002569
293.1799999999791,-0.0002596
293.19999999997907,-0.0002623
293.21999999997905,-0.000265
293.23999999997903,-0.0002676
293.259999999979,-0.0002702
293.279999999979,-0.0002728
293.299999999979,-0.0002753
293.31999999997896,-0.0002777
293.33999999997894,-0.0002801
293.3599999999789,-0.0002825
293.3799999999789,-0.0002848
293.3999999999789,-0.000287
293.41999999997887,-0.0002892
293.43999999997885,-0.0002914
293.45999999997883,-0.0002935
293.4799999999788,-0.0002955
293.4999999999788,-0.0002976
293.5199999999788,-0.0002995
293.53999999997876,-0.0003014
293.55999999997874,-0.0003033
293.5799999999787,-0.0003051
293.5999999999787,-0.0003068
293.6199999999787,-0.0003085
293.63999999997867,-0.0003101
293.65999999997865,-0.0003117
293.67999999997863,-0.0003133
293.6999999999786,-0.0003147
293.7199999999786,-0.0003162
293.7399999999786,-0.0003176
293.75999999997856,-0.0003189
293.77999999997854,-0.0003202
293.7999999999785,-0.0003214
293.8199999999785,-0.0003226
293.8399999999785,-0.0003238
293.85999999997847,-0.0003248
293.87999999997845,-0.0003259
293.89999999997843,-0.0003269
293.9199999999784,-0.0003279
293.9399999999784,-0.0003288
293.9599999999784,-0.0003297
293.97999999997836,-0.0003305
293.99999999997834,-0.0003313
294.0199999999783,-0.000332
294.0399999999783,-0.0003327
294.0599999999783,-0.0003334
294.07999999997827,-0.000334
294.09999999997825,-0.0003346
294.11999999997823,-0.0003351
294.1399999999782,-0.0003356
294.1599999999782,-0.0003361
294.1799999999782,-0.0003365
294.19999999997816,-0.0003369
294.21999999997814,-0.0003373
294.2399999999781,-0.0003376
294.2599999999781,-0.0003379
294.2799999999781,-0.0003382
294.29999999997807,-0.0003385
294.31999999997805,-0.0003387
294.33999999997803,-0.0003389
294.359999999978,-0.0003391
294.379999999978,-0.0003393
294.399999999978,-0.0003394
294.41999999997796,-0.0003394
294.43999999997794,-0.0003395
294.4599999999779,-0.0003395
294.4799999999779,-0.0003396
294.4999999999779,-0.0003396
294.51999999997787,-0.0003396
294.53999999997785,-0.0003396
294.55999999997783,-0.0003396
294.5799999999778,-0.0003395
294.5999999999778,-0.0003396
294.6199999999778,-0.0003397
294.63999999997776,-0.0003398
294.65999999997774,-0.0003398
294.6799999999777,-0.0003398
294.6999999999777,-0.0003397
294.7199999999777,-0.0003395
294.73999999997767,-0.0003393
294.75999999997765,-0.000339
294.77999999997763,-0.0003387
294.7999999999776,-0.0003384
294.8199999999776,-0.0003382
294.8399999999776,-0.0003381
294.85999999997756,-0.0003379
294.87999999997754,-0.0003377
294.8999999999775,-0.0003376
294.9199999999775,-0.0003374
294.9399999999775,-0.0003373
294.95999999997747,-0.0003371
294.97999999997745,-0.0003369
294.99999999997743,-0.0003368
295.0199999999774,-0.0003366
295.0399999999774,-0.0003364
295.0599999999774,-0.0003362
295.07999999997736,-0.000336
295.09999999997734,-0.0003358
295.1199999999773,-0.0003355
295.1399999999773,-0.0003353
295.1599999999773,-0.0003351
295.17999999997727,-0.0003349
295.19999999997725,-0.0003347
295.21999999997723,-0.0003345
295.2399999999772,-0.0003342
295.2599999999772,-0.000334
295.2799999999772,-0.0003338
295.29999999997716,-0.0003336
295.31999999997714,-0.0003334
295.3399999999771,-0.0003331
295.3599999999771,-0.0003329
295.3799999999771,-0.0003327
295.39999999997707,-0.0003325
295.41999999997705,-0.0003323
295.43999999997703,-0.0003321
295.459999999977,-0.0003319
295.479999999977,-0.0003317
295.499999999977,-0.0003315
295.51999999997696,-0.0003313
295.53999999997694,-0.000331
295.5599999999769,-0.0003307
295.5799999999769,-0.0003305
295.5999999999769,-0.0003302
295.61999999997687,-0.00033
295.63999999997685,-0.0003298
295.65999999997683,-0.0003295
295.6799999999768,-0.0003293
295.6999999999768,-0.0003291
295.7199999999768,-0.0003289
295.73999999997676,-0.0003287
295.75999999997674,-0.0003284
295.7799999999767,-0.0003282
295.7999999999767,-0.000328
295.8199999999767,-0.0003278
295.83999999997667,-0.0003275
295.85999999997665,-0.0003273
295.87999999997663,-0.000327
295.8999999999766,-0.0003268
295.9199999999766,-0.0003265
295.9399999999766,-0.0003263
295.95999999997656,-0.000326
295.97999999997654,-0.0003257
295.9999999999765,-0.0003255
296.0199999999765,-0.0003252
296.0399999999765,-0.000325
296.05999999997647,-0.0003247
296.07999999997645,-0.0003245
296.09999999997643,-0.0003242
296.1199999999764,-0.000324
296.1399999999764,-0.0003237
296.1599999999764,-0.0003235
296.17999999997636,-0.0003232
296.19999999997634,-0.000323
296.2199999999763,-0.0003227
296.2399999999763,-0.0003225
296.2599999999763,-0.0003222
296.27999999997627,-0.000322
296.29999999997625,-0.0003217
296.31999999997623,-0.0003215
296.3399999999762,-0.0003212
296.3599999999762,-0.000321
296.3799999999762,-0.0003208
296.39999999997616,-0.0003205
296.41999999997614,-0.0003203
296.4399999999761,-0.0003201
296.4599999999761,-0.0003199
296.4799999999761,-0.0003196
296.49999999997607,-0.0003194
296.51999999997605,-0.0003192
296.53999999997603,-0.000319
296.559999999976,-0.0003188
296.579999999976,-0.0003186
296.599999999976,-0.0003184
296.61999999997596,-0.0003182
296.63999999997594,-0.000318
296.6599999999759,-0.0003179
296.6799999999759,-0.0003177
296.6999999999759,-0.0003175
296.71999999997587,-0.0003173
296.73999999997585,-0.0003172
296.75999999997583,-0.000317
296.7799999999758,-0.0003169
296.7999999999758,-0.0003168
296.8199999999758,-0.0003167
296.83999999997576,-0.0003166
296.85999999997574,-0.0003165
296.8799999999757,-0.0003165
296.8999999999757,-0.0003164
296.9199999999757,-0.0003163
296.93999999997567,-0.0003162
296.95999999997565,-0.0003161
296.97999999997563,-0.000316
296.9999999999756,-0.0003159
297.0199999999756,-0.0003159
297.0399999999756,-0.0003159
297.05999999997556,-0.0003159
297.07999999997554,-0.0003159
297.0999999999755,-0.0003159
297.1199999999755,-0.0003159
297.1399999999755,-0.0003159
297.15999999997547,-0.000316
297.17999999997545,-0.000316
297.19999999997543,-0.0003161
297.2199999999754,-0.0003162
297.2399999999754,-0.0003162
297.2599999999754,-0.0003163
297.27999999997536,-0.0003164
297.29999999997534,-0.0003165
297.3199999999753,-0.0003166
297.3399999999753,-0.0003168
297.3599999999753,-0.0003169
297.37999999997527,-0.0003171
297.39999999997525,-0.0003173
297.41999999997523,-0.0003174
297.4399999999752,-0.0003176
297.4599999999752,-0.0003179
297.4799999999752,-0.0003181
297.49999999997516,-0.0003183
297.51999999997514,-0.0003185
297.5399999999751,-0.0003187
297.5599999999751,-0.0003189
297.5799999999751,-0.0003192
297.59999999997507,-0.0003194
297.61999999997505,-0.0003197
297.63999999997503,-0.0003199
297.659999999975,-0.0003202
297.679999999975,-0.0003205
297.699999999975,-0.0003208
297.71999999997496,-0.0003211
297.73999999997494,-0.0003214
297.7599999999749,-0.0003217
297.7799999999749,-0.0003221
297.7999999999749,-0.0003224
297.81999999997487,-0.0003227
297.83999999997485,-0.0003231
297.85999999997483,-0.0003234
297.8799999999748,-0.0003238
297.8999999999748,-0.0003241
297.9199999999748,-0.0003245
297.93999999997476,-0.0003249
297.95999999997474,-0.0003252
297.9799999999747,-0.0003256
297.9999999999747,-0.000326
298.0199999999747,-0.0003264
298.03999999997467,-0.0003268
298.05999999997465,-0.0003272
298.07999999997463,-0.0003276
298.0999999999746,-0.000328
298.1199999999746,-0.0003284
298.1399999999746,-0.0003288
298.15999999997456,-0.0003292
298.17999999997454,-0.0003296
298.1999999999745,-0.00033
298.2199999999745,-0.0003304
298.2399999999745,-0.0003308
298.25999999997447,-0.0003312
298.27999999997445,-0.0003316
298.29999999997443,-0.000332
298.3199999999744,-0.0003324
298.3399999999744,-0.0003328
298.3599999999744,-0.0003332
298.37999999997436,-0.0003336
298.39999999997434,-0.000334
298.4199999999743,-0.0003344
298.4399999999743,-0.0003348
298.4599999999743,-0.0003352
298.47999999997427,-0.0003356
298.49999999997425,-0.000336
298.51999999997423,-0.0003363
298.5399999999742,-0.0003367
298.5599999999742,-0.0003371
298.5799999999742,-0.0003375
298.59999999997416,-0.0003378
298.61999999997414,-0.0003382
298.6399999999741,-0.0003385
298.6599999999741,-0.0003389
298.6799999999741,-0.0003392
298.69999999997407,-0.0003395
298.71999999997405,-0.0003399
298.73999999997403,-0.0003402
298.759999999974,-0.0003405
298.779999999974,-0.0003408
298.799999999974,-0.0003411
298.81999999997396,-0.0003414
298.83999999997394,-0.0003417
298.8599999999739,-0.000342
298.8799999999739,-0.0003423
298.8999999999739,-0.0003426
298.91999999997387,-0.0003428
298.93999999997385,-0.0003431
298.95999999997383,-0.0003433
298.9799999999738,-0.0003436
298.9999999999738,-0.0003438
299.0199999999738,-0.000344
299.03999999997376,-0.0003442
299.05999999997374,-0.0003445
299.0799999999737,-0.0003447
299.0999999999737,-0.0003448
299.1199999999737,-0.000345
299.13999999997367,-0.0003452
299.15999999997365,-0.0003454
299.17999999997363,-0.0003455
299.1999999999736,-0.0003457
299.2199999999736,-0.0003458
299.2399999999736,-0.000346
299.25999999997356,-0.0003461
299.27999999997354,-0.0003462
299.2999999999735,-0.0003463
299.3199999999735,-0.0003464
299.3399999999735,-0.0003465
299.35999999997347,-0.0003466
299.37999999997345,-0.0003467
299.39999999997343,-0.0003467
299.4199999999734,-0.0003468
299.4399999999734,-0.0003469
299.4599999999734,-0.0003469
299.47999999997336,-0.0003469
299.49999999997334,-0.000347
299.5199999999733,-0.000347
299.5399999999733,-0.000347
299.5599999999733,-0.000347
299.57999999997327,-0.000347
299.59999999997325,-0.000347
299.61999999997323,-0.0003469
299.6399999999732,-0.0003469
299.6599999999732,-0.0003468
299.6799999999732,-0.0003468
299.69999999997316,-0.0003467
299.71999999997314,-0.0003467
299.7399999999731,-0.0003466
299.7599999999731,-0.0003465
299.7799999999731,-0.0003465
299.79999999997307,-0.0003464
299.81999999997305,-0.0003464
299.83999999997303,-0.0003463
299.859999999973,-0.0003462
299.879999999973,-0.0003461
299.899999999973,-0.0003459
299.91999999997296,-0.0003458
299.93999999997294,-0.0003457
299.9599999999729,-0.0003456
299.9799999999729,-0.0003454
299.9999999999729,-0.0003453
300.01999999997287,-0.0003451
300.03999999997285,-0.000345
300.05999999997283,-0.0003448
300.0799999999728,-0.0003447
300.0999999999728,-0.0003445
300.1199999999728,-0.0003443
300.13999999997276,-0.0003441
300.15999999997274,-0.000344
300.1799999999727,-0.0003438
300.1999999999727,-0.0003436
300.2199999999727,-0.0003435
300.23999999997267,-0.0003433
300.25999999997265,-0.0003432
300.27999999997263,-0.000343
300.2999999999726,-0.0003428
300.3199999999726,-0.0003426
300.3399999999726,-0.0003423
300.35999999997256,-0.0003421
300.37999999997254,-0.0003418
300.3999999999725,-0.0003416
300.4199999999725,-0.0003413
300.4399999999725,-0.0003411
300.45999999997247,-0.0003409
300.47999999997245,-0.0003407
300.49999999997243,-0.0003405
300.5199999999724,-0.0003403
300.5399999999724,-0.0003401
300.5599999999724,-0.0003398
300.57999999997236,-0.0003396
300.59999999997234,-0.0003394
300.6199999999723,-0.0003392
300.6399999999723,-0.0003389
300.6599999999723,-0.0003387
300.67999999997227,-0.0003385
300.69999999997225,-0.0003382
300.71999999997223,-0.000338
300.7399999999722,-0.0003378
300.7599999999722,-0.0003376
300.7799999999722,-0.0003374
300.79999999997216,-0.0003371
300.81999999997214,-0.0003369
300.8399999999721,-0.0003367
300.8599999999721,-0.0003365
300.8799999999721,-0.0003363
300.89999999997207,-0.000336
300.91999999997205,-0.0003358
300.93999999997203,-0.0003356
300.959999999972,-0.0003354
300.979999999972,-0.0003352
300.999999999972,-0.0003349
301.01999999997196,-0.0003347
301.03999999997194,-0.0003345
301.0599999999719,-0.0003343
301.0799999999719,-0.0003341
301.0999999999719,-0.0003339
301.11999999997187,-0.0003337
301.13999999997185,-0.0003335
301.15999999997183,-0.0003333
301.1799999999718,-0.0003331
301.1999999999718,-0.0003329
301.2199999999718,-0.0003327
301.23999999997176,-0.0003325
301.25999999997174,-0.0003323
301.2799999999717,-0.0003322
301.2999999999717,-0.000332
301.3199999999717,-0.0003318
301.33999999997167,-0.0003316
301.35999999997165,-0.0003314
301.37999999997163,-0.0003312
301.3999999999716,-0.000331
301.4199999999716,-0.0003309
301.4399999999716,-0.0003307
301.45999999997156,-0.0003305
301.47999999997154,-0.0003304
301.4999999999715,-0.0003302
301.5199999999715,-0.0003301
301.5399999999715,-0.0003299
301.55999999997147,-0.0003298
301.57999999997145,-0.0003296
301.59999999997143,-0.0003295
301.6199999999714,-0.0003293
301.6399999999714,-0.0003292
301.6599999999714,-0.0003291
301.67999999997136,-0.0003289
301.69999999997134,-0.0003288
301.7199999999713,-0.0003287
301.7399999999713,-0.0003285
301.7599999999713,-0.0003284
301.77999999997127,-0.0003283
301.79999999997125,-0.0003281
301.81999999997123,-0.000328
301.8399999999712,-0.0003279
301.8599999999712,-0.0003278
301.8799999999712,-0.0003276
301.89999999997116,-0.0003275
301.91999999997114,-0.0003274
301.9399999999711,-0.0003273
301.9599999999711,-0.0003272
301.9799999999711,-0.0003271
301.99999999997107,-0.000327
302.01999999997105,-0.0003269
302.03999999997103,-0.0003268
302.059999999971,-0.0003267
302.079999999971,-0.0003266
302.099999999971,-0.0003264
302.11999999997096,-0.0003263
302.13999999997094,-0.0003262
302.1599999999709,-0.0003261
302.1799999999709,-0.000326
302.1999999999709,-0.0003259
302.21999999997087,-0.0003258
302.23999999997085,-0.0003257
302.25999999997083,-0.0003257
302.2799999999708,-0.0003256
302.2999999999708,-0.0003255
302.3199999999708,-0.0003254
302.33999999997076,-0.0003253
302.35999999997074,-0.0003252
302.3799999999707,-0.0003251
302.3999999999707,-0.000325
302.4199999999707,-0.0003249
302.43999999997067,-0.0003248
302.45999999997065,-0.0003247
302.47999999997063,-0.0003246
302.4999999999706,-0.0003246
302.5199999999706,-0.0003245
302.5399999999706,-0.0003244
302.55999999997056,-0.0003243
302.57999999997054,-0.0003242
302.5999999999705,-0.0003241
302.6199999999705,-0.0003239
302.6399999999705,-0.0003238
302.65999999997047,-0.0003237
302.67999999997045,-0.0003236
302.69999999997043,-0.0003235
302.7199999999704,-0.0003234
302.7399999999704,-0.0003233
302.7599999999704,-0.0003232
302.77999999997036,-0.0003231
302.79999999997034,-0.000323
302.8199999999703,-0.0003228
302.8399999999703,-0.0003227
302.8599999999703,-0.0003226
302.87999999997027,-0.0003225
302.89999999997025,-0.0003223
302.91999999997023,-0.0003222
302.9399999999702,-0.0003221
302.9599999999702,-0.0003219
302.9799999999702,-0.0003218
302.99999999997016,-0.0003217
303.01999999997014,-0.0003215
303.0399999999701,-0.0003214
303.0599999999701,-0.0003213
303.0799999999701,-0.0003211
303.09999999997007,-0.0003209
303.11999999997005,-0.0003208
303.13999999997003,-0.0003206
303.15999999997,-0.0003204
303.17999999997,-0.0003202
303.19999999997,-0.00032
303.21999999996996,-0.0003198
303.23999999996994,-0.0003196
303.2599999999699,-0.0003194
303.2799999999699,-0.0003192
303.2999999999699,-0.000319
303.31999999996987,-0.0003188
303.33999999996985,-0.0003185
303.35999999996983,-0.0003183
303.3799999999698,-0.0003181
303.3999999999698,-0.0003179
303.4199999999698,-0.0003176
303.43999999996976,-0.0003173
303.45999999996974,-0.0003171
303.4799999999697,-0.0003168
303.4999999999697,-0.0003166
303.5199999999697,-0.0003164
303.53999999996967,-0.0003162
303.55999999996965,-0.0003159
303.57999999996963,-0.0003157
303.5999999999696,-0.0003154
303.6199999999696,-0.0003151
303.6399999999696,-0.0003148
303.65999999996956,-0.0003144
303.67999999996954,-0.0003141
303.6999999999695,-0.0003137
303.7199999999695,-0.0003134
303.7399999999695,-0.0003131
303.75999999996947,-0.0003127
303.77999999996945,-0.0003124
303.79999999996943,-0.000312
303.8199999999694,-0.0003117
303.8399999999694,-0.0003113
303.8599999999694,-0.000311
303.87999999996936,-0.0003106
303.89999999996934,-0.0003102
303.9199999999693,-0.0003098
303.9399999999693,-0.0003094
303.9599999999693,-0.000309
303.97999999996927,-0.0003086
303.99999999996925,-0.0003082
304.01999999996923,-0.0003078
304.0399999999692,-0.0003073
304.0599999999692,-0.0003069
304.0799999999692,-0.0003065
304.09999999996916,-0.000306
304.11999999996914,-0.0003056
304.1399999999691,-0.0003051
304.1599999999691,-0.0003047
304.1799999999691,-0.0003042
304.19999999996907,-0.0003037
304.21999999996905,-0.0003033
304.23999999996903,-0.0003028
304.259999999969,-0.0003022
304.279999999969,-0.0003017
304.299999999969,-0.0003012
304.31999999996896,-0.0003007
304.33999999996894,-0.0003002
304.3599999999689,-0.0002996
304.3799999999689,-0.0002991
304.3999999999689,-0.0002985
304.41999999996887,-0.000298
304.43999999996885,-0.0002974
304.45999999996883,-0.0002968
304.4799999999688,-0.0002962
304.4999999999688,-0.0002956
304.5199999999688,-0.0002951
304.53999999996876,-0.0002945
304.55999999996874,-0.0002939
304.5799999999687,-0.0002933
304.5999999999687,-0.0002927
304.6199999999687,-0.000292
304.63999999996867,-0.0002914
304.65999999996865,-0.0002908
304.67999999996863,-0.0002902
304.6999999999686,-0.0002896
304.7199999999686,-0.0002889
304.7399999999686,-0.0002882
304.75999999996856,-0.0002875
304.77999999996854,-0.0002868
304.7999999999685,-0.0002861
304.8199999999685,-0.0002854
304.8399999999685,-0.0002847
304.85999999996847,-0.000284
304.87999999996845,-0.0002833
304.89999999996843,-0.0002826
304.9199999999684,-0.0002819
304.9399999999684,-0.0002812
304.9599999999684,-0.0002805
304.97999999996836,-0.0002797
304.99999999996834,-0.000279
305.0199999999683,-0.0002783
305.0399999999683,-0.0002775
305.0599999999683,-0.0002767
305.07999999996827,-0.000276
305.09999999996825,-0.0002752
305.11999999996823,-0.0002744
305.1399999999682,-0.0002736
305.1599999999682,-0.0002728
305.1799999999682,-0.0002721
305.19999999996816,-0.0002713
305.21999999996814,-0.0002705
305.2399999999681,-0.0002697
305.2599999999681,-0.0002689
305.2799999999681,-0.0002681
305.29999999996807,-0.0002673
305.31999999996805,-0.0002665
305.33999999996803,-0.0002656
305.359999999968,-0.0002648
305.379999999968,-0.0002639
305.399999999968,-0.0002631
305.41999999996796,-0.0002622
305.43999999996794,-0.0002613
305.4599999999679,-0.0002605
305.4799999999679,-0.0002596
305.4999999999679,-0.0002588
305.51999999996787,-0.0002579
305.53999999996785,-0.000257
305.55999999996783,-0.0002562
305.5799999999678,-0.0002553
305.5999999999678,-0.0002544
305.6199999999678,-0.0002535
305.63999999996776,-0.0002527
305.65999999996774,-0.0002518
305.6799999999677,-0.0002509
305.6999999999677,-0.0002501
305.7199999999677,-0.0002492
305.73999999996767,-0.0002483
305.75999999996765,-0.0002474
305.77999999996763,-0.0002464
305.7999999999676,-0.0002454
305.8199999999676,-0.0002444
305.8399999999676,-0.0002435
305.85999999996756,-0.0002424
305.87999999996754,-0.0002414
305.8999999999675,-0.0002404
305.9199999999675,-0.0002395
305.9399999999675,-0.0002387
305.95999999996747,-0.000238
305.97999999996745,-0.000237
305.99999999996743,-0.0002361
306.0199999999674,-0.0002352
306.0399999999674,-0.0002343
306.0599999999674,-0.0002333
306.07999999996736,-0.0002323
306.09999999996734,-0.0002313
306.1199999999673,-0.0002303
306.1399999999673,-0.0002293
306.1599999999673,-0.0002284
306.17999999996727,-0.0002274
306.19999999996725,-0.0002265
306.21999999996723,-0.0002255
306.2399999999672,-0.0002245
306.2599999999672,-0.0002236
306.2799999999672,-0.0002226
306.29999999996716,-0.0002216
306.31999999996714,-0.0002207
306.3399999999671,-0.0002197
306.3599999999671,-0.0002187
306.3799999999671,-0.0002177
306.39999999996706,-0.0002168
306.41999999996705,-0.0002158
306.43999999996703,-0.0002148
306.459999999967,-0.0002138
306.479999999967,-0.0002128
306.499999999967,-0.0002118
306.51999999996696,-0.0002108
306.53999999996694,-0.0002099
306.5599999999669,-0.0002089
306.5799999999669,-0.0002079
306.5999999999669,-0.0002069
306.61999999996686,-0.0002059
306.63999999996685,-0.000205
306.65999999996683,-0.000204
306.6799999999668,-0.000203
306.6999999999668,-0.000202
306.7199999999668,-0.0002011
306.73999999996676,-0.0002001
306.75999999996674,-0.0001992
306.7799999999667,-0.0001983
306.7999999999667,-0.0001973
306.8199999999667,-0.0001962
306.83999999996666,-0.0001952
306.85999999996665,-0.0001942
306.8799999999666,-0.0001931
306.8999999999666,-0.0001922
306.9199999999666,-0.0001912
306.9399999999666,-0.0001903
306.95999999996656,-0.0001893
306.97999999996654,-0.0001883
306.9999999999665,-0.0001874
307.0199999999665,-0.0001864
307.0399999999665,-0.0001854
307.05999999996646,-0.0001844
307.07999999996645,-0.0001834
307.0999999999664,-0.0001824
307.1199999999664,-0.0001815
307.1399999999664,-0.0001805
307.1599999999664,-0.0001796
307.17999999996636,-0.0001786
307.19999999996634,-0.0001776
307.2199999999663,-0.0001767
307.2399999999663,-0.0001757
307.2599999999663,-0.0001748
307.27999999996626,-0.0001738
307.29999999996625,-0.0001729
307.3199999999662,-0.0001719
307.3399999999662,-0.000171
307.3599999999662,-0.0001701
307.3799999999662,-0.0001691
307.39999999996616,-0.0001682
307.41999999996614,-0.0001672
307.4399999999661,-0.0001663
307.4599999999661,-0.0001652
307.4799999999661,-0.0001642
307.49999999996606,-0.0001632
307.51999999996605,-0.0001623
307.539999999966,-0.0001614
307.559999999966,-0.0001604
307.579999999966,-0.0001595
307.599999999966,-0.0001585
307.61999999996596,-0.0001576
307.63999999996594,-0.0001567
307.6599999999659,-0.0001558
307.6799999999659,-0.0001549
307.6999999999659,-0.0001541
307.71999999996586,-0.0001532
307.73999999996585,-0.0001523
307.7599999999658,-0.0001514
307.7799999999658,-0.0001506
307.7999999999658,-0.0001497
307.8199999999658,-0.0001488
307.83999999996576,-0.0001479
307.85999999996574,-0.0001469
307.8799999999657,-0.000146
307.8999999999657,-0.000145
307.9199999999657,-0.0001441
307.93999999996566,-0.0001432
307.95999999996565,-0.0001423
307.9799999999656,-0.0001414
307.9999999999656,-0.0001405
308.0199999999656,-0.0001396
308.0399999999656,-0.0001387
308.05999999996556,-0.0001378
308.07999999996554,-0.000137
308.0999999999655,-0.0001361
308.1199999999655,-0.0001352
308.1399999999655,-0.0001344
308.15999999996546,-0.0001336
308.17999999996545,-0.0001327
308.1999999999654,-0.0001319
308.2199999999654,-0.0001311
308.2399999999654,-0.0001303
308.2599999999654,-0.0001295
308.27999999996536,-0.0001286
308.29999999996534,-0.0001278
308.3199999999653,-0.0001269
308.3399999999653,-0.0001261
308.3599999999653,-0.0001252
308.37999999996526,-0.0001243
308.39999999996525,-0.0001234
308.4199999999652,-0.0001226
308.4399999999652,-0.0001218
308.4599999999652,-0.000121
308.4799999999652,-0.0001201
308.49999999996515,-0.0001193
308.51999999996514,-0.0001185
308.5399999999651,-0.0001177
308.5599999999651,-0.0001169
308.5799999999651,-0.0001161
308.59999999996506,-0.0001153
308.61999999996505,-0.0001145
308.639999999965,-0.0001137
308.659999999965,-0.0001129
308.679999999965,-0.0001121
308.699999999965,-0.0001113
308.71999999996495,-0.0001105
308.73999999996494,-0.0001098
308.7599999999649,-0.000109
308.7799999999649,-0.0001082
308.7999999999649,-0.0001075
308.81999999996486,-0.0001067
308.83999999996485,-0.0001059
308.8599999999648,-0.0001051
308.8799999999648,-0.0001044
308.8999999999648,-0.0001036
308.9199999999648,-0.0001029
308.93999999996475,-0.0001021
308.95999999996474,-0.0001013
308.9799999999647,-0.0001006
308.9999999999647,-9.99e-05
309.0199999999647,-9.92e-05
309.03999999996466,-9.85e-05
309.05999999996465,-9.77e-05
309.0799999999646,-9.7e-05
309.0999999999646,-9.63e-05
309.1199999999646,-9.55e-05
309.1399999999646,-9.47e-05
309.15999999996455,-9.39e-05
309.17999999996454,-9.32e-05
309.1999999999645,-9.25e-05
309.2199999999645,-9.17e-05
309.2399999999645,-9.1e-05
309.25999999996446,-9.03e-05
309.27999999996445,-8.97e-05
309.2999999999644,-8.9e-05
309.3199999999644,-8.83e-05
309.3399999999644,-8.76e-05
309.3599999999644,-8.7e-05
309.37999999996435,-8.63e-05
309.39999999996434,-8.56e-05
309.4199999999643,-8.49e-05
309.4399999999643,-8.42e-05
309.4599999999643,-8.35e-05
309.47999999996426,-8.28e-05
309.49999999996425,-8.22e-05
309.5199999999642,-8.15e-05
309.5399999999642,-8.08e-05
309.5599999999642,-8.01e-05
309.5799999999642,-7.95e-05
309.59999999996415,-7.88e-05
309.61999999996414,-7.82e-05
309.6399999999641,-7.75e-05
309.6599999999641,-7.68e-05
309.6799999999641,-7.62e-05
309.69999999996406,-7.55e-05
309.71999999996405,-7.49e-05
309.739999999964,-7.43e-05
309.759999999964,-7.37e-05
309.779999999964,-7.3e-05
309.799999999964,-7.24e-05
309.81999999996395,-7.18e-05
309.83999999996394,-7.11e-05
309.8599999999639,-7.05e-05
309.8799999999639,-6.99e-05
309.8999999999639,-6.93e-05
309.91999999996386,-6.86e-05
309.93999999996385,-6.8e-05
309.9599999999638,-6.74e-05
309.9799999999638,-6.68e-05
309.9999999999638,-6.62e-05
310.0199999999638,-6.56e-05
310.03999999996375,-6.5e-05
310.05999999996374,-6.44e-05
310.0799999999637,-6.38e-05
310.0999999999637,-6.32e-05
310.1199999999637,-6.26e-05
310.13999999996366,-6.21e-05
310.15999999996365,-6.15e-05
310.1799999999636,-6.09e-05
310.1999999999636,-6.04e-05
310.2199999999636,-5.98e-05
310.2399999999636,-5.92e-05
310.25999999996355,-5.86e-05
310.27999999996354,-5.8e-05
310.2999999999635,-5.74e-05
310.3199999999635,-5.69e-05
310.3399999999635,-5.64e-05
310.35999999996346,-5.58e-05
310.37999999996345,-5.53e-05
310.3999999999634,-5.47e-05
310.4199999999634,-5.42e-05
310.4399999999634,-5.36e-05
310.4599999999634,-5.31e-05
310.47999999996335,-5.25e-05
310.49999999996334,-5.2e-05
310.5199999999633,-5.14e-05
310.5399999999633,-5.09e-05
310.5599999999633,-5.04e-05
310.57999999996326,-4.99e-05
310.59999999996325,-4.94e-05
310.6199999999632,-4.89e-05
310.6399999999632,-4.83e-05
310.6599999999632,-4.78e-05
310.6799999999632,-4.73e-05
310.69999999996315,-4.68e-05
310.71999999996314,-4.63e-05
310.7399999999631,-4.58e-05
310.7599999999631,-4.53e-05
310.7799999999631,-4.48e-05
310.79999999996306,-4.43e-05
310.81999999996304,-4.38e-05
310.839999999963,-4.33e-05
310.859999999963,-4.28e-05
310.879999999963,-4.23e-05
310.899999999963,-4.19e-05
310.91999999996295,-4.14e-05
310.93999999996294,-4.09e-05
310.9599999999629,-4.04e-05
310.9799999999629,-3.99e-05
310.9999999999629,-3.94e-05
311.01999999996286,-3.9e-05
311.03999999996284,-3.85e-05
311.0599999999628,-3.81e-05
311.0799999999628,-3.76e-05
311.0999999999628,-3.72e-05
311.1199999999628,-3.67e-05
311.13999999996275,-3.63e-05
311.15999999996274,-3.58e-05
311.1799999999627,-3.54e-05
311.1999999999627,-3.5e-05
311.2199999999627,-3.45e-05
311.23999999996266,-3.4e-05
311.25999999996264,-3.36e-05
311.2799999999626,-3.32e-05
311.2999999999626,-3.28e-05
311.3199999999626,-3.23e-05
311.3399999999626,-3.19e-05
311.35999999996255,-3.15e-05
311.37999999996254,-3.11e-05
311.3999999999625,-3.06e-05
311.4199999999625,-3.02e-05
311.4399999999625,-2.98e-05
311.45999999996246,-2.94e-05
311.47999999996244,-2.9e-05
311.4999999999624,-2.86e-05
311.5199999999624,-2.82e-05
311.5399999999624,-2.78e-05
311.5599999999624,-2.74e-05
311.57999999996235,-2.7e-05
311.59999999996234,-2.66e-05
311.6199999999623,-2.62e-05
311.6399999999623,-2.58e-05
311.6599999999623,-2.54e-05
311.67999999996226,-2.51e-05
311.69999999996224,-2.47e-05
311.7199999999622,-2.43e-05
311.7399999999622,-2.39e-05
311.7599999999622,-2.36e-05
311.7799999999622,-2.32e-05
311.79999999996215,-2.28e-05
311.81999999996214,-2.25e-05
311.8399999999621,-2.21e-05
311.8599999999621,-2.18e-05
311.8799999999621,-2.14e-05
311.89999999996206,-2.11e-05
311.91999999996204,-2.07e-05
311.939999999962,-2.04e-05
311.959999999962,-2e-05
311.979999999962,-1.97e-05
311.999999999962,-1.93e-05
312.01999999996195,-1.9e-05
312.03999999996194,-1.86e-05
312.0599999999619,-1.83e-05
312.0799999999619,-1.8e-05
312.0999999999619,-1.77e-05
312.11999999996186,-1.73e-05
312.13999999996184,-1.7e-05
312.1599999999618,-1.67e-05
312.1799999999618,-1.64e-05
312.1999999999618,-1.6e-05
312.2199999999618,-1.57e-05
312.23999999996175,-1.53e-05
312.25999999996174,-1.5e-05
312.2799999999617,-1.47e-05
312.2999999999617,-1.44e-05
312.3199999999617,-1.41e-05
312.33999999996166,-1.38e-05
312.35999999996164,-1.36e-05
312.3799999999616,-1.33e-05
312.3999999999616,-1.3e-05
312.4199999999616,-1.27e-05
312.43999999996157,-1.24e-05
312.45999999996155,-1.21e-05
312.47999999996154,-1.19e-05
312.4999999999615,-1.16e-05
312.5199999999615,-1.13e-05
312.5399999999615,-1.1e-05
312.55999999996146,-1.08e-05
312.57999999996144,-1.05e-05
312.5999999999614,-1.02e-05
312.6199999999614,-1e-05
312.6399999999614,-9.7e-06
312.65999999996137,-9.4e-06
312.67999999996135,-9.2e-06
312.69999999996134,-8.9e-06
312.7199999999613,-8.6e-06
312.7399999999613,-8.4e-06
312.7599999999613,-8.1e-06
312.77999999996126,-7.9e-06
312.79999999996124,-7.6e-06
312.8199999999612,-7.4e-06
312.8399999999612,-7.1e-06
312.8599999999612,-6.9e-06
312.87999999996117,-6.7e-06
312.89999999996115,-6.5e-06
312.91999999996114,-6.2e-06
312.9399999999611,-6e-06
312.9599999999611,-5.8e-06
312.9799999999611,-5.5e-06
312.99999999996106,-5.3e-06
313.01999999996104,-5.1e-06
313.039999999961,-4.8e-06
313.059999999961,-4.6e-06
313.079999999961,-4.4e-06
313.09999999996097,-4.2e-06
313.11999999996095,-4e-06
313.13999999996093,-3.8e-06
313.1599999999609,-3.6e-06
313.1799999999609,-3.4e-06
313.1999999999609,-3.2e-06
313.21999999996086,-3e-06
313.23999999996084,-2.8e-06
313.2599999999608,-2.6e-06
313.2799999999608,-2.4e-06
313.2999999999608,-2.2e-06
313.31999999996077,-2e-06
313.33999999996075,-1.9e-06
313.35999999996073,-1.7e-06
313.3799999999607,-1.5e-06
313.3999999999607,-1.3e-06
313.4199999999607,-1.1e-06
313.43999999996066,-9e-07
313.45999999996064,-7e-07
313.4799999999606,-5e-07
313.4999999999606,-3e-07
313.5199999999606,-2e-07
313.53999999996057,-0.0
313.55999999996055,1e-07
313.57999999996053,3e-07
313.5999999999605,4e-07
313.6199999999605,6e-07
313.6399999999605,7e-07
313.65999999996046,9e-07
313.67999999996044,1e-06
313.6999999999604,1.2e-06
313.7199999999604,1.4e-06
313.7399999999604,1.5e-06
313.75999999996037,1.7e-06
313.77999999996035,1.8e-06
313.79999999996033,2e-06
313.8199999999603,2.1e-06
313.8399999999603,2.2e-06
313.8599999999603,2.4e-06
313.87999999996026,2.5e-06
313.89999999996024,2.6e-06
313.9199999999602,2.7e-06
313.9399999999602,2.9e-06
313.9599999999602,3e-06
313.97999999996017,3.1e-06
313.99999999996015,3.3e-06
314.01999999996013,3.4e-06
314.0399999999601,3.5e-06
314.0599999999601,3.6e-06
314.0799999999601,3.7e-06
314.09999999996006,3.9e-06
314.11999999996004,4e-06
314.13999999996,4.1e-06
314.15999999996,4.2e-06
314.17999999996,4.3e-06
314.19999999995997,4.4e-06
314.21999999995995,4.5e-06
314.23999999995993,4.6e-06
314.2599999999599,4.7e-06
314.2799999999599,4.8e-06
314.2999999999599,4.9e-06
314.31999999995986,5e-06
314.33999999995984,5.1e-06
314.3599999999598,5.2e-06
314.3799999999598,5.3e-06
314.3999999999598,5.4e-06
314.41999999995977,5.5e-06
314.43999999995975,5.6e-06
314.45999999995973,5.7e-06
314.4799999999597,5.7e-06
314.4999999999597,5.8e-06
314.5199999999597,5.9e-06
314.53999999995966,6e-06
314.55999999995964,6.1e-06
314.5799999999596,6.1e-06
314.5999999999596,6.2e-06
314.6199999999596,6.3e-06
314.63999999995957,6.4e-06
314.65999999995955,6.4e-06
314.67999999995953,6.5e-06
314.6999999999595,6.6e-06
314.7199999999595,6.7e-06
314.7399999999595,6.7e-06
314.75999999995946,6.8e-06
314.77999999995944,6.9e-06
314.7999999999594,6.9e-06
314.8199999999594,7e-06
314.8399999999594,7e-06
314.85999999995937,7.1e-06
314.87999999995935,7.2e-06
314.89999999995933,7.2e-06
314.9199999999593,7.3e-06
314.9399999999593,7.3e-06
314.9599999999593,7.4e-06
314.97999999995926,7.4e-06
314.99999999995924,7.5e-06
315.0199999999592,7.5e-06
315.0399999999592,7.6e-06
315.0599999999592,7.6e-06
315.07999999995917,7.6e-06
315.09999999995915,7.7e-06
315.11999999995913,7.7e-06
315.1399999999591,7.8e-06
315.1599999999591,7.8e-06
315.1799999999591,7.9e-06
315.19999999995906,7.9e-06
315.21999999995904,7.9e-06
315.239999999959,8e-06
315.259999999959,8e-06
315.279999999959,8.1e-06
315.29999999995897,8.1e-06
315.31999999995895,8.1e-06
315.33999999995893,8.1e-06
315.3599999999589,8.2e-06
315.3799999999589,8.2e-06
315.3999999999589,8.2e-06
315.41999999995886,8.2e-06
315.43999999995884,8.3e-06
315.4599999999588,8.3e-06
315.4799999999588,8.3e-06
315.4999999999588,8.3e-06
315.51999999995877,8.4e-06
315.53999999995875,8.4e-06
315.55999999995873,8.4e-06
315.5799999999587,8.4e-06
315.5999999999587,8.5e-06
315.6199999999587,8.5e-06
315.63999999995866,8.5e-06
315.65999999995864,8.5e-06
315.6799999999586,8.5e-06
315.6999999999586,8.5e-06
315.7199999999586,8.5e-06
315.73999999995857,8.5e-06
315.75999999995855,8.5e-06
315.77999999995853,8.5e-06
315.7999999999585,8.6e-06
315.8199999999585,8.6e-06
315.8399999999585,8.6e-06
315.85999999995846,8.6e-06
315.87999999995844,8.6e-06
315.8999999999584,8.6e-06
315.9199999999584,8.6e-06
315.9399999999584,8.6e-06
315.95999999995837,8.6e-06
315.97999999995835,8.6e-06
315.99999999995833,8.6e-06
316.0199999999583,8.6e-06
316.0399999999583,8.6e-06
316.0599999999583,8.6e-06
316.07999999995826,8.6e-06
316.09999999995824,8.6e-06
316.1199999999582,8.6e-06
316.1399999999582,8.6e-06
316.1599999999582,8.6e-06
316.17999999995817,8.6e-06
316.19999999995815,8.6e-06
316.21999999995813,8.6e-06
316.2399999999581,8.6e-06
316.2599999999581,8.6e-06
316.2799999999581,8.5e-06
316.29999999995806,8.5e-06
316.31999999995804,8.5e-06
316.339999999958,8.5e-06
316.359999999958,8.5e-06
316.379999999958,8.5e-06
316.39999999995797,8.5e-06
316.41999999995795,8.5e-06
316.43999999995793,8.4e-06
316.4599999999579,8.4e-06
316.4799999999579,8.4e-06
316.4999999999579,8.4e-06
316.51999999995786,8.4e-06
316.53999999995784,8.4e-06
316.5599999999578,8.4e-06
316.5799999999578,8.4e-06
316.5999999999578,8.3e-06
316.61999999995777,8.3e-06
316.63999999995775,8.3e-06
316.65999999995773,8.3e-06
316.6799999999577,8.3e-06
316.6999999999577,8.2e-06
316.7199999999577,8.2e-06
316.73999999995766,8.2e-06
316.75999999995764,8.2e-06
316.7799999999576,8.2e-06
316.7999999999576,8.1e-06
316.8199999999576,8.1e-06
316.83999999995757,8.1e-06
316.85999999995755,8.1e-06
316.87999999995753,8e-06
316.8999999999575,8e-06
316.9199999999575,8e-06
316.9399999999575,8e-06
316.95999999995746,8e-06
316.97999999995744,7.9e-06
316.9999999999574,7.9e-06
317.0199999999574,7.9e-06
317.0399999999574,7.8e-06
317.05999999995737,7.8e-06
317.07999999995735,7.8e-06
317.09999999995733,7.8e-06
317.1199999999573,7.7e-06
317.1399999999573,7.7e-06
317.1599999999573,7.7e-06
317.17999999995726,7.7e-06
317.19999999995724,7.6e-06
317.2199999999572,7.6e-06
317.2399999999572,7.6e-06
317.2599999999572,7.5e-06
317.27999999995717,7.5e-06
317.29999999995715,7.5e-06
317.31999999995713,7.4e-06
317.3399999999571,7.4e-06
317.3599999999571,7.4e-06
317.3799999999571,7.3e-06
317.39999999995706,7.3e-06
317.41999999995704,7.3e-06
317.439999999957,7.3e-06
317.459999999957,7.2e-06
317.479999999957,7.2e-06
317.49999999995697,7.2e-06
317.51999999995695,7.1e-06
317.53999999995693,7.1e-06
317.5599999999569,7.1e-06
317.5799999999569,7e-06
317.5999999999569,7e-06
317.61999999995686,7e-06
317.63999999995684,6.9e-06
317.6599999999568,6.9e-06
317.6799999999568,6.8e-06
317.6999999999568,6.8e-06
317.71999999995677,6.8e-06
317.73999999995675,6.8e-06
317.75999999995673,6.7e-06
317.7799999999567,6.7e-06
317.7999999999567,6.7e-06
317.8199999999567,6.6e-06
317.83999999995666,6.6e-06
317.85999999995664,6.6e-06
317.8799999999566,6.5e-06
317.8999999999566,6.5e-06
317.9199999999566,6.5e-06
317.93999999995657,6.4e-06
317.95999999995655,6.4e-06
317.97999999995653,6.3e-06
317.9999999999565,6.3e-06
318.0199999999565,6.3e-06
318.0399999999565,6.2e-06
318.05999999995646,6.2e-06
318.07999999995644,6.2e-06
318.0999999999564,6.1e-06
318.1199999999564,6.1e-06
318.1399999999564,6.1e-06
318.15999999995637,6e-06
318.17999999995635,6e-06
318.19999999995633,5.9e-06
318.2199999999563,5.9e-06
318.2399999999563,5.9e-06
318.2599999999563,5.8e-06
318.27999999995626,5.8e-06
318.29999999995624,5.7e-06
318.3199999999562,5.7e-06
318.3399999999562,5.7e-06
318.3599999999562,5.7e-06
318.37999999995617,5.6e-06
318.39999999995615,5.6e-06
318.41999999995613,5.6e-06
318.4399999999561,5.5e-06
318.4599999999561,5.5e-06
318.4799999999561,5.4e-06
318.49999999995606,5.4e-06
318.51999999995604,5.4e-06
318.539999999956,5.3e-06
318.559999999956,5.3e-06
318.579999999956,5.2e-06
318.59999999995597,5.2e-06
318.61999999995595,5.2e-06
318.63999999995593,5.1e-06
318.6599999999559,5.1e-06
318.6799999999559,5.1e-06
318.6999999999559,5e-06
318.71999999995586,5e-06
318.73999999995584,5e-06
318.7599999999558,4.9e-06
318.7799999999558,4.9e-06
318.7999999999558,4.9e-06
318.81999999995577,4.8e-06
318.83999999995575,4.8e-06
318.85999999995573,4.7e-06
318.8799999999557,4.7e-06
318.8999999999557,4.7e-06
318.9199999999557,4.6e-06
318.93999999995566,4.6e-06
318.95999999995564,4.6e-06
318.9799999999556,4.5e-06
318.9999999999556,4.5e-06
319.0199999999556,4.5e-06
319.03999999995557,4.4e-06
319.05999999995555,4.4e-06
319.07999999995553,4.4e-06
319.0999999999555,4.3e-06
319.1199999999555,4.3e-06
319.1399999999555,4.2e-06
319.15999999995546,4.2e-06
319.17999999995544,4.2e-06
319.1999999999554,4.2e-06
319.2199999999554,4.1e-06
319.2399999999554,4.1e-06
319.25999999995537,4e-06
319.27999999995535,4e-06
319.29999999995533,4e-06
319.3199999999553,4e-06
319.3399999999553,3.9e-06
319.3599999999553,3.9e-06
319.37999999995526,3.9e-06
319.39999999995524,3.9e-06
319.4199999999552,3.8e-06
319.4399999999552,3.8e-06
319.4599999999552,3.7e-06
319.47999999995517,3.7e-06
319.49999999995515,3.6e-06
319.51999999995513,3.6e-06
319.5399999999551,3.6e-06
319.5599999999551,3.6e-06
319.5799999999551,3.5e-06
319.59999999995506,3.5e-06
319.61999999995504,3.5e-06
319.639999999955,3.5e-06
319.659999999955,3.4e-06
319.679999999955,3.4e-06
319.69999999995497,3.3e-06
319.71999999995495,3.3e-06
319.73999999995493,3.3e-06
319.7599999999549,3.2e-06
319.7799999999549,3.2e-06
319.7999999999549,3.2e-06
319.81999999995486,3.1e-06
319.83999999995484,3.1e-06
319.8599999999548,3.1e-06
319.8799999999548,3.1e-06
319.8999999999548,3e-06
319.91999999995477,3e-06
319.93999999995475,3e-06
319.95999999995473,2.9e-06
319.9799999999547,2.9e-06
319.9999999999547,2.9e-06
320.0199999999547,2.9e-06
320.03999999995466,2.8e-06
320.05999999995464,2.8e-06
320.0799999999546,2.8e-06
320.0999999999546,2.7e-06
320.1199999999546,2.7e-06
320.13999999995457,2.7e-06
320.15999999995455,2.6e-06
320.17999999995453,2.6e-06
320.1999999999545,2.6e-06
320.2199999999545,2.6e-06
320.2399999999545,2.5e-06
320.25999999995446,2.5e-06
320.27999999995444,2.5e-06
320.2999999999544,2.5e-06
320.3199999999544,2.4e-06
320.3399999999544,2.4e-06
320.35999999995437,2.4e-06
320.37999999995435,2.3e-06
320.39999999995433,2.3e-06
320.4199999999543,2.3e-06
320.4399999999543,2.2e-06
320.4599999999543,2.2e-06
320.47999999995426,2.2e-06
320.49999999995424,2.2e-06
320.5199999999542,2.1e-06
320.5399999999542,2.1e-06
320.5599999999542,2.1e-06
320.57999999995417,2.1e-06
320.59999999995415,2e-06
320.61999999995413,2e-06
320.6399999999541,2e-06
320.6599999999541,2e-06
320.6799999999541,2e-06
320.69999999995406,2e-06
320.71999999995404,2e-06
320.739999999954,1.9e-06
320.759999999954,1.9e-06
320.779999999954,1.9e-06
320.79999999995397,1.8e-06
320.81999999995395,1.8e-06
320.83999999995393,1.8e-06
320.8599999999539,1.8e-06
320.8799999999539,1.7e-06
320.8999999999539,1.7e-06
320.91999999995386,1.7e-06
320.93999999995384,1.7e-06
320.9599999999538,1.6e-06
320.9799999999538,1.6e-06
320.9999999999538,1.6e-06
321.01999999995377,1.6e-06
321.03999999995375,1.6e-06
321.05999999995373,1.5e-06
321.0799999999537,1.5e-06
321.0999999999537,1.5e-06
321.1199999999537,1.5e-06
321.13999999995366,1.5e-06
321.15999999995364,1.4e-06
321.1799999999536,1.4e-06
321.1999999999536,1.4e-06
321.2199999999536,1.4e-06
321.23999999995357,1.3e-06
321.25999999995355,1.3e-06
321.27999999995353,1.3e-06
321.2999999999535,1.3e-06
321.3199999999535,1.3e-06
321.3399999999535,1.3e-06
321.35999999995346,1.2e-06
321.37999999995344,1.2e-06
321.3999999999534,1.2e-06
321.4199999999534,1.2e-06
321.4399999999534,1.2e-06
321.45999999995337,1.1e-06
321.47999999995335,1.1e-06
321.49999999995333,1.1e-06
321.5199999999533,1.1e-06
321.5399999999533,1.1e-06
321.5599999999533,1.1e-06
321.57999999995326,1e-06
321.59999999995324,1e-06
321.6199999999532,1e-06
321.6399999999532,1e-06
321.6599999999532,9e-07
321.67999999995317,9e-07
321.69999999995315,9e-07
321.71999999995313,9e-07
321.7399999999531,9e-07
321.7599999999531,9e-07
321.7799999999531,8e-07
321.79999999995306,8e-07
321.81999999995304,8e-07
321.839999999953,8e-07
321.859999999953,8e-07
321.879999999953,8e-07
321.89999999995297,8e-07
321.91999999995295,7e-07
321.93999999995293,7e-07
321.9599999999529,7e-07
321.9799999999529,7e-07
321.9999999999529,7e-07
322.01999999995286,6e-07
322.03999999995284,6e-07
322.0599999999528,6e-07
322.0799999999528,6e-07
322.0999999999528,6e-07
322.11999999995277,6e-07
322.13999999995275,6e-07
322.15999999995273,6e-07
322.1799999999527,5e-07
322.1999999999527,5e-07
322.2199999999527,5e-07
322.23999999995266,5e-07
322.25999999995264,4e-07
322.2799999999526,4e-07
322.2999999999526,4e-07
322.3199999999526,4e-07
322.33999999995257,4e-07
322.35999999995255,4e-07
322.37999999995253,4e-07
322.3999999999525,4e-07
322.4199999999525,4e-07
322.4399999999525,4e-07
322.45999999995246,4e-07
322.47999999995244,4e-07
322.4999999999524,3e-07
322.5199999999524,3e-07
322.5399999999524,3e-07
322.55999999995237,3e-07
322.57999999995235,3e-07
322.59999999995233,3e-07
322.6199999999523,2e-07
322.6399999999523,2e-07
322.6599999999523,2e-07
322.67999999995226,2e-07
322.69999999995224,2e-07
322.7199999999522,2e-07
322.7399999999522,2e-07
322.7599999999522,2e-07
322.77999999995217,2e-07
322.79999999995215,2e-07
322.81999999995213,2e-07
322.8399999999521,2e-07
322.8599999999521,2e-07
322.8799999999521,1e-07
322.89999999995206,1e-07
322.91999999995204,1e-07
322.939999999952,1e-07
322.959999999952,1e-07
322.979999999952,1e-07
322.99999999995197,1e-07
323.01999999995195,1e-07
323.03999999995193,1e-07
323.0599999999519,1e-07
323.0799999999519,0.0
323.0999999999519,0.0
323.11999999995186,0.0
323.13999999995184,0.0
323.1599999999518,0.0
323.1799999999518,-0.0
323.1999999999518,-0.0
323.21999999995177,-0.0
323.23999999995175,-0.0
323.25999999995173,-0.0
323.2799999999517,-0.0
323.2999999999517,-0.0
323.3199999999517,-1e-07
323.33999999995166,-1e-07
323.35999999995164,-1e-07
323.3799999999516,-1e-07
323.3999999999516,-1e-07
323.4199999999516,-1e-07
323.43999999995157,-1e-07
323.45999999995155,-1e-07
323.47999999995153,-1e-07
323.4999999999515,-1e-07
323.5199999999515,-1e-07
323.5399999999515,-1e-07
323.55999999995146,-1e-07
323.57999999995144,-1e-07
323.5999999999514,-2e-07
323.6199999999514,-2e-07
323.6399999999514,-2e-07
323.65999999995137,-2e-07
323.67999999995135,-2e-07
323.69999999995133,-2e-07
323.7199999999513,-2e-07
323.7399999999513,-2e-07
323.7599999999513,-2e-07
323.77999999995126,-2e-07
323.79999999995124,-2e-07
323.8199999999512,-2e-07
323.8399999999512,-2e-07
323.8599999999512,-2e-07
323.87999999995117,-2e-07
323.89999999995115,-2e-07
323.91999999995113,-2e-07
323.9399999999511,-3e-07
323.9599999999511,-3e-07
323.9799999999511,-3e-07
323.99999999995106,-3e-07
324.01999999995104,-3e-07
324.039999999951,-3e-07
324.059999999951,-3e-07
324.079999999951,-3e-07
324.09999999995097,-3e-07
324.11999999995095,-3e-07
324.13999999995093,-3e-07
324.1599999999509,-3e-07
324.1799999999509,-3e-07
324.1999999999509,-3e-07
324.21999999995086,-3e-07
324.23999999995084,-3e-07
324.2599999999508,-3e-07
324.2799999999508,-4e-07
324.2999999999508,-4e-07
324.31999999995077,-4e-07
324.33999999995075,-4e-07
324.35999999995073,-4e-07
324.3799999999507,-4e-07
324.3999999999507,-4e-07
324.4199999999507,-4e-07
324.43999999995066,-4e-07
324.45999999995064,-4e-07
324.4799999999506,-4e-07
324.4999999999506,-4e-07
324.5199999999506,-4e-07
324.53999999995057,-4e-07
324.55999999995055,-4e-07
324.57999999995053,-4e-07
324.5999999999505,-4e-07
324.6199999999505,-4e-07
324.6399999999505,-4e-07
324.65999999995046,-4e-07
324.67999999995044,-4e-07
324.6999999999504,-4e-07
324.7199999999504,-4e-07
324.7399999999504,-4e-07
324.75999999995037,-4e-07
324.77999999995035,-4e-07
324.79999999995033,-4e-07
324.8199999999503,-4e-07
324.8399999999503,-4e-07
324.8599999999503,-4e-07
324.87999999995026,-4e-07
324.89999999995024,-5e-07
324.9199999999502,-5e-07
324.9399999999502,-5e-07
324.9599999999502,-5e-07
324.97999999995017,-5e-07
324.99999999995015,-5e-07
325.01999999995013,-5e-07
325.0399999999501,-5e-07
325.0599999999501,-5e-07
325.0799999999501,-5e-07
325.09999999995006,-5e-07
325.11999999995004,-5e-07
325.13999999995,-5e-07
325.15999999995,-5e-07
325.17999999995,-5e-07
325.19999999994997,-5e-07
325.21999999994995,-5e-07
325.23999999994993,-5e-07
325.2599999999499,-5e-07
325.2799999999499,-5e-07
325.2999999999499,-5e-07
325.31999999994986,-5e-07
325.33999999994984,-5e-07
325.3599999999498,-5e-07
325.3799999999498,-5e-07
325.3999999999498,-5e-07
325.41999999994977,-5e-07
325.43999999994975,-5e-07
325.45999999994973,-5e-07
325.4799999999497,-5e-07
325.4999999999497,-5e-07
325.5199999999497,-5e-07
325.53999999994966,-5e-07
325.55999999994964,-5e-07
325.5799999999496,-5e-07
325.5999999999496,-5e-07
325.6199999999496,-5e-07
325.63999999994957,-5e-07
325.65999999994955,-5e-07
325.67999999994953,-5e-07
325.6999999999495,-5e-07
325.7199999999495,-5e-07
325.7399999999495,-5e-07
325.75999999994946,-5e-07
325.77999999994944,-6e-07
325.7999999999494,-6e-07
325.8199999999494,-6e-07
325.8399999999494,-6e-07
325.85999999994937,-5e-07
325.87999999994935,-5e-07
325.89999999994933,-5e-07
325.9199999999493,-5e-07
325.9399999999493,-6e-07
325.9599999999493,-6e-07
325.97999999994926,-6e-07
325.99999999994924,-6e-07
326.0199999999492,-6e-07
326.0399999999492,-6e-07
326.0599999999492,-6e-07
326.07999999994917,-6e-07
326.09999999994915,-6e-07
326.11999999994913,-6e-07
326.1399999999491,-6e-07
326.1599999999491,-6e-07
326.1799999999491,-6e-07
326.19999999994906,-6e-07
326.21999999994904,-6e-07
326.239999999949,-6e-07
326.259999999949,-6e-07
326.279999999949,-6e-07
326.29999999994897,-6e-07
326.31999999994895,-6e-07
326.33999999994893,-6e-07
326.3599999999489,-6e-07
326.3799999999489,-6e-07
326.3999999999489,-6e-07
326.41999999994886,-6e-07
326.43999999994884,-6e-07
326.4599999999488,-6e-07
326.4799999999488,-6e-07
326.4999999999488,-6e-07
326.51999999994877,-6e-07
326.53999999994875,-6e-07
326.55999999994873,-6e-07
326.5799999999487,-6e-07
326.5999999999487,-6e-07
326.6199999999487,-6e-07
326.63999999994866,-6e-07
326.65999999994864,-6e-07
326.6799999999486,-6e-07
326.6999999999486,-6e-07
326.7199999999486,-6e-07
326.73999999994857,-6e-07
326.75999999994855,-6e-07
326.77999999994853,-6e-07
326.7999999999485,-6e-07
326.8199999999485,-6e-07
326.8399999999485,-6e-07
326.85999999994846,-6e-07
326.87999999994844,-6e-07
326.8999999999484,-6e-07
326.9199999999484,-6e-07
326.9399999999484,-6e-07
326.95999999994837,-6e-07
326.97999999994835,-6e-07
326.99999999994833,-6e-07
327.0199999999483,-6e-07
327.0399999999483,-6e-07
327.0599999999483,-6e-07
327.07999999994826,-6e-07
327.09999999994824,-6e-07
327.1199999999482,-6e-07
327.1399999999482,-6e-07
327.1599999999482,-6e-07
327.17999999994817,-6e-07
327.19999999994815,-6e-07
327.21999999994813,-6e-07
327.2399999999481,-6e-07
327.2599999999481,-6e-07
327.2799999999481,-6e-07
327.29999999994806,-6e-07
327.31999999994804,-6e-07
327.339999999948,-6e-07
327.359999999948,-6e-07
327.379999999948,-6e-07
327.39999999994797,-6e-07
327.41999999994795,-6e-07
327.43999999994793,-6e-07
327.4599999999479,-6e-07
327.4799999999479,-6e-07
327.4999999999479,-6e-07
327.51999999994786,-6e-07
327.53999999994784,-6e-07
327.5599999999478,-6e-07
327.5799999999478,-6e-07
327.5999999999478,-6e-07
327.61999999994777,-6e-07
327.63999999994775,-6e-07
327.65999999994773,-6e-07
327.6799999999477,-6e-07
327.6999999999477,-6e-07
327.7199999999477,-6e-07
327.73999999994766,-6e-07
327.75999999994764,-6e-07
327.7799999999476,-6e-07
327.7999999999476,-6e-07
327.8199999999476,-6e-07
327.83999999994757,-6e-07
327.85999999994755,-6e-07
327.87999999994753,-6e-07
327.8999999999475,-6e-07
327.9199999999475,-6e-07
327.9399999999475,-6e-07
327.95999999994746,-6e-07
327.97999999994744,-6e-07
327.9999999999474,-6e-07
328.0199999999474,-6e-07
328.0399999999474,-6e-07
328.05999999994737,-6e-07
328.07999999994735,-6e-07
328.09999999994733,-6e-07
328.1199999999473,-6e-07
328.1399999999473,-6e-07
328.1599999999473,-6e-07
328.17999999994726,-6e-07
328.19999999994724,-6e-07
328.2199999999472,-6e-07
328.2399999999472,-6e-07
328.2599999999472,-6e-07
328.27999999994717,-6e-07
328.29999999994715,-6e-07
328.31999999994713,-6e-07
328.3399999999471,-6e-07
328.3599999999471,-6e-07
328.3799999999471,-6e-07
328.39999999994706,-6e-07
328.41999999994704,-7e-07
328.439999999947,-7e-07
328.459999999947,-7e-07
328.479999999947,-7e-07
328.49999999994697,-7e-07
328.51999999994695,-6e-07
328.53999999994693,-6e-07
328.5599999999469,-6e-07
328.5799999999469,-6e-07
328.5999999999469,-6e-07
328.61999999994686,-6e-07
328.63999999994684,-6e-07
328.6599999999468,-6e-07
328.6799999999468,-6e-07
328.6999999999468,-6e-07
328.71999999994677,-6e-07
328.73999999994675,-6e-07
328.75999999994673,-6e-07
328.7799999999467,-6e-07
328.7999999999467,-6e-07
328.8199999999467,-6e-07
328.83999999994666,-6e-07
328.85999999994664,-6e-07
328.8799999999466,-6e-07
328.8999999999466,-6e-07
328.9199999999466,-6e-07
328.93999999994656,-6e-07
328.95999999994655,-6e-07
328.97999999994653,-6e-07
328.9999999999465,-6e-07
329.0199999999465,-6e-07
329.0399999999465,-6e-07
329.05999999994646,-6e-07
329.07999999994644,-6e-07
329.0999999999464,-6e-07
329.1199999999464,-6e-07
329.1399999999464,-6e-07
329.15999999994636,-6e-07
329.17999999994635,-6e-07
329.19999999994633,-6e-07
329.2199999999463,-6e-07
329.2399999999463,-6e-07
329.2599999999463,-6e-07
329.27999999994626,-6e-07
329.29999999994624,-6e-07
329.3199999999462,-6e-07
329.3399999999462,-6e-07
329.3599999999462,-6e-07
329.37999999994616,-6e-07
329.39999999994615,-6e-07
329.4199999999461,-6e-07
329.4399999999461,-6e-07
329.4599999999461,-6e-07
329.4799999999461,-6e-07
329.49999999994606,-6e-07
329.51999999994604,-6e-07
329.539999999946,-6e-07
329.559999999946,-6e-07
329.579999999946,-6e-07
329.59999999994596,-6e-07
329.61999999994595,-6e-07
329.6399999999459,-6e-07
329.6599999999459,-6e-07
329.6799999999459,-6e-07
329.6999999999459,-6e-07
329.71999999994586,-6e-07
329.73999999994584,-6e-07
329.7599999999458,-6e-07
329.7799999999458,-6e-07
329.7999999999458,-6e-07
329.81999999994576,-6e-07
329.83999999994575,-6e-07
329.8599999999457,-6e-07
329.8799999999457,-6e-07
329.8999999999457,-6e-07
329.9199999999457,-6e-07
329.93999999994566,-6e-07
329.95999999994564,-6e-07
329.9799999999456,-6e-07
329.9999999999456,-6e-07
