expEnergy1_alpha62,expEnergy2_alpha62,expEnergy3_alpha62,expEnergy4_alpha62,expEnergy5_alpha62,fitresults1_alpha62,fitresults2_alpha62,fitresults3_alpha62,fitresults4_alpha62,fitresults5_alpha62
270.19992,270.20102,270.2002,270.1998,270.20248,5061.9155,5061.9155,5061.9155,5061.9155,5061.9155
270.30038,270.30029,270.30035,270.30066,270.29993,5061.146,5061.146,5061.146,5061.146,5061.146
270.40048,270.39804,270.40021,270.40094,270.39966,5058.98,5058.98,5058.98,5058.98,5058.98
270.50085,270.49963,270.50003,270.50043,270.50034,5055.7681,5055.7681,5055.7681,5055.7681,5055.7681
270.60025,270.59976,270.59988,270.59998,270.60019,5051.916,5051.916,5051.916,5051.916,5051.916
270.70023,270.70029,270.70062,270.70023,270.69992,5047.7461,5047.7461,5047.7461,5047.7461,5047.7461
270.79675,270.80054,270.79944,270.80002,270.79974,5043.4492,5043.4492,5043.4492,5043.4492,5043.4492
270.89978,270.8999,270.89856,270.90042,270.89999,5039.1152,5039.1152,5039.1152,5039.1152,5039.1152
271.00046,270.99997,271,271.0007,271.00284,5034.7769,5034.7769,5034.7769,5034.7769,5034.7769
271.10052,271.10028,271.10013,271.10019,271.10022,5030.4429,5030.4429,5030.4429,5030.4429,5030.4429
271.19952,271.20038,271.2001,271.20035,271.20407,5026.1157,5026.1157,5026.1157,5026.1157,5026.1157
271.29559,271.30069,271.3002,271.29678,271.3009,5021.7935,5021.7935,5021.7935,5021.7935,5021.7935
271.4007,271.40018,271.40067,271.40033,271.39999,5017.4736,5017.4736,5017.4736,5017.4736,5017.4736
271.50003,271.50024,271.49896,271.49979,271.49951,5013.1577,5013.1577,5013.1577,5013.1577,5013.1577
271.59778,271.59747,271.60107,271.60101,271.60025,5008.8447,5008.8447,5008.8447,5008.8447,5008.8447
271.69995,271.69678,271.6998,271.70062,271.70032,5004.5366,5004.5366,5004.5366,5004.5366,5004.5366
271.79944,271.80023,271.79636,271.80011,271.79929,5000.2334,5000.2334,5000.2334,5000.2334,5000.2334
271.89951,271.89987,271.89984,271.90054,271.90033,4995.936,4995.936,4995.936,4995.936,4995.936
271.99951,271.99213,272.00015,272.00037,271.99982,4991.645,4991.645,4991.645,4991.645,4991.645
272.09991,272.1004,272.10123,272.09979,272.10043,4987.3608,4987.3608,4987.3608,4987.3608,4987.3608
272.20105,272.20071,272.20038,272.20065,272.19989,4983.085,4983.085,4983.085,4983.085,4983.085
272.30042,272.29874,272.29993,272.29996,272.3006,4978.8174,4978.8174,4978.8174,4978.8174,4978.8174
272.39816,272.39996,272.40002,272.39981,272.40021,4974.5562,4974.5562,4974.5562,4974.5562,4974.5562
272.49985,272.50067,272.50006,272.50067,272.50015,4970.2998,4970.2998,4970.2998,4970.2998,4970.2998
272.5994,272.59967,272.60172,272.60019,272.60028,4966.0493,4966.0493,4966.0493,4966.0493,4966.0493
272.70068,272.70029,272.70047,272.69958,272.70056,4961.8071,4961.8071,4961.8071,4961.8071,4961.8071
272.80112,272.79764,272.79993,272.79959,272.80008,4957.5776,4957.5776,4957.5776,4957.5776,4957.5776
272.89951,272.9007,272.90027,272.90073,272.90082,4953.3594,4953.3594,4953.3594,4953.3594,4953.3594
272.99695,272.99991,272.99588,273.00003,272.99988,4949.1489,4949.1489,4949.1489,4949.1489,4949.1489
273.10031,273.09201,273.09976,273.10022,273.10071,4944.9375,4944.9375,4944.9375,4944.9375,4944.9375
273.19153,273.20294,273.20068,273.19995,273.19958,4940.7207,4940.7207,4940.7207,4940.7207,4940.7207
273.30054,273.30011,273.30334,273.30087,273.2999,4936.4976,4936.4976,4936.4976,4936.4976,4936.4976
273.40067,273.4003,273.39963,273.40085,273.3999,4932.2739,4932.2739,4932.2739,4932.2739,4932.2739
273.50009,273.50027,273.50003,273.50018,273.50037,4928.0576,4928.0576,4928.0576,4928.0576,4928.0576
273.59955,273.60046,273.60291,273.60062,273.60028,4923.8516,4923.8516,4923.8516,4923.8516,4923.8516
273.70074,273.70062,273.70016,273.70081,273.69934,4919.6582,4919.6582,4919.6582,4919.6582,4919.6582
273.79959,273.79688,273.8002,273.80167,273.79971,4915.4731,4915.4731,4915.4731,4915.4731,4915.4731
273.89993,273.90268,273.90045,273.90021,273.90002,4911.2944,4911.2944,4911.2944,4911.2944,4911.2944
273.99939,274.00021,273.99988,274.00058,274.00113,4907.1211,4907.1211,4907.1211,4907.1211,4907.1211
274.10001,274.10013,274.10062,274.09995,274.09979,4902.9526,4902.9526,4902.9526,4902.9526,4902.9526
274.20178,274.20428,274.20084,274.20004,274.20044,4898.7896,4898.7896,4898.7896,4898.7896,4898.7896
274.29977,274.29974,274.29977,274.2995,274.3002,4894.6333,4894.6333,4894.6333,4894.6333,4894.6333
274.39984,274.39893,274.40005,274.40048,274.40018,4890.4834,4890.4834,4890.4834,4890.4834,4890.4834
274.50064,274.50018,274.50073,274.50027,274.50262,4886.3403,4886.3403,4886.3403,4886.3403,4886.3403
274.60049,274.60062,274.60016,274.6004,274.60431,4882.2021,4882.2021,4882.2021,4882.2021,4882.2021
274.70053,274.70004,274.7005,274.70016,274.69995,4878.0684,4878.0684,4878.0684,4878.0684,4878.0684
274.80054,274.80038,274.7988,274.79898,274.80042,4873.938,4873.938,4873.938,4873.938,4873.938
274.89984,274.90091,274.90015,274.89908,274.90005,4869.812,4869.812,4869.812,4869.812,4869.812
275.00012,275.00043,275.00003,274.99908,275.00061,4865.6934,4865.6934,4865.6934,4865.6934,4865.6934
275.10461,275.09964,275.10217,275.10056,275.10025,4861.5854,4861.5854,4861.5854,4861.5854,4861.5854
275.20041,275.19995,275.20029,275.19916,275.2002,4857.4902,4857.4902,4857.4902,4857.4902,4857.4902
275.30038,275.29953,275.30069,275.29987,275.30032,4853.4077,4853.4077,4853.4077,4853.4077,4853.4077
275.40027,275.40036,275.39957,275.3999,275.39975,4849.334,4849.334,4849.334,4849.334,4849.334
275.49963,275.49994,275.50073,275.49988,275.50021,4845.2646,4845.2646,4845.2646,4845.2646,4845.2646
275.59686,275.59979,275.59991,275.59991,275.60049,4841.1953,4841.1953,4841.1953,4841.1953,4841.1953
275.70007,275.69971,275.70102,275.70041,275.7002,4837.1265,4837.1265,4837.1265,4837.1265,4837.1265
275.79984,275.80008,275.80203,275.79996,275.80023,4833.0581,4833.0581,4833.0581,4833.0581,4833.0581
275.89993,275.90097,275.90027,275.89981,275.9003,4828.9927,4828.9927,4828.9927,4828.9927,4828.9927
275.99768,276.00018,276.00015,275.99957,276.00034,4824.9321,4824.9321,4824.9321,4824.9321,4824.9321
276.10086,276.10007,276.09985,276.10031,276.09976,4820.877,4820.877,4820.877,4820.877,4820.877
276.19995,276.20026,276.20026,276.20059,276.20013,4816.8276,4816.8276,4816.8276,4816.8276,4816.8276
276.29977,276.30026,276.30011,276.30072,276.3006,4812.7856,4812.7856,4812.7856,4812.7856,4812.7856
276.40002,276.39734,276.39984,276.40085,276.40024,4808.751,4808.751,4808.751,4808.751,4808.751
276.50052,276.50031,276.50003,276.50098,276.50119,4804.7227,4804.7227,4804.7227,4804.7227,4804.7227
276.5997,276.60031,276.60236,276.59976,276.59998,4800.7007,4800.7007,4800.7007,4800.7007,4800.7007
276.69943,276.69974,276.70013,276.70056,276.69983,4796.6846,4796.6846,4796.6846,4796.6846,4796.6846
276.80069,276.79999,276.80063,276.7999,276.79614,4792.6748,4792.6748,4792.6748,4792.6748,4792.6748
276.8999,276.90051,276.90012,276.89981,276.89978,4788.6709,4788.6709,4788.6709,4788.6709,4788.6709
277.00012,277.00232,276.99985,277.00027,277.00424,4784.6738,4784.6738,4784.6738,4784.6738,4784.6738
277.09988,277.10049,277.09998,277.09991,277.10025,4780.6836,4780.6836,4780.6836,4780.6836,4780.6836
277.20029,277.1994,277.2005,277.19424,277.20038,4776.7012,4776.7012,4776.7012,4776.7012,4776.7012
277.29916,277.29993,277.29999,277.30011,277.30017,4772.7261,4772.7261,4772.7261,4772.7261,4772.7261
277.40015,277.40009,277.39975,277.40012,277.39987,4768.7583,4768.7583,4768.7583,4768.7583,4768.7583
277.50024,277.49973,277.49991,277.50024,277.50009,4764.7939,4764.7939,4764.7939,4764.7939,4764.7939
277.59604,277.60019,277.59973,277.60016,277.6015,4760.8315,4760.8315,4760.8315,4760.8315,4760.8315
277.69977,277.69995,277.70016,277.69989,277.70065,4756.8701,4756.8701,4756.8701,4756.8701,4756.8701
277.7998,277.80023,277.80002,277.80115,277.80026,4752.9106,4752.9106,4752.9106,4752.9106,4752.9106
277.9007,277.89957,277.9003,277.89819,277.90018,4748.9556,4748.9556,4748.9556,4748.9556,4748.9556
278.00006,278.00027,277.9993,277.99936,277.99982,4745.0093,4745.0093,4745.0093,4745.0093,4745.0093
278.09964,278.10007,278.10043,278.09982,278.10037,4741.0737,4741.0737,4741.0737,4741.0737,4741.0737
278.20016,278.20047,278.19974,278.2001,278.2001,4737.1494,4737.1494,4737.1494,4737.1494,4737.1494
278.30075,278.30081,278.29315,278.29984,278.30005,4733.2358,4733.2358,4733.2358,4733.2358,4733.2358
278.39969,278.39941,278.40076,278.39758,278.40021,4729.3315,4729.3315,4729.3315,4729.3315,4729.3315
278.49936,278.50061,278.50211,278.50064,278.50024,4725.4312,4725.4312,4725.4312,4725.4312,4725.4312
278.59357,278.60028,278.5994,278.5997,278.60107,4721.5293,4721.5293,4721.5293,4721.5293,4721.5293
278.70029,278.70047,278.70035,278.69998,278.70062,4717.6245,4717.6245,4717.6245,4717.6245,4717.6245
278.79935,278.8002,278.79926,278.7998,278.79974,4713.7183,4713.7183,4713.7183,4713.7183,4713.7183
278.90021,278.9003,278.90015,278.90015,278.90073,4709.8164,4709.8164,4709.8164,4709.8164,4709.8164
279.00021,279.00055,278.99982,278.99915,279.00037,4705.9219,4705.9219,4705.9219,4705.9219,4705.9219
279.10034,279.1011,279.10089,279.10016,279.10046,4702.0386,4702.0386,4702.0386,4702.0386,4702.0386
279.19986,279.19983,279.19974,279.20074,279.20001,4698.1641,4698.1641,4698.1641,4698.1641,4698.1641
279.29965,279.30017,279.29965,279.29996,279.30035,4694.2964,4694.2964,4694.2964,4694.2964,4694.2964
279.39996,279.40045,279.40067,279.39984,279.4007,4690.4351,4690.4351,4690.4351,4690.4351,4690.4351
279.50082,279.50052,279.49969,279.4996,279.49951,4686.5791,4686.5791,4686.5791,4686.5791,4686.5791
279.5997,279.60355,279.60007,279.59796,279.60068,4682.7285,4682.7285,4682.7285,4682.7285,4682.7285
279.70007,279.70227,279.69714,279.69965,279.70053,4678.8857,4678.8857,4678.8857,4678.8857,4678.8857
279.80075,279.7998,279.79977,279.79959,279.80136,4675.0493,4675.0493,4675.0493,4675.0493,4675.0493
279.90009,279.89923,279.90039,279.8996,279.90027,4671.2227,4671.2227,4671.2227,4671.2227,4671.2227
280.00043,279.99625,280.00067,280.00021,280.00037,4667.4043,4667.4043,4667.4043,4667.4043,4667.4043
280.0994,280.10019,280.10077,280.09918,280.10049,4663.5942,4663.5942,4663.5942,4663.5942,4663.5942
280.20062,280.19952,280.19952,280.19995,280.19992,4659.7886,4659.7886,4659.7886,4659.7886,4659.7886
280.29581,280.29929,280.29974,280.30017,280.30188,4655.9858,4655.9858,4655.9858,4655.9858,4655.9858
280.39935,280.39966,280.40018,280.40033,280.39969,4652.1826,4652.1826,4652.1826,4652.1826,4652.1826
280.49982,280.49979,280.49359,280.50058,280.50018,4648.3818,4648.3818,4648.3818,4648.3818,4648.3818
280.60037,280.59863,280.5968,280.60056,280.6011,4644.583,4644.583,4644.583,4644.583,4644.583
280.69861,280.69974,280.70065,280.70032,280.6998,4640.7905,4640.7905,4640.7905,4640.7905,4640.7905
280.79987,280.79984,280.80017,280.79938,280.80011,4637.0044,4637.0044,4637.0044,4637.0044,4637.0044
280.90036,280.90021,280.89935,280.9003,280.89944,4633.2256,4633.2256,4633.2256,4633.2256,4633.2256
281.00061,281.00031,280.99997,281.00021,281.00034,4629.4536,4629.4536,4629.4536,4629.4536,4629.4536
281.09973,281.10025,281.0994,281.09973,281.10046,4625.689,4625.689,4625.689,4625.689,4625.689
281.20016,281.20013,281.20032,281.20151,281.20065,4621.9316,4621.9316,4621.9316,4621.9316,4621.9316
281.29999,281.29965,281.2995,281.30038,281.30054,4618.1812,4618.1812,4618.1812,4618.1812,4618.1812
281.40094,281.3999,281.40091,281.39972,281.40079,4614.438,4614.438,4614.438,4614.438,4614.438
281.49966,281.50073,281.50043,281.49976,281.50037,4610.7017,4610.7017,4610.7017,4610.7017,4610.7017
281.59967,281.59985,281.59976,281.59735,281.60001,4606.9702,4606.9702,4606.9702,4606.9702,4606.9702
281.69952,281.69962,281.7001,281.70044,281.70059,4603.2437,4603.2437,4603.2437,4603.2437,4603.2437
281.79987,281.79977,281.80078,281.80042,281.80048,4599.5205,4599.5205,4599.5205,4599.5205,4599.5205
281.89954,281.89984,281.90005,281.90002,281.90005,4595.8018,4595.8018,4595.8018,4595.8018,4595.8018
282.00006,282.00024,281.99933,281.99997,282.00061,4592.0894,4592.0894,4592.0894,4592.0894,4592.0894
282.10202,282.1004,282.10004,282.09665,282.10062,4588.3838,4588.3838,4588.3838,4588.3838,4588.3838
282.19839,282.20029,282.20041,282.19226,282.19745,4584.686,4584.686,4584.686,4584.686,4584.686
282.30051,282.30002,282.29984,282.30026,282.29959,4580.9961,4580.9961,4580.9961,4580.9961,4580.9961
282.39868,282.40033,282.40051,282.40082,282.40039,4577.313,4577.313,4577.313,4577.313,4577.313
282.50177,282.49948,282.49939,282.49286,282.50043,4573.6377,4573.6377,4573.6382,4573.6382,4573.6387
282.59982,282.6001,282.60086,282.60016,282.60052,4569.9673,4569.9697,4569.9722,4569.9736,4569.9751
282.69489,282.69958,282.69995,282.69989,282.6998,4566.3101,4566.3271,4566.3408,4566.3521,4566.3584
282.80139,282.7998,282.79996,282.80054,282.80014,4562.7207,4562.8066,4562.8828,4562.9512,4562.9839
282.90005,282.90045,282.90082,282.90094,282.90063,4559.4209,4559.8721,4560.2617,4560.5947,4560.7646
283.00031,282.99927,283.00345,283.00031,283.00006,4557.355,4559.2861,4561.3105,4562.5039,4563.2617
283.10001,283.10001,283.09933,283.09964,283.10071,4559.749,4567.6025,4574.1084,4579.9233,4583.4546
283.19971,283.20102,283.20032,283.19958,283.2001,4576.4385,4604.8965,4628.1318,4647.5933,4659.1553
283.30032,283.30035,283.30157,283.30426,283.30017,4634.0737,4721.1069,4798.731,4872.6851,4892.7852
283.401,283.40012,283.40048,283.4003,283.40042,4792.1753,5031.7378,5240.5811,5416.6855,5513.4556
283.50012,283.49954,283.5,283.49982,283.49969,5154.5815,5747.2534,6262.5757,6697.2202,6930.5498
283.60101,283.59964,283.60187,283.60025,283.60052,5902.1963,7202.2432,8386.085,9307.375,9839.1533
283.70023,283.7002,283.69989,283.7005,283.70074,7194.4805,9776.8135,11968.19,13891.349,14928.844
283.80029,283.79935,283.7999,283.79956,283.79922,9167.3223,13623.97,17483.076,20745.049,22485.6
283.89987,283.89359,283.90018,283.89966,283.8996,11697.249,18316.965,24615.23,29666.141,32404.484
284.00171,284.00037,284.00003,284.00177,284.00162,14454.597,24018.588,32190.004,39372.273,43161.691
284.10089,284.09998,284.10013,284.10046,284.10016,16670.984,28423.793,38480.402,47123.426,51753.531
284.19962,284.19757,284.2005,284.19351,284.19189,17826.238,30714.168,41771.297,51092.684,56138.98
284.3002,284.30023,284.29932,284.30005,284.3002,17699.844,30492.941,41434.113,50790.898,55839.719
284.39972,284.401,284.40045,284.40012,284.39975,16661.166,28427.969,38506.793,47155.402,51829.938
284.49951,284.50037,284.50052,284.50018,284.50168,15641.657,26459.586,35698.277,43631.801,47872.367
284.60034,284.59982,284.60034,284.60025,284.60059,15773.051,26750.133,36142.457,44186.703,48539.5
284.70023,284.69989,284.70032,284.70023,284.70032,17808.787,30796.738,41931.715,51451.316,56599.617
284.80011,284.80011,284.7995,284.80032,284.79977,21623.102,38387.355,52625.336,65013.152,71542.305
284.90048,284.8999,284.90015,284.90005,284.89734,26126.205,47265.629,65365.816,80860.578,88764.266
285,285.00171,285.00146,284.99521,284.99948,29590.885,54263.457,75277.617,92761.07,102848.55
285.10156,285.10031,285.10071,285.10056,285.09964,30682.572,56353.656,78265.125,97064.875,107212.76
285.19962,285.20386,285.19998,285.20084,285.20053,29044.508,52857.402,73609.461,91134.102,100655.01
285.30008,285.30328,285.30005,285.29996,285.29276,25390.867,45587.199,63330.57,78333.039,87597.906
285.39987,285.40048,285.40091,285.39987,285.39969,21108.43,37297.086,51090.688,63107.914,69551.68
285.50049,285.49994,285.50018,285.50061,285.50009,17292.443,29774.791,40394.105,49466.539,54448.582
285.59723,285.59967,285.60019,285.60025,285.60031,14618.184,24248.992,32485.078,39564.938,43379.137
285.70236,285.69965,285.69821,285.70013,285.69965,12811.905,20721.449,27501.328,33189.375,36323.406
285.7988,285.7998,285.79968,285.80008,285.7995,11894.388,18661.957,24448.969,29400.1,32093.182
285.89941,285.8999,285.90045,285.90002,285.90015,11386.079,17478.172,22673.75,27142.375,29546.314
285.99982,286.00104,286.00009,286.00024,286.00031,11117.178,16725.387,21525.066,25635.293,27851.496
286.09372,286.10049,286.10001,286.10034,286.09973,10997.155,16210.409,20667.945,24486.541,26553.891
286.20023,286.1994,286.1998,286.19977,286.19955,11065.586,15949.476,20119.807,23697.512,25627.967
286.29605,286.29593,286.29971,286.29727,286.30014,11464.998,16148.262,20165.174,23583.336,25442.711
286.40369,286.40018,286.40005,286.39911,286.39948,12518.931,17188.596,21213.488,24650.557,26519.223
286.49942,286.49942,286.50024,286.49924,286.49997,14135.387,19217.643,23582.406,27273.045,29306.85
286.59451,286.60007,286.60141,286.60019,286.60059,16415.361,22387.584,27416,31624.33,33944.617
286.7002,286.70023,286.70099,286.70041,286.70001,19630.811,26491.658,32390.139,37384.574,40067.98
286.80005,286.79965,286.80124,286.80066,286.79974,22960.115,30964.543,37894.988,43744.395,46854.543
286.89984,286.89969,286.90018,286.89264,286.89078,25846.992,34820.09,42502.785,48754.105,52190.059
286.9996,287.00003,287.00085,286.99728,286.99942,27411.602,36737.16,44701.465,51510.566,55204.285
287.10059,287.09949,287.10031,287.10019,287.10193,27164.227,35975.184,43464.633,49907.852,53310.887
287.20013,287.19983,287.20074,287.20059,287.1998,25567.012,33082.188,39450.566,44949.273,47961.637
287.30066,287.30008,287.29984,287.29996,287.3002,23792.777,29721.924,34787.859,39120.516,41444.801
287.40085,287.40134,287.40024,287.39954,287.40057,22900.451,27436.057,31336.969,34692.512,36453.566
287.50323,287.5004,287.49991,287.49973,287.49646,22999.213,26639.719,29761.619,32440.857,33937.641
287.60022,287.59918,287.59943,287.59976,287.59875,23384.984,26559.26,29271.531,31596.322,32857.305
287.70038,287.70016,287.70023,287.69974,287.70023,23474.738,26411.766,28919.053,31072.561,32229.74
287.7995,287.79959,287.79996,287.80054,287.80014,23278.48,26104.26,28516.047,30583.664,31700.963
287.8999,287.89957,287.89914,287.89963,287.90039,23240.986,26057.639,28462.027,30526.662,31641.582
287.99335,288.00015,287.99951,288.0011,287.99994,23586.457,26526.941,29000.703,31140.244,32276.553
288.09857,288.10074,288.09357,288.10046,288.10068,24224.709,27283.76,29819.111,32112.25,33317.25
288.20004,288.19998,288.20071,288.20068,288.20053,24790.504,28016.525,30778.002,33141.875,34414.883
288.29968,288.3002,288.30002,288.29953,288.30042,25326.264,28845.818,31845.77,34412.844,35816.137
288.39902,288.39963,288.39709,288.3999,288.39999,26077.264,30113.531,33501.332,36514.527,38109.754
288.50058,288.5004,288.49966,288.49979,288.5004,27071.053,31916.943,36035.98,39585.672,41521.168
288.59918,288.60077,288.59769,288.59979,288.59949,27929.508,33819.543,38756.312,43111.18,45416.93
288.70029,288.69965,288.69977,288.69971,288.69995,28409.51,35306.031,41198.422,46250.004,48982.051
288.80112,288.7995,288.80002,288.79944,288.80042,28504.555,36171.211,42722.059,48330.859,51374.207
288.90076,288.89948,288.89896,288.89999,288.90027,28398.564,36364.023,43164.031,48995.758,52140.641
289.00128,289.00046,289.00021,288.99969,288.99988,28221.371,35967.145,42581.922,48261.523,51318.621
289.10034,289.10434,289.10013,289.09991,289.10016,28079.621,35228.934,41390.148,46652.625,49483.801
289.1991,289.19986,289.20016,289.20026,289.19803,28090.902,34627.684,40205.188,44989.516,47607.273
289.30176,289.29965,289.30035,289.29758,289.29666,28318.42,34333.352,39471.395,43901.012,46291.227
289.40079,289.39941,289.3999,289.39865,289.401,28647.035,34343.211,39210.164,43388.152,45631.52
289.49954,289.49997,289.48969,289.49991,289.50201,28914.15,34437.324,39156.809,43197.219,45374.109
289.5936,289.59982,289.59961,289.60037,289.60019,29033.125,34450.195,39072.289,43035.695,45173.672
289.70041,289.70081,289.70395,289.70013,289.70068,29075.398,34404.793,38952.367,42859.234,44963.16
289.79962,289.80096,289.79797,289.80032,289.80136,29178.18,34448.43,38943.617,42804.18,44885.109
289.90015,289.89993,289.89676,289.89929,289.90063,29466.133,34696.297,39152.82,42992.047,45061.754
290.00024,290.00061,290.00128,290.00034,289.99234,29956.443,35159.949,39604.102,43410.348,45436.148
290.09933,290.1001,290.10034,290.0997,290.10071,30603.51,35748.969,40140.41,43905.91,45938.047
290.1994,290.1998,290.2009,290.19788,290.19617,31413.963,36418.465,40688.184,44364.125,46349.879
290.2995,290.30066,290.29651,290.30014,290.30011,32489.605,37229.148,41317.105,44759.246,46633.57
290.40091,290.4007,290.39996,290.40063,290.39932,33995.059,38345.828,42070.922,45245.949,46991.207
290.50046,290.49966,290.50018,290.49954,290.49994,36049.367,39898.301,43167.004,45993.836,47500.25
290.60077,290.60031,290.59988,290.59958,290.60037,38533.871,41780.648,44558.176,46942.676,48201.148
290.70013,290.70016,290.70035,290.70081,290.70062,41184.223,43800.375,46030.457,47934.012,48970.988
290.80054,290.79971,290.79971,290.80008,290.80032,43679.797,45698.438,47417.125,48883.352,49671.531
290.89999,290.90005,290.90009,290.8996,290.89877,45880.254,47344.25,48594.039,49674.098,50268.086
291.00235,291.00052,290.99991,290.99759,291.0025,47806.586,48801.582,49657.629,50411.988,50758.223
291.10242,291.09937,291.10083,291.09891,291.09274,49592.992,50202.852,50738.723,51200.25,51474.938
291.19971,291.19931,291.19998,291.19952,291.19958,51328.047,51660.188,51949.934,52193.422,52325.922
291.3002,291.30002,291.29306,291.29977,291.29654,53116.918,53224.656,53264.379,53397.328,53422.82
291.40002,291.40024,291.40036,291.40097,291.39957,54919.227,54856.578,54801.965,54759.219,54721.738
291.50046,291.50031,291.49991,291.50049,291.5014,56699.199,56488.406,56305.992,56158.855,56084.379
291.60095,291.60004,291.59998,291.60077,291.60013,58388.734,58041.938,57754.758,57516.141,57377.77
291.70013,291.70288,291.70026,291.70023,291.69992,59919.633,59488.477,59071.527,58735.68,58552.48
291.80026,291.79968,291.80145,291.79971,291.80048,61284.918,60696.555,60211.652,59772.262,59546.461
291.90045,291.90033,291.90134,291.89941,291.9003,62461.828,61744.043,61137.461,60602.949,60323.793
292.00006,291.99985,292.00003,292.00049,292.00171,63458.562,62597.605,61864.332,61235.734,60898.289
292.10004,292.10004,292.10068,292.09937,292.10037,64317.832,63303.355,62438.469,61693.531,61293.562
292.20038,292.20023,292.19971,292.20016,292.20032,65086.789,63905.961,62897.871,62033.824,61567.559
292.2998,292.30038,292.29959,292.29984,292.29968,65802.805,64448.812,63291.582,62299.273,61764.625
292.39737,292.39838,292.39896,292.40067,292.39801,66480.086,64947.285,63635.871,62506.43,61907.066
292.50034,292.50052,292.49936,292.50021,292.50006,67115.797,65387.887,63914.047,62647.312,61965.562
292.60062,292.60046,292.60074,292.60025,292.59982,67658.445,65737.258,64096.664,62690.898,61934.105
292.70013,292.70139,292.69983,292.70065,292.70016,68095.188,65981.188,64176.539,62626.098,61792.637
292.79965,292.80045,292.79993,292.80063,292.80002,68440.781,66135.555,64166.434,62475.57,61566.438
292.90036,292.90012,292.90036,292.89453,292.89984,68734.711,66239.422,64109.168,62294.895,61297.836
292.99969,293.00021,292.99857,293.00073,292.99985,69009.43,66334.25,64049.527,62087.477,61032.168
293.10001,293.09991,293.09991,293.10059,293.09988,69295.844,66446.312,64013.527,61925.879,60801.484
293.19943,293.19928,293.20023,293.19955,293.19968,69595.844,66584.695,64014.516,61808.848,60619.523
293.29971,293.30014,293.30054,293.29996,293.29947,69909.828,66749.32,64049.828,61733.703,60485.477
293.39993,293.39975,293.4003,293.39993,293.39993,70223.07,66924.734,64109.535,61693.695,60391.227
293.50021,293.50082,293.49954,293.50061,293.50034,70521.867,67103.078,64181.09,61676.949,60326.188
293.59995,293.59964,293.60031,293.60004,293.59879,70790.422,67263.57,64253.562,61670.496,60278.047
293.70007,293.7002,293.69998,293.7001,293.70065,71019.109,67401.406,64312.078,61662.336,60233.398
293.80042,293.80042,293.80029,293.79953,293.80017,71196.945,67502.234,64347.504,61641.516,60182.398
293.89975,293.90106,293.90021,293.89755,293.89993,71315.062,67559.141,64350.832,61599.949,60115.578
293.99985,294.00009,293.99985,294.00073,293.99741,71372.422,67566.516,64316.867,61528.801,60028.117
294.10028,294.10019,294.09976,294.09967,294.09946,71367.039,67523.898,64242.773,61428.152,59910.664
294.20013,294.19992,294.20047,294.20032,294.20013,71301.297,67431.961,64127.457,61293.473,59765.504
294.30048,294.29993,294.29993,294.29962,294.30078,71179.633,67293.633,63975.062,61128.863,59592.055
294.39993,294.40027,294.39981,294.40015,294.39984,71010.195,67113.531,63787.707,60933.523,59395.395
294.49976,294.49475,294.49957,294.50159,294.50333,70799.211,66910.188,63571.094,60711.102,59167.602
294.5997,294.59933,294.60034,294.60056,294.60025,70554.945,66658.383,63328.359,60473.363,58934.852
294.69986,294.70074,294.70007,294.70016,294.68698,70285.055,66391.008,63069.68,60218.996,58712.648
294.79984,294.80081,294.80008,294.80008,294.80099,69997.875,66111.695,62797.613,59953.164,58417.191
294.89969,294.90231,294.90015,294.90158,294.9003,69699.664,65819.016,62517.367,59676.676,58150.074
295.00009,295.00055,295.00073,294.99939,295,69393.625,65529.93,62231.586,59406.07,57879.121
295.10019,295.10059,295.1001,295.10049,295.09946,69085.883,65234.16,61947.648,59126.344,57608.176
295.20001,295.20016,295.20032,295.20016,295.20038,68778.773,64939.836,61661.98,58850.973,57334.5
295.30029,295.3002,295.29996,295.29205,295.29974,68471.469,64645.539,61379.23,58596.48,57066.262
295.40012,295.39996,295.39944,295.40076,295.40063,68166.773,64353.434,61098.43,58301.863,56796.023
295.50082,295.49918,295.50116,295.50052,295.49933,67860.516,64063.852,60813.137,58030.777,56532.477
295.59973,295.6004,295.59982,295.6008,295.60062,67559.359,63769.211,60536.129,57759.066,56263.418
295.70047,295.69882,295.70047,295.70117,295.70056,67252.234,63481.52,60253.781,57487.074,55997.668
295.80038,295.80017,295.80112,295.80087,295.80011,66945.797,63184.75,59970.484,57216.074,55732.363
295.90036,295.90054,295.90131,295.90063,295.8999,66637.188,62888.977,59687.09,56943.949,55465.648
296.00003,296.00082,295.99945,296.00061,295.99963,66327.617,62591.961,59407.82,56670.375,55198.305
296.10062,296.10013,296.09973,296.09979,296.09979,66014.422,62296.84,59122.469,56398.414,54929.652
296.2001,296.19983,296.2002,296.20062,296.20007,65704.859,62001.195,58837.262,56123.031,54661.402
296.30011,296.30042,296.30066,296.30048,296.30099,65396.453,61705.637,58554.395,55852.262,54393.746
296.40039,296.40375,296.40039,296.39954,296.40027,65092.668,61407.883,58277.895,55587.531,54133.992
296.5004,296.5004,296.50037,296.5015,296.50037,64798.234,61135.297,58007.82,55322.395,53878.398
296.60098,296.5997,296.60046,296.60013,296.6008,64514.422,60866.516,57747.312,55073.969,53630.594
296.70016,296.702,296.69998,296.70035,296.69974,64249.742,60604.93,57500.828,54833.508,53396.93
296.79971,296.80035,296.79941,296.79959,296.8006,64003.18,60369.504,57269.977,54609.188,53172.734
296.90042,296.89938,296.90421,296.90005,296.90048,63776.719,60152.414,57047.586,54399.07,52966.227
296.99847,297.00024,296.99979,296.99957,297.00037,63580.328,59954.812,56862.375,54209.391,52777.461
297.09918,297.10077,297.10007,297.0997,297.10059,63407.094,59783.094,56691.523,54039.266,52607.68
297.20001,297.19824,297.1998,297.20087,297.19977,63263.719,59641.527,56545.527,53890,52459.973
297.2999,297.29993,297.29929,297.30072,297.30029,63152.168,59522.895,56424.648,53765.273,52332.34
297.3999,297.39963,297.39951,297.39996,297.39996,63071.492,59434.188,56328.504,53664.094,52227.551
297.50034,297.50027,297.50052,297.50049,297.49591,63021.348,59372.754,56257.367,53585.047,52146.289
297.60071,297.60043,297.60059,297.6001,297.59991,63000.859,59338.312,56211.129,53528.723,52082.359
297.69623,297.69989,297.69775,297.69525,297.69516,63005.992,59328.832,56187.5,53493.391,52040.852
297.80008,297.80042,297.80026,297.79959,297.79941,63039.828,59342.602,56185.535,53477.344,52017.148
297.89944,297.89996,297.90015,297.90082,297.89948,63093.66,59376.336,56202.047,53479.266,52010.574
297.99936,297.99997,297.99991,298.00055,298.00009,63166.832,59427.82,56234.727,53496.043,52018.902
298.10004,298.09976,298.09949,298.10052,298.09949,63256.309,59493.469,56280.691,53525.617,52039.09
298.19833,298.20062,298.20047,298.19989,298.20102,63354.5,59571.266,56338.34,53564.875,52070.32
298.30032,298.30374,298.30066,298.29965,298.3002,63465.336,59659.395,56402.949,53611.785,52107.609
298.40012,298.40088,298.39972,298.392,298.39963,63577.355,59745.145,56471.066,53657.676,52149.871
298.50043,298.49335,298.49985,298.50018,298.49973,63690.531,59826.605,56541.902,53718.176,52195.09
298.60089,298.59863,298.59915,298.6026,298.60052,63800.938,59920.898,56611.012,53773.977,52241.039
298.70123,298.6998,298.70129,298.70035,298.7005,63905.062,60005.773,56679.262,53823.734,52284.547
298.80133,298.80048,298.79984,298.80054,298.80011,63999.996,60082.895,56738.641,53870.953,52324.086
298.89905,298.90063,298.90082,298.89929,298.90063,64081.246,60150.18,56792.449,53911.105,52358.797
298.99979,299.0036,298.99966,299.00012,299.0015,64152.582,60208.477,56835.52,53944.953,52386.828
299.10022,299.10037,299.09967,299.10022,299.10001,64208.746,60249.758,56868.969,53969.543,52405.895
299.20068,299.19943,299.19928,299.20059,299.20062,64248.945,60279.543,56890.867,53984.574,52417.184
299.30045,299.29999,299.29996,299.30045,299.30115,64272.195,60296.027,56901.18,53989.203,52419.105
299.39975,299.40115,299.40161,299.40009,299.40103,64278.613,60298.105,56899.203,53983.348,52411.324
299.50031,299.50079,299.50024,299.49927,299.49924,64268.633,60285.461,56884.441,53967.039,52393.957
299.60004,299.60013,299.60004,299.60016,299.60007,64242.27,60258.977,56857.914,53940.465,52367.348
299.702,299.69928,299.69937,299.69986,299.70938,64199.887,60219.352,56820.031,53904.027,52330.211
299.79922,299.7981,299.80072,299.79541,299.79984,64144.273,60167.551,56770.934,53859.438,52287.637
299.90167,299.8992,299.90021,299.89957,299.90042,64073.375,60103.516,56712.43,53804.156,52235.578
300.00046,300.00107,300.00061,300.00058,300.00018,63992.316,60028.59,56644.758,53741.91,52176.793
300.10086,300.09946,300.09995,300.10001,300.10016,63899.973,59946.594,56569.926,53673.652,52111.895
300.20163,300.20099,300.20078,300.19995,300.20044,63798.508,59855.109,56487.785,53599.594,52041.738
300.30023,300.30167,300.30045,300.30054,300.29187,63691.711,59757.961,56401.043,53520.641,51971.988
300.39304,300.39951,300.40103,300.40012,300.40085,63584.855,59658.289,56309.648,53438.754,51889.996
300.50119,300.49979,300.50055,300.50067,300.50073,63460.094,59553.449,56216.148,53353.867,51810.5
300.59973,300.5957,300.59952,300.60056,300.60019,63341.906,59450.27,56121.426,53268.004,51730.012
300.69931,300.6994,300.69928,300.6972,300.70016,63221.992,59340.047,56025.664,53183.781,51648.926
300.80084,300.79892,300.80014,300.80014,300.80054,63100.863,59233.883,55929.703,53096.234,51568.168
300.90042,300.90009,300.90137,300.90097,300.89999,62983.523,59128.113,55835.082,53011.426,51489.254
300.99988,301.00085,301.00058,301.00027,301.00034,62869.32,59025.406,55744.262,52929.684,51411.887
301.10165,301.09995,301.09998,301.10065,301.09967,62757.09,58927.492,55656.395,52850.102,51337.617
301.19989,301.19983,301.20096,301.20007,301.20044,62652.59,58833.137,55571.25,52774.309,51265.711
301.30029,301.30075,301.30109,301.29996,301.29846,62551.602,58742.773,55490.77,52701.902,51198.414
301.39828,301.39642,301.39993,301.39899,301.39981,62458.008,58660.574,55415.355,52633.766,51133.32
301.49979,301.49985,301.50009,301.49231,301.49963,62367.895,58578.992,55343.812,52571.789,51072.617
301.59937,301.60019,301.60025,301.60056,301.59985,62284.984,58504.461,55276.887,52508.191,51015.559
301.6998,301.70029,301.70053,301.7002,301.69751,62207.426,58435.191,55214.445,52451.883,50962.941
301.80054,301.80087,301.79999,301.79953,301.79941,62135.332,58370.633,55156.613,52399.457,50912.711
301.89999,301.90051,301.90381,301.89993,301.90128,62068.926,58310.938,55101.477,52350.266,50865.906
302.00009,301.99988,302.00015,302.00012,301.99982,62006.746,58255.266,55051.98,52304.281,50822.738
302.09958,302.10101,302.10025,302.10406,302.10028,61948.535,58202.398,55004.391,52260.266,50781.66
302.19623,302.20038,302.19855,302.2016,302.20032,61894.07,58152.617,54959.484,52219.516,50742.609
302.30026,302.30002,302.29141,302.29971,302.30255,61839.336,58104.504,54917.168,52180.039,50704.629
302.40036,302.40002,302.39987,302.40054,302.40067,61786.762,58057.199,54872.711,52140.926,50667.961
302.50024,302.49997,302.49689,302.49997,302.49924,61734.145,58009.879,54830.492,52102.113,50631.348
302.60004,302.60013,302.60022,302.6026,302.59976,61680.34,57961.516,54786.254,52062.148,50593.934
302.70032,302.70074,302.70096,302.70126,302.71054,61624.012,57911.023,54740.82,52021.41,50553.645
302.80005,302.79974,302.79922,302.80051,302.79889,61564.32,57857.977,54693.398,51978.418,50514.934
302.89972,302.9003,302.90024,302.90015,302.9007,61499.965,57800.418,54641.844,51932.422,50471.336
302.99988,302.99985,303.00159,303.00052,302.99973,61429.52,57738.164,54585.742,51882.516,50424.898
303.1011,303.09848,303.09949,303.09985,303.09409,61351.43,57670.379,54525.676,51828.441,50375.816
303.20059,303.20084,303.20084,303.1994,303.19925,61266.164,57593.738,54458.23,51769.141,50318.844
303.29617,303.30035,303.30029,303.30048,303.29901,61174.789,57510.637,54384.785,51703.312,50258.066
303.40015,303.39975,303.39999,303.39914,303.40015,61067,57418.977,54303.723,51632.047,50190.695
303.49988,303.49985,303.49692,303.49966,303.50012,60951.531,57317.406,54216.477,51552.809,50117.316
303.61163,303.59644,303.59998,303.60034,303.60004,60811.172,57209.008,54116.25,51465.863,50037.074
303.69962,303.70056,303.70029,303.69983,303.70029,60684.773,57082.875,54008.68,51371.734,49949.328
303.80023,303.80115,303.80066,303.7998,303.80066,60531.297,56948.707,53891.309,51268.902,49853.766
303.89999,303.90063,303.89957,303.89999,303.89944,60365.402,56804.113,53765.336,51157.109,49751.43
303.99875,304.00034,303.99673,303.99921,303.99915,60187.25,56647.262,53631.203,51037.203,49640.125
304.10046,304.09909,304.09967,304.09827,304.10083,59989.902,56479.574,53479.488,50908.328,49518.352
304.20187,304.19925,304.20081,304.19995,304.20016,59778.18,56297.379,53318.832,50767.066,49390.234
304.29999,304.29858,304.30048,304.30032,304.30014,59558.348,56104.043,53149.281,50617.758,49252.82
304.39954,304.39932,304.40018,304.39688,304.39944,59321.363,55895.664,52968.887,50464.277,49107.621
304.50003,304.50009,304.49945,304.49988,304.50018,59067.863,55674.582,52778.512,50292.516,48952.02
304.60126,304.60062,304.60019,304.60059,304.60074,58798.184,55441.562,52574.977,50114.602,48788.113
304.70065,304.69916,304.70349,304.69995,304.69962,58519.086,55200.891,52355.898,49929.797,48618.406
304.80057,304.79977,304.80011,304.80032,304.79993,58225.18,54943.93,52139.715,49734.57,48438.555
304.89996,304.89966,304.89948,304.90045,304.89944,57919.707,54677.348,51908.539,49531.27,48252.227
305.00049,305.00015,305.00037,304.99744,304.99994,57598.387,54398.34,51664.684,49325.844,48056.812
305.09946,305.10016,305.10059,305.09995,305.10016,57269.836,54110.199,51413.285,49102.133,47854.742
305.2009,305.20096,305.19983,305.19971,305.20007,56922.113,53810.047,51155.738,48876.414,47646.523
305.30148,305.30066,305.3009,305.3002,305.30023,56566.301,53503.738,50885.852,48642.324,47431.586
305.40021,305.40146,305.401,305.39587,305.40048,56206.883,53185.688,50610.941,48412.387,47210.648
305.49976,305.50034,305.49707,305.49991,305.49985,55835.637,52865.5,50339.781,48158.324,46986.176
305.60031,305.60037,305.60019,305.60172,305.59955,55452.453,52534.691,50044.078,47903.633,46756.219
305.70032,305.69968,305.69662,305.69965,305.7001,55063.656,52199.711,49760.672,47653.082,46520.105
305.80048,305.79984,305.80008,305.80078,305.80145,54667.512,51856.254,49453.172,47390.805,46278.34
305.89221,305.90067,305.90817,305.90039,305.90033,54297.469,51505.477,49127.938,47128.398,46038.547
306.00064,306.00079,306.00043,305.99997,306.00055,53858.691,51152.559,48843.512,46862.891,45792.918
306.09961,306.10071,306.0994,306.10068,306.09976,53451.723,50796.68,48537.141,46591.969,45547.16
306.2002,306.20081,306.20096,306.19992,306.20004,53034.992,50437.258,48220.824,46322.59,45297.141
306.30011,306.29767,306.2998,306.29996,306.2988,52618.227,50086.586,47910.523,46049.727,45049.246
306.39987,306.39981,306.40073,306.40051,306.39951,52200.203,49716.5,47592.941,45774.559,44796.031
306.50037,306.50275,306.50018,306.4982,306.49991,51778.168,49342.797,47278.969,45506.105,44543.109
306.60092,306.59415,306.59991,306.60001,306.60046,51355.5,49008.168,46964.074,45227.281,44289.875
306.70078,306.70062,306.6998,306.6998,306.69998,50935.93,48622.516,46649.133,44953.957,44039.48
306.80054,306.80057,306.79413,306.80026,306.79913,50517.688,48260.059,46351.246,44679.832,43790.77
306.8996,306.89951,306.90009,306.90405,306.901,50103.777,47902.457,46020.902,44398.746,43537.133
307.00009,307.0011,307.00034,307.00018,307.00027,49686.367,47537.871,45708.961,44138.305,43290.945
307.09909,307.10092,307.09979,307.09802,307.10001,49277.484,47181.68,45401.496,43875.551,43045.617
307.19952,307.20023,307.20126,307.20044,307.20026,48866.215,46830.062,45090.902,43603.973,42801.352
307.30051,307.29993,307.30026,307.29993,307.30042,48456.562,46480.395,44790.246,43342.176,42559.797
307.40158,307.40109,307.40002,307.40079,307.39948,48050.773,46129.652,44490.707,43080.066,42323.375
307.5004,307.49335,307.49585,307.50284,307.5004,47657.996,45811.359,44205.43,42818.449,42085.969
307.59689,307.60028,307.59998,307.60037,307.60043,47278.48,45450.645,43901.406,42570.738,41853.672
307.70047,307.70132,307.69812,307.70065,307.70074,46878.156,45113.34,43617.57,42320.301,41624.215
307.80304,307.80045,307.80344,307.80017,307.80045,46487.281,44786.816,43319.254,42075.398,41399.578
307.90039,307.89951,307.90005,307.90048,307.90039,46120.703,44465.441,43048.07,41832.727,41178.168
308.0004,307.99924,308.00003,307.99991,308.00098,45750.613,44147.23,42772.812,41596.094,40959.367
308.09796,308.0993,308.10004,308.10037,308.10077,45394.875,43833.395,42502.23,41361.465,40746.043
308.2002,308.20032,308.19998,308.2002,308.19907,45029.555,43522.367,42236.629,41132.473,40539.465
308.29919,308.29996,308.3006,308.30078,308.29614,44681.383,43220.82,41974.352,40906.285,40339
308.39978,308.4007,308.40042,308.40039,308.40005,44334.441,42921.895,41718.938,40686.465,40130.293
308.50018,308.50046,308.49887,308.50006,308.50031,43994.652,42631.355,41471.633,40470.934,39932.367
308.60037,308.60025,308.60071,308.60028,308.60004,43662.129,42346.461,41221.766,40258.82,39739.492
308.70047,308.69977,308.70038,308.70004,308.70023,43336.5,42068.02,40981.836,40052.051,39550.008
308.80063,308.80066,308.80106,308.80023,308.79993,43017.316,41791.906,40744.852,39848.996,39365.496
308.90237,308.8996,308.90033,308.89969,308.90045,42700.223,41526.422,40515.898,39651.707,39183.82
309.00034,309.00027,309.00049,309.00034,309.00012,42400.527,41262.457,40290.156,39456.809,39007.617
309.10046,309.09982,309.10043,309.10077,309.09625,42101.188,41006.891,40069.855,39266.723,38840.707
309.20032,309.19989,309.20001,309.19986,309.20456,41809.078,40755.758,39855.191,39083.164,38659.953
309.29953,309.2995,309.30054,309.30023,309.29993,41525.027,40511.227,39643.613,38901.812,38501.945
309.40137,309.40063,309.3999,309.40002,309.39999,41240.551,40268.898,39439.004,38725.586,38341.059
309.49994,309.50034,309.49994,309.496,309.49927,40970.676,40035.148,39237.902,38559.141,38185.066
309.6004,309.60175,309.60004,309.59979,309.5997,40702.242,39803.262,39041.387,38385.211,38031.285
309.69986,309.70078,309.70032,309.70023,309.7002,40442.348,39581.547,38849.176,38220.293,37881.145
309.80081,309.80045,309.80093,309.7998,309.79971,40184.969,39363.703,38660.961,38060.496,37735.84
309.8999,309.90039,309.90073,309.89984,309.90054,39937.797,39150.426,38478.543,37903.914,37592.48
309.99973,310.00098,310.00006,310.00012,310.00061,39694.746,38940.992,38301.148,37750.773,37453.492
310.09982,310.10013,310.0993,310.09979,310.10086,39456.812,38739.105,38128.09,37602.086,37317.66
310.2012,310.20023,310.20227,310.1998,310.20035,39221.879,38540.344,37953.719,37456.562,37185.953
310.29919,310.30252,310.30011,310.29922,310.2998,38999.469,38342.629,37790.934,37315.234,37057.445
310.40222,310.39972,310.40027,310.39996,310.40021,38772.41,38158.18,37628.781,37175.789,36931.055
310.49918,310.50009,310.50064,310.5004,310.5011,38562.621,37972.973,37470.27,37040.074,36807.238
310.6004,310.60052,310.59778,310.60001,310.60001,38349.828,37792.18,37319.812,36908.531,36688.328
310.69925,310.7005,310.70035,310.69949,310.70142,38146.602,37616.488,37165.984,36780.238,36569.859
310.80005,310.80057,310.80035,310.79834,310.80057,37944.863,37444.926,37019.102,36655.617,36456.262
310.89984,310.89999,310.89951,310.89777,310.89987,37749.84,37278.441,36876.75,36533.305,36345.137
310.99786,311.00064,311.00034,311.00055,310.99939,37562.566,37114.281,36735.809,36410.586,36236.352
311.10034,311.10062,311.10016,311.10239,311.10031,37372.656,36955.059,36599.398,36291.691,36128.859
311.20251,311.18823,311.2002,311.19989,311.20029,37188.109,36815.996,36466,36179.547,36024.59
311.29977,311.30002,311.30197,311.3002,311.30112,37015.805,36648.941,36333.934,36067.426,35921.984
311.40054,311.39954,311.3989,311.39984,311.39911,36842.539,36501.707,36210.086,35958.438,35823.836
311.49945,311.50024,311.4996,311.49936,311.50031,36676.379,36356.633,36085.242,35851.984,35725.371
311.60056,311.60059,311.60031,311.60028,311.59949,36511.328,36215.566,35963.34,35746.727,35630.484
311.70084,311.70062,311.70032,311.70071,311.70193,36351.645,36078.297,35844.945,35644.164,35535.242
311.79996,311.79904,311.80096,311.80029,311.8006,36197.574,35946.152,35728.676,35544.461,35444.586
311.90039,311.90009,311.90021,311.90036,311.89966,36045.742,35814.352,35616.34,35446.48,35355.438
312.00027,312,311.99997,312.00027,311.99954,35898.5,35686.949,35506.059,35350.637,35267.457
312.10089,312.10025,312.09677,312.09637,312.10037,35754.148,35562.27,35400.738,35259.441,35180.52
312.19925,312.20078,312.20016,312.20255,312.20099,35616.117,35440.277,35292.16,35162.938,35095.289
312.29636,312.29486,312.29514,312.30045,312.30319,35482.918,35327.293,35192.754,35073.969,35010.559
312.40079,312.4003,312.40076,312.39996,312.40048,35344.93,35206.191,35086.918,34985.492,34930.16
312.49899,312.50037,312.49918,312.49704,312.50064,35217.164,35092.855,34988.867,34900.129,34849.301
312.59998,312.6008,312.60266,312.59988,312.59637,35089.668,34981.762,34888.969,34812.52,34772.188
312.70184,312.69992,312.70081,312.70035,312.70007,34964.504,34874.293,34794.988,34727.887,34691.68
312.80008,312.79941,312.79984,312.80127,312.80063,34846.027,34768.879,34702.145,34644.34,34614.07
312.89999,312.90036,312.90002,312.89987,312.8989,34728.832,34664.566,34610.223,34563.465,34538.723
313.00015,313.00287,312.99973,312.99313,313.00015,34614.246,34561.273,34520.285,34486.852,34462.68
313.09875,313.10022,313.10181,313.10162,313.10199,34503.777,34464.121,34430.324,34402.477,34387.203
313.20013,313.20013,313.19778,313.19986,313.20081,34393.465,34366.957,34345.84,34325.055,34314.086
313.29984,313.30075,313.30063,313.29993,313.3017,34287.137,34271.172,34258.273,34247.523,34240.582
313.40024,313.40067,313.40076,313.39954,313.40002,34182.613,34177.707,34173.758,34171.09,34168.996
313.49423,313.50095,313.49371,313.50009,313.50064,34085.461,34085.672,34094.812,34094.906,34096.781
313.59995,313.59985,313.59964,313.60004,313.60037,33981.188,33996.176,34009.039,34019.738,34025.473
313.70078,313.69824,313.70038,313.69925,313.69983,33882.875,33908.488,33927.477,33945.574,33954.691
313.79709,313.79874,313.80182,313.80057,313.7998,33789.875,33820.824,33846.488,33870.871,33884.004
313.90048,313.90295,313.90125,313.89319,313.89981,33693.586,33732.164,33767.582,33801.188,33813.605
314.00021,314.00043,313.99957,314.00089,314.00031,33601.773,33649.105,33690.129,33724.191,33743.238
314.10019,314.10052,314.10016,314.10025,314.10059,33511.5,33565.594,33612.184,33651.906,33673.191
314.20059,314.20142,314.19943,314.198,314.20026,33422.574,33482.75,33535.688,33580.797,33603.609
314.30002,314.29996,314.30142,314.30103,314.29663,33335.832,33402.379,33458.367,33507.336,33535.738
314.40009,314.3999,314.39868,314.40088,314.40067,33250.117,33322.152,33384.215,33435.742,33464.266
314.50085,314.49973,314.50067,314.50034,314.49994,33165.34,33242.922,33308.059,33364.57,33395.133
314.60147,314.59439,314.60046,314.59949,314.59988,33081.969,33167.477,33233.582,33293.727,33325.688
314.69949,314.70068,314.70007,314.69962,314.69986,33001.371,33086.246,33159.645,33222.539,33256.207
314.79922,314.80072,314.80054,314.80066,314.80011,32920.855,33009.289,33085.648,33151,33186.535
314.90057,314.8989,314.90073,314.90002,314.90027,32840.457,32934.027,33012.141,33080.355,33116.82
315.00037,314.99976,314.99957,314.99738,315.00015,32761.963,32857.914,32939.641,33010.75,33047.137
315.10046,315.1004,315.10019,315.09659,315.09943,32684.23,32782.512,32866.512,32940.25,32977.637
315.20029,315.20013,315.20013,315.20044,315.20032,32607.537,32708.15,32793.984,32867.461,32907.227
315.30045,315.29941,315.30127,315.30008,315.30032,32531.498,32634.541,32721.094,32796.766,32837.125
315.40051,315.40109,315.40073,315.40009,315.39957,32456.297,32560.15,32649.273,32725.877,32767.264
315.50018,315.50085,315.49939,315.49841,315.49976,32382.047,32487.213,32578.049,32655.805,32696.807
315.59976,315.60025,315.60056,315.60089,315.60162,32308.543,32414.883,32505.744,32583.65,32625.391
315.70071,315.7009,315.69952,315.70309,315.69992,32235.002,32342.326,32434.732,32511.623,32555.623
315.79974,315.79898,315.80014,315.79764,315.79984,32163.092,32271.457,32363.068,32443.402,32484.951
315.90005,315.90054,315.90067,315.90042,315.89984,32091.137,32199.201,32291.621,32371.074,32414.137
316.00015,315.99976,316.00015,316.00095,315.99976,32019.857,32128.473,32220.846,32299.857,32343.268
316.09613,316.09909,316.09982,316.09866,316.10046,31951.125,32057.98,32150.1,32230.012,32271.889
316.19501,316.20059,316.19736,316.19977,316.19937,31881.412,31986.693,32080.521,32158.438,32201.293
316.30109,316.3002,316.30045,316.29987,316.30069,31808.656,31916.611,32008.299,32087.34,32129.395
316.39975,316.40039,316.39999,316.40021,316.39975,31739.986,31846.543,31937.982,32016.146,32058.58
316.50104,316.50037,316.5011,316.49982,316.50064,31670.553,31776.914,31867.098,31945.396,31986.865
316.60028,316.60019,316.60083,316.60092,316.60016,31602.602,31707.717,31797.117,31874.023,31915.898
316.69943,316.69989,316.69571,316.69943,316.70016,31535.182,31638.934,31729.74,31804.076,31844.771
316.7998,316.79971,316.80032,316.7998,316.80096,31467.682,31570.453,31657.871,31733.363,31773.355
316.90033,316.90063,316.89969,316.90036,316.90015,31400.588,31501.811,31588.812,31662.732,31702.871
317.00024,316.99591,317.00012,316.99744,317.00098,31334.246,31436.174,31519.51,31594.002,31631.715
317.09995,317.10034,317.09912,317.10034,317.09998,31268.479,31366.641,31451.191,31522.635,31561.654
317.19995,317.20044,317.19992,317.20062,317.20056,31203.053,31299.525,31382.328,31452.812,31491.025
317.29993,317.29993,317.2998,317.30087,317.29987,31138.131,31233.1,31314.244,31383.287,31421.281
317.40057,317.4006,317.39606,317.40137,317.40021,31073.422,31166.564,31248.227,31313.967,31351.316
317.5007,317.49854,317.50079,317.49982,317.50244,31009.457,31101.715,31178.652,31245.979,31280.768
317.60013,317.59656,317.60181,317.59891,317.60095,30946.318,31037.279,31111.248,31178.061,31212.387
317.70053,317.6973,317.70059,317.70081,317.69769,30883.295,30972.117,31045.307,31109.225,31145.229
317.79974,317.80017,317.80011,317.80023,317.80048,30821.307,30906.539,30979.49,31041.99,31075.604
317.90009,317.90082,317.90359,317.90054,317.89954,30759.404,30842.461,30912.396,30974.809,31008.201
318.00037,317.9982,317.99652,317.99658,318.00058,30698.111,30780.32,30850.51,30910.084,30940.369
318.10452,318.09723,318.07037,318.10037,318.10056,30635.906,30718.059,30797.428,30842.393,30873.59
318.2001,318.19989,318.19998,318.20062,318.1991,30577.729,30654.924,30720.725,30776.916,30808.055
318.29996,318.30389,318.3009,318.29813,318.29703,30518.506,30591.91,30657.135,30713.266,30743.389
318.3999,318.39896,318.39996,318.40009,318.40005,30459.891,30533.145,30594.967,30648.289,30677.082
318.49985,318.50003,318.49997,318.49976,318.49973,30401.916,30472.604,30533.041,30584.953,30612.912
318.59933,318.59995,318.59991,318.60083,318.59766,30344.756,30413.172,30471.793,30521.684,30550.139
318.69934,318.70004,318.6998,318.69992,318.70016,30288.062,30354.344,30411.246,30459.928,30486.102
318.80072,318.79959,318.7977,318.80002,318.8017,30231.562,30296.404,30352.168,30398.459,30423.213
318.8978,318.90051,318.90033,318.89981,318.89581,30177.244,30238.658,30291.963,30337.836,30364.088
318.99911,319.00183,319.00003,319.00134,319.00098,30122.15,30181.496,30233.625,30277.277,30301.227
319.10052,319.09973,319.10165,319.09985,319.09973,30067.752,30126.281,30175.326,30218.664,30241.723
319.19977,319.20068,319.20142,319.19308,319.20026,30014.797,30070.74,30118.494,30162.795,30182.32
319.30035,319.30042,319.30026,319.30023,319.30014,29962.15,30016.393,30062.775,30102.529,30123.994
319.40057,319.39975,319.40039,319.40421,319.40308,29910.389,29962.963,30007.416,30044.361,30065.402
319.4996,319.50046,319.5004,319.49875,319.49963,29859.754,29909.883,29952.926,29990.408,30010.004
319.60077,319.59311,319.60089,319.60059,319.60315,29809.244,29860.135,29899.107,29934.729,29952.988
319.6998,319.70074,319.69791,319.70059,319.70016,29760.127,29806.504,29847.242,29880.551,29899.119
319.79984,319.79944,319.79999,319.80066,319.79932,29711.475,29756.445,29794.576,29827.207,29845.361
319.89819,319.9003,319.90082,319.90195,319.89954,29664.029,29706.531,29743.148,29774.332,29792.111
319.99966,320.00046,319.99988,320.00049,319.99988,29616.484,29657.613,29693.08,29723.176,29739.693
320.10043,320.10037,320.09995,320.10025,320.10095,29569.895,29609.561,29643.537,29672.49,29687.934
320.20035,320.20068,320.20007,320.19955,320.19983,29524.309,29562.221,29594.832,29622.82,29637.75
320.3009,320.30029,320.30002,320.30038,320.30051,29479.352,29515.895,29547.047,29573.604,29587.941
320.39981,320.40585,320.40033,320.39951,320.39972,29435.578,29468.914,29500.035,29525.773,29539.477
320.49988,320.5007,320.50027,320.49872,320.49738,29392.301,29425.424,29453.975,29478.791,29492.322
320.60043,320.59979,320.60077,320.59943,320.5994,29349.656,29381.646,29408.602,29432.264,29444.852
320.69254,320.69958,320.70087,320.69928,320.70041,29309.518,29338.441,29364.111,29386.775,29398.506
320.80017,320.80011,320.80121,320.80087,320.8035,29266.768,29295.811,29320.344,29341.676,29352.492
320.90125,320.90024,320.90057,320.89996,320.90009,29226.125,29254.012,29277.576,29297.994,29308.9
320.99997,320.99988,320.99872,321.00031,320.99994,29186.664,29213.076,29235.863,29254.85,29265.355
321.09998,321.1001,321.09988,321.10086,321.10095,29147.682,29172.797,29194.305,29212.506,29222.41
321.19974,321.20105,321.19989,321.20056,321.20053,29109.461,29133.143,29153.795,29171.182,29180.637
321.29947,321.29987,321.3002,321.29984,321.30093,29071.943,29094.639,29114.008,29130.75,29139.516
321.40012,321.40036,321.40005,321.39981,321.4007,29034.949,29056.541,29075.066,29090.959,29099.33
321.49963,321.50269,321.50052,321.50009,321.50064,28998.795,29018.836,29036.746,29051.873,29059.885
321.59949,321.6015,321.60278,321.60013,321.60144,28963.213,28982.402,28998.828,29013.57,29021.035
321.69989,321.70346,321.69241,321.69928,321.7005,28928.158,28946.111,28963.701,28976.133,28983.23
321.8002,321.80148,321.80005,321.80038,321.7998,28893.686,28911.039,28926.234,28939.029,28946.057
321.89963,321.89923,321.89938,321.90067,321.90201,28859.873,28876.557,28890.732,28902.711,28909.057
322.004,322.00021,322.00064,321.99991,321.99945,28825.934,28842.156,28855.531,28867.166,28873.451
322.10028,322.09982,322.09976,322.09686,322.10062,28793.582,28808.531,28821.254,28832.582,28837.918
322.20071,322.20181,322.20071,322.2005,322.19992,28761.336,28775.271,28787.428,28797.764,28803.404
322.33289,322.29834,322.29984,322.30096,322.29956,28726.27,28743.438,28754.619,28764.215,28769.654
322.39984,322.40009,322.39929,322.40018,322.39975,28699.215,28711.75,28722.57,28731.664,28736.68
322.50134,322.5004,322.50095,322.50076,322.49945,28668.992,28680.939,28690.996,28699.695,28704.535
322.60004,322.60031,322.60092,322.60034,322.59283,28639.596,28650.746,28660.221,28668.471,28673.766
322.69989,322.69977,322.70035,322.70056,322.69989,28610.504,28621.051,28629.986,28637.678,28641.912
322.80115,322.79993,322.80072,322.80026,322.80121,28581.66,28591.689,28600.082,28607.393,28611.209
322.8992,322.90051,322.89969,322.89975,322.89987,28553.461,28562.686,28570.734,28577.568,28581.244
323.00058,323.00259,322.99942,322.99991,322.99954,28525.369,28533.977,28541.748,28548.137,28551.641
323.10034,323.10031,323.10037,323.10046,323.10019,28497.814,28506.07,28513.111,28519.148,28522.432
323.20236,323.20078,323.20111,323.20096,323.1998,28470.514,28478.377,28484.967,28490.654,28493.814
323.30093,323.30023,323.30072,323.30051,323.30106,28443.883,28451.209,28457.385,28462.73,28465.559
323.40265,323.39969,323.40039,323.40021,323.40033,28417.459,28424.48,28430.26,28435.273,28437.959
323.50064,323.49951,323.49948,323.49997,323.49997,28391.674,28398.146,28403.615,28408.27,28410.797
323.59955,323.60049,323.59915,323.60037,323.60001,28366.195,28372.135,28377.342,28381.652,28384.045
323.69989,323.70126,323.69284,323.69992,323.70026,28340.982,28346.518,28351.828,28355.502,28357.697
323.79993,323.80096,323.7998,323.79941,323.80142,28316.119,28321.316,28325.865,28329.736,28331.688
323.89999,323.89972,323.89941,323.89996,323.90012,28291.551,28296.477,28300.688,28304.254,28306.186
323.99899,324.00043,324.00061,324.00031,324.00027,28267.297,28271.818,28275.727,28279.104,28280.918
324.09427,324.10046,324.10095,324.10028,324.09763,28243.441,28247.455,28251.09,28254.262,28256.092
324.20041,324.19983,324.19949,324.19974,324.2009,28219.348,28223.371,28226.801,28229.719,28231.242
324.30295,324.30032,324.30072,324.30048,324.29996,28195.678,28199.508,28202.674,28205.416,28206.912
324.40137,324.39999,324.40036,324.39832,324.40079,28172.439,28175.965,28178.918,28181.551,28182.818
324.5007,324.50046,324.49478,324.50244,324.49509,28149.457,28152.701,28155.684,28157.756,28159.334
324.60141,324.59991,324.60001,324.60052,324.59875,28126.717,28129.777,28132.348,28134.535,28135.793
324.7012,324.70071,324.69958,324.70142,324.70004,28104.279,28107.096,28109.525,28111.516,28112.67
324.80023,324.8009,324.80002,324.8009,324.80045,28082.105,28084.691,28086.941,28088.82,28089.865
324.89801,324.8963,324.90045,324.90012,324.89984,28060.162,28062.635,28064.582,28066.365,28067.33
324.99844,324.99973,325.00064,324.99551,324.99973,28038.305,28040.52,28042.414,28044.207,28044.973
325.09348,325.09784,325.10013,325.10043,325.09747,28016.695,28018.682,28020.404,28021.922,28022.828
325.19989,325.20197,325.19513,325.2001,325.1998,27994.939,27996.824,27998.639,27999.934,28000.705
325.30002,325.29971,325.30014,325.30005,325.30017,27973.465,27975.262,27976.781,27978.094,27978.799
325.40005,325.39969,325.39999,325.40048,325.39734,27952.154,27953.82,27955.23,27956.434,27957.158
325.50049,325.49948,325.50314,325.50021,325.50052,27931.018,27932.57,27933.809,27934.99,27935.59
325.59964,325.59692,325.60104,325.59451,325.60104,27910.08,27911.547,27912.686,27913.85,27914.283
325.69907,325.7005,325.70007,325.69916,325.7005,27889.297,27890.586,27891.711,27892.688,27893.182
325.80026,325.80026,325.80045,325.8006,325.7998,27868.617,27869.828,27870.857,27871.742,27872.234
325.8963,325.8938,325.90109,325.89999,325.89999,27848.123,27849.279,27850.129,27850.963,27851.404
326.0007,325.99915,326.00064,326.0004,326.00061,27827.619,27828.67,27829.529,27830.287,27830.691
326.09973,326.10086,326.09909,326.09988,326.09973,27807.283,27808.219,27809.053,27809.738,27810.115
326.19797,326.20065,326.19934,326.20013,326.2001,27787.045,27787.893,27788.654,27789.285,27789.631
326.29968,326.30017,326.30029,326.29993,326.30191,27766.875,27767.676,27768.361,27768.955,27769.25
326.3996,326.40027,326.39954,326.40018,326.40005,27746.818,27747.553,27748.193,27748.729,27749.023
326.50085,326.50073,326.50388,326.50049,326.50073,27726.857,27727.539,27728.09,27728.621,27728.889
326.60025,326.60062,326.60141,326.60071,326.60071,27707,27707.623,27708.15,27708.615,27708.861
326.69617,326.70068,326.69934,326.70026,326.69962,27687.248,27687.791,27688.291,27688.705,27688.938
326.80087,326.79968,326.79883,326.79666,326.79926,27667.494,27668.029,27668.486,27668.891,27669.078
326.8992,326.90018,326.9003,326.90356,326.90012,27647.84,27648.318,27648.73,27649.061,27649.275
326.99985,326.9996,326.99847,326.99991,326.99924,27628.236,27628.68,27629.066,27629.381,27629.561
327.10028,327.10101,327.10022,327.10123,327.09979,27608.705,27609.107,27609.457,27609.748,27609.918
327.20071,327.2001,327.20029,327.19955,327.20261,27589.252,27589.625,27589.941,27590.217,27590.346
327.30038,327.30075,327.30051,327.30084,327.30084,27569.881,27570.219,27570.51,27570.758,27570.891
327.40042,327.40005,327.40009,327.40131,327.40131,27550.576,27550.889,27551.154,27551.375,27551.498
327.49802,327.5025,327.49854,327.4957,327.50018,27531.332,27531.598,27531.857,27532.078,27532.17
327.60031,327.59979,327.60007,327.60059,327.6033,27512.113,27512.373,27512.594,27512.781,27512.871
327.69925,327.7002,327.69958,327.70084,327.70056,27492.945,27493.178,27493.383,27493.551,27493.645
327.80051,327.8002,327.7966,327.80106,327.79944,27473.818,27474.035,27474.23,27474.373,27474.463
327.90103,327.89972,327.89981,327.89938,327.89975,27454.746,27454.945,27455.113,27455.258,27455.334
327.99905,327.99683,327.99982,328.00006,328.00012,27435.734,27435.92,27436.064,27436.193,27436.264
328.09955,328.10074,328.10031,328.09979,328.09714,27416.779,27416.939,27417.078,27417.199,27417.271
328.19916,328.20264,328.19974,328.20007,328.19919,27397.891,27398.029,27398.162,27398.27,27398.33
328.2999,328.30121,328.29974,328.29987,328.29965,27379.066,27379.197,27379.316,27379.414,27379.467
328.40024,328.40143,328.40012,328.40082,328.4006,27360.312,27360.432,27360.539,27360.627,27360.674
328.50027,328.4996,328.49939,328.50003,328.49078,27341.584,27341.695,27341.791,27341.869,27341.932
328.58716,328.6001,328.60086,328.59924,328.60092,27322.852,27322.934,27323.018,27323.094,27323.131
328.69608,328.69998,328.69815,328.69977,328.70053,27304.043,27304.129,27304.209,27304.273,27304.309
328.80219,328.80002,328.79877,328.79987,328.80188,27285.199,27285.283,27285.355,27285.414,27285.443
328.89813,328.90024,328.90033,328.89999,328.90063,27266.365,27266.438,27266.502,27266.557,27266.586
328.99966,329.00021,329.0004,329.00067,329.00067,27247.568,27247.635,27247.691,27247.742,27247.768
329.09988,329.10156,329.10028,329.10095,329.10162,27228.83,27228.889,27228.943,27228.986,27229.01
329.20038,329.20007,329.20026,329.19977,329.20096,27210.148,27210.205,27210.252,27210.293,27210.312
329.30087,329.29861,329.30069,329.30075,329.30002,27191.529,27191.58,27191.621,27191.658,27191.678
329.40012,329.40009,329.39865,329.39963,329.39709,27172.996,27173.041,27173.08,27173.111,27173.131
329.5004,329.50046,329.49991,329.50006,329.50006,27154.67,27154.711,27154.746,27154.775,27154.791
329.60049,329.60074,329.59964,329.60013,329.6001,27136.922,27136.959,27136.99,27137.016,27137.031
329.70074,329.69937,329.69928,329.69952,329.70013,27120.566,27120.6,27120.627,27120.652,27120.664
329.79996,329.79987,329.80051,329.80042,329.79932,27106.951,27106.98,27107.006,27107.027,27107.039
329.8999,329.90067,329.89813,329.89975,329.9003,27097.771,27097.797,27097.82,27097.84,27097.85
329.99979,330.00043,330.00116,329.99991,330,27094.492,27094.516,27094.535,27094.553,27094.562
