eV_,xxTotalf0,zzTotalf0
280,5.721725e-16,6.5954273e-16
280.02001001,5.9071326e-16,6.8224819e-16
280.04002001,6.0985001e-16,7.0572376e-16
280.06003002,6.2960165e-16,7.2999549e-16
280.08004002,6.4998688e-16,7.5508911e-16
280.10005003,6.7102633e-16,7.810315e-16
280.12006003,6.927415e-16,8.078518e-16
280.14007004,7.1515309e-16,8.355791e-16
280.16008004,7.3828318e-16,8.6424291e-16
280.18009005,7.621558e-16,8.9387609e-16
280.20010005,7.8679329e-16,9.2450883e-16
280.22011006,8.1222032e-16,9.5617621e-16
280.24012006,8.3846261e-16,9.8891044e-16
280.26013007,8.6554543e-16,1.0227489e-15
280.28014007,8.9349525e-16,1.0577274e-15
280.30015008,9.2234169e-16,1.0938835e-15
280.32016008,9.521095e-16,1.1312562e-15
280.34017009,9.8283213e-16,1.169887e-15
280.36018009,1.0145365e-15,1.2098165e-15
280.3801901,1.0472558e-15,1.2510866e-15
280.4002001,1.0810224e-15,1.2937429e-15
280.42021011,1.1158678e-15,1.3378324e-15
280.44022011,1.1518284e-15,1.3834004e-15
280.46023012,1.1889383e-15,1.4304966e-15
280.48024012,1.2272347e-15,1.4791707e-15
280.50025013,1.2667537e-15,1.5294765e-15
280.52026013,1.3075373e-15,1.581466e-15
280.54027014,1.3496204e-15,1.6351949e-15
280.56028014,1.3930502e-15,1.6907203e-15
280.58029015,1.4378652e-15,1.7481026e-15
280.60030015,1.4841118e-15,1.8074017e-15
280.62031016,1.5318334e-15,1.8686803e-15
280.64032016,1.5810786e-15,1.9320061e-15
280.66033017,1.6318936e-15,1.997443e-15
280.68034017,1.6843308e-15,2.065061e-15
280.70035018,1.7384394e-15,2.1349336e-15
280.72036018,1.7942729e-15,2.2071339e-15
280.74037019,1.8518887e-15,2.2817359e-15
280.76038019,1.911336e-15,2.3588222e-15
280.7803902,1.9726809e-15,2.4384717e-15
280.8004002,2.0359801e-15,2.5207662e-15
280.82041021,2.101296e-15,2.6057946e-15
280.84042021,2.1686928e-15,2.6936465e-15
280.86043022,2.2382354e-15,2.7844163e-15
280.88044022,2.3099916e-15,2.8781942e-15
280.90045023,2.3840331e-15,2.9750813e-15
280.92046023,2.46043e-15,3.0751798e-15
280.94047024,2.539258e-15,3.1785917e-15
280.96048024,2.6205933e-15,3.2854269e-15
280.98049025,2.7045148e-15,3.3957993e-15
281.00050025,2.7911074e-15,3.5098172e-15
281.02051026,2.8804533e-15,3.6276024e-15
281.04052026,2.9726418e-15,3.7492774e-15
281.06053027,3.06776e-15,3.874975e-15
281.08054027,3.1658998e-15,4.0048145e-15
281.10055028,3.2671579e-15,4.1389376e-15
281.12056028,3.371636e-15,4.2774855e-15
281.14057029,3.4794303e-15,4.4205938e-15
281.16058029,3.5906523e-15,4.5684142e-15
281.1805903,3.7054053e-15,4.7210999e-15
281.2006003,3.8238006e-15,4.8788086e-15
281.22061031,3.9459585e-15,5.0417019e-15
281.24062031,4.0719898e-15,5.2099468e-15
281.26063032,4.2020288e-15,5.3837202e-15
281.28064032,4.3361933e-15,5.5631955e-15
281.30065033,4.4746167e-15,5.7485581e-15
281.32066033,4.6174256e-15,5.9400053e-15
281.34067034,4.7647708e-15,6.1377236e-15
281.36068034,4.9167929e-15,6.3419178e-15
281.38069035,5.0736312e-15,6.5528006e-15
281.40070035,5.2354463e-15,6.7705872e-15
281.42071036,5.4023914e-15,6.9954918e-15
281.44072036,5.57463e-15,7.2277432e-15
281.46073037,5.7523299e-15,7.4675898e-15
281.48074037,5.9356685e-15,7.7152741e-15
281.50075038,6.124808e-15,7.9710391e-15
281.52076038,6.3199453e-15,8.235155e-15
281.54077039,6.5212719e-15,8.5078759e-15
281.56078039,6.7289716e-15,8.789494e-15
281.5807904,6.9432544e-15,9.0802787e-15
281.6008004,7.1643258e-15,9.3805299e-15
281.62081041,7.392403e-15,9.6905584e-15
281.64082041,7.6277062e-15,1.0010666e-14
281.66083042,7.8704531e-15,1.0341186e-14
281.68084042,8.1209038e-15,1.0682442e-14
281.70085043,8.3792641e-15,1.1034784e-14
281.72086043,8.6458262e-15,1.1398566e-14
281.74087044,8.9208214e-15,1.1774158e-14
281.76088044,9.2045224e-15,1.2161921e-14
281.78089045,9.497207e-15,1.2562267e-14
281.80090045,9.799159e-15,1.2975583e-14
281.82091046,1.011067e-14,1.3402288e-14
281.84092046,1.0432023e-14,1.3842824e-14
281.86093047,1.0763564e-14,1.4297657e-14
281.88094047,1.1105606e-14,1.4767316e-14
281.90095048,1.1458464e-14,1.5252388e-14
281.92096048,1.182248e-14,1.5753669e-14
281.94097049,1.2198029e-14,1.627225e-14
281.96098049,1.2585453e-14,1.6809994e-14
281.9809905,1.2985145e-14,1.7370274e-14
282.0010005,1.3397476e-14,1.7959536e-14
282.02101051,1.3822858e-14,1.8590703e-14
282.04102051,1.426169e-14,1.9289683e-14
282.06103052,1.4714433e-14,2.0108793e-14
282.08104052,1.5181468e-14,2.1153061e-14
282.10105053,1.5663298e-14,2.2632153e-14
282.12106053,1.6160389e-14,2.4961102e-14
282.14107054,1.6673191e-14,2.8954547e-14
282.16108054,1.7202221e-14,3.6197235e-14
282.18109055,1.7748032e-14,4.9743792e-14
282.20110055,1.8311094e-14,7.5427484e-14
282.22111056,1.889202e-14,1.2428481e-13
282.24112056,1.9491414e-14,2.1700189e-13
282.26113057,2.0109895e-14,3.919876e-13
282.28114057,2.0748228e-14,7.1989029e-13
282.30115058,2.1407216e-14,1.3294382e-12
282.32116058,2.2087944e-14,2.4529771e-12
282.34117059,2.2791791e-14,4.5059186e-12
282.36118059,2.3520712e-14,8.2239614e-12
282.3811906,2.4277726e-14,1.4897743e-11
282.4012006,2.5067466e-14,2.6769812e-11
282.42121061,2.5897489e-14,4.7699858e-11
282.44122061,2.6780134e-14,8.4267412e-11
282.46123062,2.7735741e-14,1.4758146e-10
282.48124062,2.8797795e-14,2.5621927e-10
282.50125063,3.0021199e-14,4.4094819e-10
282.52126063,3.1495538e-14,7.5223527e-10
282.54127064,3.3365665e-14,1.2720612e-09
282.56128064,3.5864124e-14,2.1323117e-09
282.58129065,3.9360639e-14,3.5430963e-09
282.60130065,4.44377e-14,5.8358833e-09
282.62131066,5.2004692e-14,9.528498e-09
282.64132066,6.3466756e-14,1.5421955e-08
282.66133067,8.097572e-14,2.4743141e-08
282.68134067,1.0779207e-13,3.9352695e-08
282.70135068,1.4880995e-13,6.2044371e-08
282.72136068,2.1130092e-13,9.6971156e-08
282.74137069,3.0596321e-13,1.5024493e-07
282.76138069,4.4837468e-13,2.3076988e-07
282.7813907,6.609947e-13,3.5138686e-07
282.8014007,9.7587205e-13,5.3042595e-07
282.82141071,1.4382781e-12,7.9378486e-07
282.84142071,2.1114954e-12,1.1776766e-06
282.86143072,3.0830822e-12,1.7322129e-06
282.88144072,4.4729203e-12,2.5260135e-06
282.90145073,6.4434426e-12,3.6520519e-06
282.92146073,9.2123852e-12,5.2349587e-06
282.94147074,1.3068546e-11,7.4400041e-06
282.96148074,1.8390846e-11,1.0483976e-05
282.98149075,2.5671189e-11,1.4648105e-05
283.00150075,3.5540956e-11,2.0293164e-05
283.02151076,4.880181e-11,2.7876727e-05
283.04152076,6.6460157e-11,3.7972492e-05
283.06153077,8.9765174e-11,5.1291285e-05
283.08154077,1.2024952e-10,6.8703383e-05
283.10155078,1.5977204e-10,9.1261143e-05
283.12156078,2.1056035e-10,0.00012022114
283.14157079,2.7525043e-10,0.00015706437
283.16158079,3.5692688e-10,0.00020351268
283.1815908,4.5914811e-10,0.00026153997
283.2016008,5.8596944e-10,0.00033337568
283.22161081,7.4195311e-10,0.00042149823
283.24162081,9.3215002e-10,0.00052861718
283.26163082,1.1620858e-09,0.00065764028
283.28164082,1.4376992e-09,0.00081162498
283.30165083,1.765278e-09,0.00099371315
283.32166083,2.1513544e-09,0.0012070473
283.34167084,2.6026077e-09,0.0014546696
283.36168084,3.1256902e-09,0.0017394045
283.38169085,3.7270849e-09,0.0020637265
283.40170085,4.4129274e-09,0.0024296197
283.42171086,5.1888085e-09,0.0028384274
283.44172086,6.0595808e-09,0.0032907079
283.46173087,7.0291626e-09,0.0037860887
283.48174087,8.1003257e-09,0.0043231435
283.50175088,9.2745722e-09,0.0048992797
283.52176088,1.0551886e-08,0.0055106725
283.54177089,1.1930642e-08,0.0061522094
283.56178089,1.3407456e-08,0.0068175034
283.5817909,1.4977074e-08,0.0074989372
283.6018009,1.6632386e-08,0.0081877606
283.62181091,1.8364243e-08,0.0088742469
283.64182091,2.0161549e-08,0.009547893
283.66183092,2.201123e-08,0.010197665
283.68184092,2.389832e-08,0.010812293
283.70185093,2.5806028e-08,0.011380595
283.72186093,2.7715894e-08,0.011891829
283.74187094,2.9607961e-08,0.012336043
283.76188094,3.1460999e-08,0.012704442
283.78189095,3.3252938e-08,0.01298973
283.80190095,3.4961097e-08,0.013186419
283.82191096,3.6562732e-08,0.013291113
283.84192096,3.803558e-08,0.01330272
283.86193097,3.9358426e-08,0.013222621
283.88194097,4.0511825e-08,0.013054752
283.90195098,4.1478842e-08,0.012805635
283.92196098,4.224572e-08,0.01248432
283.94197099,4.2802718e-08,0.012102254
283.96198099,4.3144784e-08,0.011673102
283.981991,4.3272163e-08,0.011212478
284.002001,4.3190937e-08,0.010737655
284.02201101,4.2913282e-08,0.010267192
284.04202101,4.2457749e-08,0.0098205591
284.06203102,4.1849006e-08,0.0094177192
284.08204102,4.1117591e-08,0.0090786805
284.10205103,4.0299231e-08,0.0088230418
284.12206103,3.9433932e-08,0.0086695356
284.14207104,3.8564842e-08,0.0086355414
284.16208104,3.7736896e-08,0.00873663
284.18209105,3.6995203e-08,0.0089860866
284.20210105,3.6383401e-08,0.0093944687
284.22211106,3.5941913e-08,0.0099691637
284.24212106,3.5706275e-08,0.010714007
284.26213107,3.570549e-08,0.011628929
284.28214107,3.5960646e-08,0.012709685
284.30215108,3.6483755e-08,0.013947655
284.32216108,3.7276919e-08,0.015329785
284.34217109,3.8331869e-08,0.016838608
284.36218109,3.9629985e-08,0.018452454
284.3821911,4.1142595e-08,0.020145772
284.4022011,4.2831882e-08,0.021889659
284.42221111,4.4652094e-08,0.023652514
284.44222111,4.6551058e-08,0.025400851
284.46223112,4.8472206e-08,0.027100233
284.48224112,5.0356551e-08,0.028716331
284.50225113,5.2145023e-08,0.030215994
284.52226113,5.3780646e-08,0.031568408
284.54227114,5.5210858e-08,0.032746118
284.56228114,5.6389425e-08,0.03372613
284.58229115,5.7278331e-08,0.034490675
284.60230115,5.7849213e-08,0.035028026
284.62231116,5.808441e-08,0.035332914
284.64232116,5.7977676e-08,0.035406847
284.66233117,5.753434e-08,0.035258081
284.68234117,5.6771025e-08,0.034901362
284.70235118,5.5715002e-08,0.034357458
284.72236118,5.4403149e-08,0.033652376
284.74237119,5.2880413e-08,0.032816384
284.76238119,5.1198185e-08,0.031882945
284.7823912,4.9412378e-08,0.030887423
284.8024012,4.7581423e-08,0.029865719
284.82241121,4.576416e-08,0.028852981
284.84242121,4.4017831e-08,0.027882246
284.86243122,4.2396117e-08,0.026983222
284.88244122,4.0947441e-08,0.026181169
284.90245123,3.9713331e-08,0.025496013
284.92246123,3.8727318e-08,0.024941674
284.94247124,3.8013837e-08,0.024525585
284.96248124,3.7587707e-08,0.024248548
284.98249125,3.7453773e-08,0.024104849
285.00250125,3.7606945e-08,0.024082625
285.02251126,3.8032521e-08,0.024164503
285.04252126,3.8706887e-08,0.024328459
285.06253127,3.9598323e-08,0.02454886
285.08254127,4.0668137e-08,0.024797648
285.10255128,4.1872074e-08,0.025045587
285.12256128,4.3161581e-08,0.025263591
285.14257129,4.4485496e-08,0.025423912
285.16258129,4.5791577e-08,0.025501363
285.1825913,4.7028077e-08,0.025474271
285.2026013,4.8145441e-08,0.025325313
285.22261131,4.909753e-08,0.025042137
285.24262131,4.9843269e-08,0.024617663
285.26263132,5.0347545e-08,0.024050228
285.28264132,5.0582436e-08,0.02334342
285.30265133,5.0527849e-08,0.022505715
285.32266133,5.0172034e-08,0.02154992
285.34267134,4.951179e-08,0.020492449
285.36268134,4.8552653e-08,0.019352484
285.38269135,4.73085e-08,0.018151104
285.40270135,4.5801173e-08,0.016910374
285.42271136,4.4060116e-08,0.01565244
285.44272136,4.2121766e-08,0.014398772
285.46273137,4.0029398e-08,0.013169426
285.48274137,3.78331e-08,0.011982472
285.50275138,3.5591146e-08,0.010853576
285.52276138,3.3371851e-08,0.0097956918
285.54277139,3.1258207e-08,0.0088189458
285.56278139,2.9355112e-08,0.0079306057
285.5827914,2.7800915e-08,0.0071352283
285.6028014,2.6785594e-08,0.0064348634
285.62281141,2.65777e-08,0.0058293631
285.64282141,2.7563413e-08,0.0053167385
285.66283142,3.0303273e-08,0.0048935525
285.68284142,3.5612349e-08,0.0045553213
285.70285143,4.4671612e-08,0.0042968998
285.72286143,5.9181634e-08,0.0041128532
285.74287144,8.1571358e-08,0.0039977622
285.76288144,1.1527807e-07,0.0039464859
285.78289145,1.6511606e-07,0.0039543551
285.80290145,2.3776096e-07,0.0040172935
285.82291146,3.4236513e-07,0.0041318643
285.84292146,4.9134593e-07,0.0042952541
285.86293147,7.0136053e-07,0.004505177
285.88294147,9.9449721e-07,0.0047597378
285.90295148,1.3997227e-06,0.0050572362
285.92296148,1.9545691e-06,0.0053959545
285.94297149,2.7071023e-06,0.0057739159
285.96298149,3.7181235e-06,0.0061886576
285.9829915,5.0635954e-06,0.0066370205
286.0030015,6.8372156e-06,0.0071149864
286.02301151,9.1530374e-06,0.0076175537
286.04302151,1.2148002e-05,0.0081387032
286.06303152,1.5984209e-05,0.0086714281
286.08304152,2.0850697e-05,0.0092078503
286.10305153,2.6964477e-05,0.0097394167
286.12306153,3.4570541e-05,0.010257176
286.14307154,4.3940501e-05,0.010752108
286.16308154,5.5369634e-05,0.011215499
286.18309155,6.917202e-05,0.011639347
286.20310155,8.5673462e-05,0.012016747
286.22311156,0.00010520237,0.012342257
286.24312156,0.00012807817,0.012612206
286.26313157,0.00015459792,0.012824913
286.28314157,0.0001850207,0.012980824
286.30315158,0.0002195511,0.013082515
286.32316158,0.00025832266,0.013134602
286.34317159,0.00030138035,0.0131435
286.36318159,0.00034866552,0.013117125
286.3831916,0.0004000034,0.013064455
286.4032016,0.0004550934,0.012995064
286.42321161,0.00051350461,0.012918595
286.44322161,0.00057467702,0.012844239
286.46323162,0.00063792878,0.012780244
286.48324162,0.00070247106,0.012733465
286.50325163,0.00076742662,0.012709001
286.52326163,0.00083185785,0.012709956
286.54327164,0.0008947982,0.012737286
286.56328164,0.00095528783,0.012789801
286.58329165,0.0010124097,0.012864276
286.60330165,0.0010653281,0.01295568
286.62331166,0.0011133231,0.013057498
286.64332166,0.001155821,0.013162156
286.66333167,0.0011924187,0.01326145
286.68334167,0.0012229007,0.013347034
286.70335168,0.0012472443,0.013410872
286.72336168,0.0012656201,0.013445677
286.74337169,0.0012783773,0.013445255
286.76338169,0.0012860214,0.013404809
286.7833917,0.0012891901,0.013321102
286.8034017,0.0012886121,0.013192556
286.82341171,0.0012850737,0.013019232
286.84342171,0.0012793749,0.012802734
286.86343172,0.0012722937,0.012546008
286.88344172,0.0012645493,0.012253122
286.90345173,0.0012567717,0.011928966
286.92346173,0.0012494795,0.01157898
286.94347174,0.0012430658,0.011208822
286.96348174,0.0012377901,0.010824152
286.98349175,0.0012337801,0.010430377
287.00350175,0.0012310433,0.010032488
287.02351176,0.0012294785,0.0096349465
287.04352176,0.0012288967,0.0092416322
287.06353177,0.0012290471,0.0088558486
287.08354177,0.0012296371,0.0084803626
287.10355178,0.0012303557,0.0081174821
287.12356178,0.0012308955,0.0077691847
287.14357179,0.0012309711,0.0074372124
287.16358179,0.00123033,0.0071231793
287.1835918,0.0012287643,0.0068286653
287.2036018,0.0012261133,0.0065552751
287.22361181,0.0012222644,0.0063046734
287.24362181,0.0012171491,0.0060785655
287.26363182,0.0012107396,0.0058786655
287.28364182,0.0012030374,0.0057066083
287.30365183,0.0011940697,0.0055638598
287.32366183,0.0011838782,0.0054515959
287.34367184,0.0011725138,0.0053705731
287.36368184,0.0011600301,0.0053210128
287.38369185,0.0011464815,0.0053024902
287.40370185,0.0011319213,0.0053138616
287.42371186,0.0011164005,0.0053532026
287.44372186,0.0010999732,0.0054178
287.46373187,0.0010826973,0.0055041709
287.48374187,0.0010646395,0.0056081442
287.50375188,0.0010458786,0.0057249535
287.52376188,0.0010265092,0.0058493856
287.54377189,0.0010066441,0.0059759598
287.56378189,0.00098641391,0.0060991063
287.5837919,0.00096597039,0.0062133917
287.6038019,0.00094547833,0.0063137105
287.62381191,0.00092511618,0.0063955071
287.64382191,0.00090507104,0.0064549483
287.66383192,0.00088553224,0.0064891079
287.68384192,0.00086668169,0.0064960918
287.70385193,0.00084869273,0.0064751441
287.72386193,0.00083172112,0.0064267162
287.74387194,0.00081590092,0.0063524982
287.76388194,0.00080134219,0.0062554008
287.78389195,0.00078812585,0.006139528
287.80390195,0.00077630661,0.0060100676
287.82391196,0.00076591322,0.0058731982
287.84392196,0.00075694994,0.0057359491
287.86393197,0.00074940134,0.0056060301
287.88394197,0.0007432386,0.00549164
287.90395198,0.00073842349,0.0054012514
287.92396198,0.00073491392,0.0053434055
287.94397199,0.00073266885,0.005326434
287.96398199,0.00073165435,0.0053582476
287.983992,0.00073184475,0.0054460322
288.004002,0.0007332263,0.0055959891
288.02401201,0.00073579646,0.0058130906
288.04402201,0.00073956401,0.0061007878
288.06403202,0.00074454659,0.0064607975
288.08404202,0.00075076701,0.006892879
288.10405203,0.00075825071,0.0073946882
288.12406203,0.00076701673,0.0079616681
288.14407204,0.00077707815,0.0085870167
288.16408204,0.0007884354,0.0092617311
288.18409205,0.00080106698,0.0099747907
288.20410205,0.0008149338,0.010713321
288.22411206,0.00082997081,0.011463008
288.24412206,0.00084608624,0.012208474
288.26413207,0.00086316466,0.012933798
288.28414207,0.00088106451,0.013623052
288.30415208,0.00089962204,0.014260913
288.32416208,0.00091865455,0.014833245
288.34417209,0.00093796622,0.015327686
288.36418209,0.0009573524,0.015734155
288.3841921,0.00097660243,0.0160453
288.4042021,0.00099551887,0.016256759
288.42421211,0.0010139026,0.016367473
288.44422211,0.0010315768,0.016379634
288.46423212,0.0010483813,0.016298622
288.48424212,0.0010641774,0.016132813
288.50425213,0.001078858,0.015893195
288.52426213,0.0010923418,0.015592888
288.54427214,0.0011045756,0.015246606
288.56428214,0.0011155381,0.014870063
288.58429215,0.0011252287,0.014479315
288.60430215,0.0011336725,0.014090215
288.62431216,0.0011409154,0.013717761
288.64432216,0.0011470163,0.013375626
288.66433217,0.0011520493,0.013075676
288.68434217,0.0011560898,0.012827702
288.70435218,0.0011592223,0.012639108
288.72436218,0.0011615254,0.012514835
288.74437219,0.0011630798,0.012457284
288.76438219,0.0011639544,0.012466431
288.7843922,0.0011642206,0.012539912
288.8044022,0.0011639373,0.012673275
288.82441221,0.001163163,0.012860213
288.84442221,0.0011619506,0.013092893
288.86443222,0.0011603577,0.013362288
288.88444222,0.0011584343,0.013658489
288.90445223,0.0011562542,0.01397107
288.92446223,0.0011538826,0.014289426
288.94447224,0.0011514075,0.014603098
288.96448224,0.0011489289,0.014902035
288.98449225,0.0011465654,0.015176917
289.00450225,0.0011444497,0.015419326
289.02451226,0.0011427312,0.015621969
289.04452226,0.0011415764,0.015778854
289.06453227,0.0011411661,0.015885366
289.08454227,0.0011416838,0.015938368
289.10455228,0.001143324,0.015936177
289.12456228,0.0011462743,0.015878614
289.14457229,0.001150718,0.015766865
289.16458229,0.0011568239,0.015603498
289.1845923,0.0011647396,0.015392195
289.2046023,0.0011745847,0.01513776
289.22461231,0.0011864518,0.014845814
289.24462231,0.0012003904,0.014522721
289.26463232,0.0012164157,0.014175304
289.28464232,0.0012344947,0.013810729
289.30465233,0.0012545534,0.013436249
289.32466233,0.0012764795,0.013059121
289.34467234,0.0013001136,0.012686381
289.36468234,0.0013252617,0.0123247
289.38469235,0.0013517016,0.011980287
289.40470235,0.0013791786,0.011658782
289.42471236,0.0014074239,0.011365184
289.44472236,0.0014361528,0.01110377
289.46473237,0.0014650823,0.010878094
289.48474237,0.0014939285,0.010690914
289.50475238,0.001522422,0.010544255
289.52476238,0.0015503112,0.01043937
289.54477239,0.0015773701,0.01037682
289.56478239,0.0016034065,0.010356483
289.5847924,0.0016282619,0.010377661
289.6048024,0.0016518249,0.010439058
289.62481241,0.0016740204,0.01053896
289.64482241,0.0016948242,0.010675234
289.66483242,0.0017142576,0.010845466
289.68484242,0.0017323886,0.011047001
289.70485243,0.0017493278,0.011277073
289.72486243,0.0017652358,0.011532851
289.74487244,0.0017803039,0.011811538
289.76488244,0.0017947651,0.012110407
289.78489245,0.0018088808,0.012426918
289.80490245,0.0018229358,0.01275868
289.82491246,0.0018372424,0.013103594
289.84492246,0.001852114,0.013459724
289.86493247,0.0018678843,0.013825468
289.88494247,0.001884877,0.014199377
289.90495248,0.001903415,0.014580245
289.92496248,0.0019238122,0.014967028
289.94497249,0.0019463646,0.015358737
289.96498249,0.0019713477,0.015754454
289.9849925,0.0019990173,0.016153103
290.0050025,0.0020296129,0.016553586
290.02501251,0.0020633205,0.016954459
290.04502251,0.0021003266,0.017354002
290.06503252,0.0021407707,0.017750066
290.08504252,0.0021847789,0.018140072
290.10505253,0.0022324489,0.018520951
290.12506253,0.0022838467,0.018889051
290.14507254,0.0023390297,0.019240288
290.16508254,0.0023980234,0.01957006
290.18509255,0.0024608378,0.019873442
290.20510255,0.0025274809,0.020145169
290.22511256,0.002597932,0.020379836
290.24512256,0.0026721605,0.020572085
290.26513257,0.0027501332,0.020716734
290.28514257,0.0028318083,0.02080889
290.30515258,0.0029171298,0.020844312
290.32516258,0.0030060392,0.020819403
290.34517259,0.003098469,0.02073149
290.36518259,0.0031943584,0.020578885
290.3851926,0.0032936237,0.020361021
290.4052026,0.0033961905,0.020078463
290.42521261,0.0035019717,0.019733019
290.44522261,0.0036108843,0.019327596
290.46523262,0.0037228323,0.018866226
290.48524262,0.0038377212,0.018353861
290.50525263,0.0039554453,0.017796339
290.52526263,0.0040759239,0.017200189
290.54527264,0.0041990294,0.016572362
290.56528264,0.004324662,0.01592011
290.58529265,0.0044527175,0.015250807
290.60530265,0.0045830677,0.014571676
290.62531266,0.0047156117,0.013889706
290.64532266,0.0048502311,0.013211455
290.66533267,0.0049867993,0.012542939
290.68534267,0.0051252167,0.011889489
290.70535268,0.0052653365,0.011255748
290.72536268,0.00540706,0.010645603
290.74537269,0.0055502439,0.01006217
290.76538269,0.0056947889,0.0095078321
290.7853927,0.0058405432,0.0089842556
290.8054027,0.0059873899,0.0084924195
290.82541271,0.006135195,0.0080327662
290.84542271,0.0062838187,0.0076052062
290.86543272,0.0064331284,0.007209179
290.88544272,0.0065829889,0.0068438016
290.90545273,0.006733255,0.0065079327
290.92546273,0.0068837698,0.0062001892
290.94547274,0.0070343949,0.0059190737
290.96548274,0.0071849623,0.0056629996
290.98549275,0.0073353359,0.0054303538
291.00550275,0.0074853329,0.0052195219
291.02551276,0.0076348092,0.005028951
291.04552276,0.0077835973,0.0048571215
291.06553277,0.0079315184,0.004702609
291.08554277,0.0080784317,0.0045640734
291.10555278,0.0082241707,0.0044402843
291.12556278,0.0083685899,0.0043300977
291.14557279,0.0085114958,0.0042324504
291.16558279,0.0086527877,0.004146399
291.1855928,0.0087922756,0.0040710429
291.2056028,0.0089298198,0.0040056058
291.22561281,0.0090653198,0.00394934
291.24562281,0.00919862,0.0039015918
291.26563282,0.0093296161,0.0038617381
291.28564282,0.0094581889,0.0038292161
291.30565283,0.009584263,0.0038035125
291.32566283,0.0097077321,0.0037841385
291.34567284,0.0098285172,0.0037706401
291.36568284,0.0099465623,0.0037626016
291.38569285,0.010061809,0.0037596275
291.40570285,0.010174219,0.0037613392
291.42571286,0.010283761,0.0037673889
291.44572286,0.010390403,0.003777439
291.46573287,0.01049413,0.0037911665
291.48574287,0.010594991,0.003808276
291.50575288,0.010692938,0.0038284787
291.52576288,0.010788039,0.0038514961
291.54577289,0.01088032,0.0038770677
291.56578289,0.010969806,0.0039049427
291.5857929,0.011056561,0.0039348784
291.6058029,0.011140657,0.0039666519
291.62581291,0.011222138,0.0040000407
291.64582291,0.011301089,0.0040348521
291.66583292,0.011377598,0.0040708627
291.68584292,0.011451767,0.0041079088
291.70585293,0.011523646,0.0041457899
291.72586293,0.011593378,0.0041843462
291.74587294,0.011661064,0.0042234124
291.76588294,0.011726796,0.0042628204
291.78589295,0.011790666,0.004302436
291.80590295,0.011852793,0.0043421057
291.82591296,0.011913322,0.0043816906
291.84592296,0.01197231,0.0044210693
291.86593297,0.012029903,0.0044601103
291.88594297,0.012086207,0.0044986885
291.90595298,0.01214132,0.0045367
291.92596298,0.012195353,0.0045740362
291.94597299,0.012248415,0.0046105869
291.96598299,0.012300608,0.0046462598
291.985993,0.012352021,0.0046809525
292.006003,0.012402768,0.0047145868
292.02601301,0.012452908,0.0047470718
292.04602301,0.012502537,0.0047783386
292.06603302,0.012551741,0.0048083095
292.08604302,0.012600605,0.0048369183
292.10605303,0.012649173,0.0048641022
292.12606303,0.012697525,0.0048898091
292.14607304,0.012745711,0.0049139918
292.16608304,0.012793758,0.0049366085
292.18609305,0.012841742,0.0049576187
292.20610305,0.012889678,0.0049769878
292.22611306,0.012937588,0.0049946993
292.24612306,0.012985514,0.0050107357
292.26613307,0.013033457,0.0050250865
292.28614307,0.013081422,0.0050377473
292.30615308,0.013129422,0.0050487248
292.32616308,0.01317744,0.0050580278
292.34617309,0.013225449,0.0050656674
292.36618309,0.01327344,0.0050716707
292.3861931,0.013321379,0.0050760736
292.4062031,0.013369224,0.0050789062
292.42621311,0.013416964,0.0050802203
292.44622311,0.013464518,0.0050800517
292.46623312,0.013511841,0.0050784564
292.48624312,0.013558882,0.0050755022
292.50625313,0.013605551,0.00507124
292.52626313,0.013651797,0.0050657424
292.54627314,0.013697546,0.0050590867
292.56628314,0.013742696,0.0050513395
292.58629315,0.013787183,0.0050425725
292.60630315,0.013830929,0.0050328816
292.62631316,0.013873843,0.0050223297
292.64632316,0.013915814,0.0050110179
292.66633317,0.013956765,0.0049990076
292.68634317,0.01399659,0.0049864003
292.70635318,0.014035223,0.0049732658
292.72636318,0.014072512,0.0049596885
292.74637319,0.01410838,0.0049457499
292.76638319,0.014142768,0.0049315235
292.7863932,0.014175553,0.0049170856
292.8064032,0.014206663,0.0049025188
292.82641321,0.014235957,0.0048878714
292.84642321,0.014263409,0.004873225
292.86643322,0.014288896,0.004858641
292.88644322,0.014312367,0.0048441621
292.90645323,0.014333723,0.004829858
292.92646323,0.014352898,0.0048157773
292.94647324,0.014369834,0.0048019537
292.96648324,0.014384461,0.0047884253
292.98649325,0.014396703,0.004775234
293.00650325,0.014406537,0.0047624013
293.02651326,0.014413923,0.0047499719
293.04652326,0.014418809,0.0047379448
293.06653327,0.014421164,0.0047263433
293.08654327,0.014420971,0.004715167
293.10655328,0.014418202,0.0047044447
293.12656328,0.014412858,0.004694161
293.14657329,0.014404922,0.0046843276
293.16658329,0.014394401,0.0046749227
293.1865933,0.014381297,0.0046659526
293.2066033,0.014365643,0.0046574003
293.22661331,0.014347462,0.0046492522
293.24662331,0.014326763,0.0046414812
293.26663332,0.014303599,0.004634086
293.28664332,0.014278013,0.0046270275
293.30665333,0.014250042,0.0046202978
293.32666333,0.014219767,0.0046138554
293.34667334,0.014187229,0.0046076858
293.36668334,0.014152473,0.0046017645
293.38669335,0.014115578,0.0045960448
293.40670335,0.014076667,0.0045905248
293.42671336,0.014035747,0.0045851669
293.44672336,0.013992965,0.0045799282
293.46673337,0.013948369,0.0045747976
293.48674337,0.01390206,0.0045697419
293.50675338,0.013854131,0.004564737
293.52676338,0.013804669,0.0045597563
293.54677339,0.013753802,0.004554776
293.56678339,0.013701575,0.0045497655
293.5867934,0.013648149,0.0045447061
293.6068034,0.013593584,0.0045395787
293.62681341,0.013538008,0.0045343642
293.64682341,0.013481521,0.0045290459
293.66683342,0.013424201,0.0045235986
293.68684342,0.013366176,0.0045180172
293.70685343,0.013307522,0.0045122793
293.72686343,0.013248376,0.0045063817
293.74687344,0.013188798,0.0045003034
293.76688344,0.013128923,0.004494044
293.78689345,0.013068809,0.0044875969
293.80690345,0.013008568,0.0044809482
293.82691346,0.012948288,0.0044741011
293.84692346,0.012888065,0.0044670519
293.86693347,0.012827943,0.004459803
293.88694347,0.012768088,0.0044523468
293.90695348,0.012708494,0.0044446923
293.92696348,0.01264929,0.0044368324
293.94697349,0.012590514,0.0044287862
293.96698349,0.012532251,0.0044205408
293.9869935,0.01247456,0.0044121128
294.0070035,0.012417519,0.0044035106
294.02701351,0.012361157,0.0043947366
294.04702351,0.012305552,0.0043858117
294.06703352,0.012250746,0.00437673
294.08704352,0.012196766,0.0043675089
294.10705353,0.012143672,0.0043581575
294.12706353,0.01209149,0.004348699
294.14707354,0.012040269,0.0043391362
294.16708354,0.011990039,0.0043294718
294.18709355,0.011940825,0.0043197335
294.20710355,0.011892625,0.0043099248
294.22711356,0.011845494,0.00430007
294.24712356,0.01179943,0.0042901733
294.26713357,0.011754475,0.0042802556
294.28714357,0.011710593,0.0042703254
294.30715358,0.011667829,0.0042603966
294.32716358,0.011626158,0.004250491
294.34717359,0.011585607,0.0042406153
294.36718359,0.011546163,0.0042307838
294.3871936,0.011507821,0.0042210072
294.4072036,0.011470607,0.0042113126
294.42721361,0.011434479,0.0042017028
294.44722361,0.011399438,0.0041921921
294.46723362,0.011365474,0.0041827923
294.48724362,0.011332572,0.00417352
294.50725363,0.011300718,0.0041643823
294.52726363,0.011269889,0.0041553974
294.54727364,0.011240082,0.0041465811
294.56728364,0.011211292,0.00413793
294.58729365,0.01118346,0.004129468
294.60730365,0.01115662,0.0041212034
294.62731366,0.011130705,0.0041131419
294.64732366,0.011105719,0.0041052923
294.66733367,0.01108162,0.004097674
294.68734367,0.011058404,0.0040902896
294.70735368,0.01103605,0.0040831477
294.72736368,0.011014539,0.0040762541
294.74737369,0.010993822,0.0040696231
294.76738369,0.010973908,0.0040632552
294.7873937,0.010954768,0.0040571666
294.8074037,0.010936388,0.0040513473
294.82741371,0.010918716,0.0040458231
294.84742371,0.010901746,0.0040405835
294.86743372,0.010885464,0.0040356442
294.88744372,0.010869854,0.004031003
294.90745373,0.010854885,0.0040266616
294.92746373,0.010840548,0.0040226309
294.94747374,0.010826822,0.0040189126
294.96748374,0.010813682,0.0040155048
294.98749375,0.010801107,0.0040124157
295.00750375,0.010789102,0.0040096459
295.02751376,0.010777635,0.0040071937
295.04752376,0.010766683,0.004005061
295.06753377,0.010756251,0.0040032547
295.08754377,0.010746303,0.0040017632
295.10755378,0.010736832,0.0040005958
295.12756378,0.010727855,0.0039997473
295.14757379,0.010719322,0.0039992197
295.16758379,0.010711228,0.0039990135
295.1875938,0.010703562,0.003999121
295.2076038,0.010696326,0.003999542
295.22761381,0.010689499,0.0040002782
295.24762381,0.010683104,0.0040013231
295.26763382,0.010677073,0.0040026773
295.28764382,0.010671438,0.0040043392
295.30765383,0.010666179,0.0040062955
295.32766383,0.010661303,0.0040085563
295.34767384,0.010656796,0.0040111071
295.36768384,0.010652642,0.004013943
295.38769385,0.010648864,0.0040170676
295.40770385,0.01064541,0.0040204725
295.42771386,0.01064231,0.0040241512
295.44772386,0.010639538,0.0040281019
295.46773387,0.010637127,0.0040323143
295.48774387,0.010635032,0.004036786
295.50775388,0.010633281,0.0040415153
295.52776388,0.010631835,0.0040464881
295.54777389,0.010630715,0.0040517058
295.56778389,0.010629924,0.0040571624
295.5877939,0.01062947,0.0040628454
295.6078039,0.010629285,0.004068756
295.62781391,0.010629458,0.0040748836
295.64782391,0.010629905,0.0040812176
295.66783392,0.010630673,0.004087761
295.68784392,0.010631754,0.0040944978
295.70785393,0.010633129,0.0041014273
295.72786393,0.010634802,0.0041085435
295.74787394,0.010636775,0.004115833
295.76788394,0.010639035,0.0041232975
295.78789395,0.010641604,0.004130919
295.80790395,0.010644448,0.0041387025
295.82791396,0.010647602,0.0041466295
295.84792396,0.010651037,0.0041547013
295.86793397,0.010654761,0.0041629104
295.88794397,0.01065876,0.0041712429
295.90795398,0.010663044,0.0041797003
295.92796398,0.010667603,0.0041882675
295.94797399,0.010672437,0.0041969419
295.96798399,0.01067754,0.0042057172
295.987994,0.010682927,0.0042145853
296.008004,0.01068857,0.0042235334
296.02801401,0.010694469,0.004232558
296.04802401,0.010700637,0.0042416579
296.06803402,0.010707053,0.0042508193
296.08804402,0.01071374,0.0042600366
296.10805403,0.010720648,0.0042693075
296.12806403,0.010727825,0.0042786184
296.14807404,0.010735229,0.0042879637
296.16808404,0.01074289,0.0042973375
296.18809405,0.010750759,0.0043067322
296.20810405,0.010758869,0.0043161428
296.22811406,0.010767226,0.0043255612
296.24812406,0.010775765,0.0043349792
296.26813407,0.010784554,0.0043443996
296.28814407,0.010793529,0.004353805
296.30815408,0.010802736,0.0043631885
296.32816408,0.010812141,0.0043725464
296.34817409,0.010821712,0.0043818783
296.36818409,0.01083148,0.0043911743
296.3881941,0.010841459,0.0044004219
296.4082041,0.010851593,0.0044096233
296.42821411,0.01086193,0.0044187643
296.44822411,0.010872402,0.0044278447
296.46823412,0.010883045,0.0044368585
296.48824412,0.010893857,0.0044458001
296.50825413,0.010904824,0.0044546616
296.52826413,0.010915932,0.0044634319
296.54827414,0.010927182,0.0044721165
296.56828414,0.010938552,0.0044807056
296.58829415,0.010950065,0.0044891974
296.60830415,0.01096168,0.0044975742
296.62831416,0.010973444,0.0045058425
296.64832416,0.010985293,0.0045139915
296.66833417,0.010997248,0.0045220186
296.68834417,0.011009305,0.0045299232
296.70835418,0.011021451,0.0045376937
296.72836418,0.011033682,0.0045453217
296.74837419,0.011045979,0.0045528105
296.76838419,0.011058354,0.0045601549
296.7883942,0.011070818,0.0045673489
296.8084042,0.011083301,0.0045743855
296.82841421,0.011095858,0.0045812628
296.84842421,0.011108465,0.0045879758
296.86843422,0.011121103,0.0045945239
296.88844422,0.011133784,0.0046009012
296.90845423,0.01114648,0.004607101
296.92846423,0.011159198,0.0046131299
296.94847424,0.011171943,0.004618966
296.96848424,0.011184672,0.0046246238
296.98849425,0.011197414,0.0046300935
297.00850425,0.011210148,0.0046353675
297.02851426,0.011222878,0.0046404479
297.04852426,0.01123559,0.0046453276
297.06853427,0.011248276,0.0046500093
297.08854427,0.011260942,0.0046544843
297.10855428,0.011273573,0.0046587591
297.12856428,0.011286145,0.0046628248
297.14857429,0.0112987,0.0046666716
297.16858429,0.011311183,0.0046703108
297.1885943,0.011323623,0.0046737357
297.2086043,0.01133599,0.0046769418
297.22861431,0.011348289,0.0046799327
297.24862431,0.011360502,0.0046826988
297.26863432,0.011372653,0.0046852445
297.28864432,0.0113847,0.0046875691
297.30865433,0.011396674,0.0046896683
297.32866433,0.011408538,0.0046915379
297.34867434,0.011420302,0.0046931859
297.36868434,0.01143198,0.0046946034
297.38869435,0.011443528,0.0046957866
297.40870435,0.011454965,0.0046967426
297.42871436,0.011466266,0.0046974774
297.44872436,0.011477468,0.0046979729
297.46873437,0.01148852,0.0046982495
297.48874437,0.011499443,0.0046982858
297.50875438,0.011510234,0.004698094
297.52876438,0.011520874,0.0046976707
297.54877439,0.011531358,0.0046970155
297.56878439,0.011541709,0.0046961335
297.5887944,0.011551906,0.0046950178
297.6088044,0.011561927,0.0046936758
297.62881441,0.011571804,0.0046921046
297.64882441,0.011581505,0.0046903044
297.66883442,0.011591023,0.0046882806
297.68884442,0.011600371,0.0046860371
297.70885443,0.01160957,0.004683557
297.72886443,0.011618566,0.0046808631
297.74887444,0.011627387,0.0046779416
297.76888444,0.01163601,0.0046748053
297.78889445,0.011644445,0.0046714465
297.80890445,0.011652694,0.0046678712
297.82891446,0.011660744,0.0046640849
297.84892446,0.011668612,0.0046600825
297.86893447,0.011676264,0.0046558692
297.88894447,0.01168371,0.0046514492
297.90895448,0.011690959,0.0046468209
297.92896448,0.011698012,0.0046419906
297.94897449,0.011704843,0.0046369536
297.96898449,0.011711462,0.0046317196
297.9889945,0.011717878,0.0046262899
298.0090045,0.011724087,0.0046206657
298.02901451,0.011730068,0.0046148505
298.04902451,0.011735831,0.0046088486
298.06903452,0.011741369,0.0046026632
298.08904452,0.011746697,0.0045962911
298.10905453,0.011751814,0.0045897388
298.12906453,0.011756696,0.0045830142
298.14907454,0.011761378,0.0045761117
298.16908454,0.011765812,0.0045690462
298.18909455,0.01177003,0.0045618089
298.20910455,0.011774023,0.0045544142
298.22911456,0.011777811,0.0045468574
298.24912456,0.011781336,0.0045391447
298.26913457,0.011784675,0.004531282
298.28914457,0.011787768,0.0045232717
298.30915458,0.011790657,0.0045151175
298.32916458,0.011793287,0.0045068241
298.34917459,0.011795704,0.0044983919
298.36918459,0.011797917,0.0044898279
298.3891946,0.011799896,0.0044811373
298.4092046,0.011801632,0.0044723139
298.42921461,0.011803172,0.0044633774
298.44922461,0.011804461,0.0044543254
298.46923462,0.011805556,0.0044451635
298.48924462,0.011806404,0.0044358918
298.50925463,0.011807059,0.0044265152
298.52926463,0.011807472,0.0044170409
298.54927464,0.011807686,0.0044074692
298.56928464,0.011807675,0.0043978123
298.58929465,0.011807444,0.0043880637
298.60930465,0.011806999,0.0043782354
298.62931466,0.011806344,0.0043683313
298.64932466,0.011805493,0.0043583508
298.66933467,0.011804415,0.0043483055
298.68934467,0.011803132,0.0043381946
298.70935468,0.01180165,0.004328026
298.72936468,0.011799956,0.0043178014
298.74937469,0.011798074,0.0043075238
298.76938469,0.011795982,0.0042972094
298.7893947,0.011793682,0.0042868457
298.8094047,0.01179119,0.0042764479
298.82941471,0.011788506,0.0042660162
298.84942471,0.011785629,0.0042555621
298.86943472,0.011782584,0.0042450828
298.88944472,0.011779315,0.0042345827
298.90945473,0.011775881,0.0042240685
298.92946473,0.01177226,0.0042135459
298.94947474,0.011768447,0.0042030215
298.96948474,0.011764471,0.0041924948
298.98949475,0.01176032,0.0041819704
299.00950475,0.011756002,0.0041714599
299.02951476,0.01175149,0.0041609574
299.04952476,0.011746842,0.0041504777
299.06953477,0.011742011,0.0041400152
299.08954477,0.011737011,0.0041295826
299.10955478,0.011731857,0.0041191811
299.12956478,0.011726546,0.0041088145
299.14957479,0.011721085,0.0040984885
299.16958479,0.011715462,0.0040882062
299.1895948,0.011709697,0.0040779719
299.2096048,0.011703786,0.0040677907
299.22961481,0.011697728,0.0040576691
299.24962481,0.011691542,0.0040476061
299.26963482,0.011685205,0.0040376163
299.28964482,0.011678727,0.0040276884
299.30965483,0.011672143,0.0040178378
299.32966483,0.011665412,0.0040080659
299.34967484,0.011658556,0.0039983769
299.36968484,0.011651589,0.0039887745
299.38969485,0.011644498,0.0039792624
299.40970485,0.01163728,0.003969844
299.42971486,0.011629948,0.0039605233
299.44972486,0.011622514,0.0039513083
299.46973487,0.011614957,0.0039421972
299.48974487,0.011607315,0.003933196
299.50975488,0.011599557,0.0039243158
299.52976488,0.011591702,0.0039155479
299.54977489,0.011583747,0.0039068996
299.56978489,0.011575696,0.0038983787
299.5897949,0.011567567,0.0038899835
299.6098049,0.011559342,0.0038817204
299.62981491,0.011551027,0.0038735948
299.64982491,0.011542626,0.0038656052
299.66983492,0.011534157,0.0038577621
299.68984492,0.01152561,0.0038500607
299.70985493,0.011516972,0.0038425101
299.72986493,0.011508266,0.0038351126
299.74987494,0.011499497,0.0038278722
299.76988494,0.011490657,0.0038207835
299.78989495,0.011481753,0.0038138616
299.80990495,0.011472789,0.003807103
299.82991496,0.011463767,0.0038005123
299.84992496,0.011454687,0.0037940894
299.86993497,0.011445541,0.0037878435
299.88994497,0.011436364,0.0037817718
299.90995498,0.011427121,0.0037758786
299.92996498,0.011417842,0.0037701649
299.94997499,0.011408498,0.0037646352
299.96998499,0.011399149,0.0037592927
299.989995,0.011389713,0.0037541378
300.010005,0.011380271,0.0037491755
300.03001501,0.011370759,0.0037444052
300.05002501,0.011361242,0.0037398329
300.07003502,0.011351679,0.0037354559
300.09004502,0.011342092,0.0037312799
300.11005503,0.011332478,0.003727305
300.13006503,0.011322835,0.0037235338
300.15007504,0.011313164,0.0037199713
300.17008504,0.01130347,0.0037166141
300.19009505,0.011293753,0.0037134658
300.21010505,0.011284023,0.0037105284
300.23011506,0.011274263,0.003707807
300.25012506,0.011264501,0.0037053004
300.27013507,0.011254739,0.0037030079
300.29014507,0.011244939,0.0037009323
300.31015508,0.011235131,0.0036990775
300.33016508,0.011225317,0.0036974428
300.35017509,0.011215478,0.0036960265
300.37018509,0.011205653,0.0036948361
300.3901951,0.011195809,0.0036938672
300.4102051,0.011185985,0.003693122
300.43021511,0.011176115,0.0036926048
300.45022511,0.011166264,0.0036923147
300.47023512,0.011156416,0.0036922519
300.49024512,0.011146558,0.0036924165
300.51025513,0.011136698,0.0036928095
300.53026513,0.011126844,0.0036934332
300.55027514,0.011117004,0.0036942873
300.57028514,0.011107137,0.0036953704
300.59029515,0.011097292,0.0036966859
300.61030515,0.011087448,0.0036982337
300.63031516,0.011077615,0.0037000126
300.65032516,0.01106778,0.0037020219
300.67033517,0.011057949,0.0037042657
300.69034517,0.011048146,0.00370674
300.71035518,0.01103832,0.0037094464
300.73036518,0.011028526,0.0037123857
300.75037519,0.01101873,0.0037155582
300.77038519,0.011008931,0.0037189606
300.7903952,0.01099916,0.0037225953
300.8104052,0.010989391,0.0037264633
300.83041521,0.010979637,0.0037305607
300.85042521,0.010969871,0.0037348904
300.87043522,0.010960129,0.003739448
300.89044522,0.010950396,0.0037442367
300.91045523,0.010940666,0.0037492528
300.93046523,0.010930944,0.0037544963
300.95047524,0.010921245,0.0037599674
300.97048524,0.010911555,0.0037656659
300.99049525,0.010901863,0.0037715919
301.01050525,0.010892191,0.0037777398
301.03051526,0.010882508,0.0037841145
301.05052526,0.010872843,0.0037907104
301.07053527,0.010863187,0.0037975272
301.09054527,0.010853546,0.0038045635
301.11055528,0.010843905,0.003811822
301.13056528,0.010834279,0.0038192971
301.15057529,0.010824632,0.0038269879
301.17058529,0.010815016,0.003834896
301.1905953,0.010805397,0.0038430153
301.2106053,0.01079579,0.0038513492
301.23061531,0.010786183,0.0038598932
301.25062531,0.010776582,0.0038686441
301.27063532,0.010766985,0.0038776041
301.29064532,0.010757393,0.0038867716
301.31065533,0.010747812,0.00389614
301.33066533,0.010738197,0.0039057115
301.35067534,0.010728609,0.0039154794
301.37068534,0.010719011,0.003925452
301.39069535,0.010709421,0.003935616
301.41070535,0.01069981,0.0039459746
301.43071536,0.010690214,0.0039565293
301.45072536,0.010680617,0.0039672712
301.47073537,0.010671015,0.0039781993
301.49074537,0.010661391,0.0039893137
301.51075538,0.010651777,0.0040006111
301.53076538,0.010642155,0.0040120906
301.55077539,0.010632516,0.0040237461
301.57078539,0.010622866,0.00403558
301.5907954,0.010613224,0.004047588
301.6108054,0.010603556,0.0040597687
301.63081541,0.010593873,0.0040721176
301.65082541,0.010584189,0.0040846313
301.67083542,0.01057449,0.0040973085
301.69084542,0.010564772,0.00411015
301.71085543,0.010555029,0.0041231494
301.73086543,0.010545273,0.0041363011
301.75087544,0.010535497,0.0041496078
301.77088544,0.010525707,0.0041630641
301.79089545,0.010515894,0.0041766674
301.81090545,0.010506056,0.0041904147
301.83091546,0.010496204,0.0042043058
301.85092546,0.010486311,0.0042183348
301.87093547,0.010476415,0.0042324988
301.89094547,0.01046648,0.0042467955
301.91095548,0.010456519,0.0042612217
301.93096548,0.010446527,0.0042757727
301.95097549,0.010436503,0.0042904504
301.97098549,0.010426459,0.0043052481
301.9909955,0.010416379,0.0043201651
302.0110055,0.01040626,0.0043351962
302.03101551,0.010396114,0.0043503372
302.05102551,0.010385945,0.0043655881
302.07103552,0.01037572,0.0043809419
302.09104552,0.010365462,0.0043963999
302.11105553,0.010355167,0.0044119563
302.13106553,0.01034485,0.004427609
302.15107554,0.010334457,0.0044433526
302.17108554,0.010324042,0.0044591827
302.19109555,0.010313587,0.0044751028
302.21110555,0.010303077,0.0044911024
302.23111556,0.010292538,0.0045071812
302.25112556,0.010281944,0.004523336
302.27113557,0.010271298,0.0045395601
302.29114557,0.010260616,0.0045558582
302.31115558,0.01024988,0.0045722215
302.33116558,0.010239097,0.004588644
302.35117559,0.010228259,0.0046051252
302.37118559,0.010217376,0.0046216669
302.3911956,0.010206435,0.0046382528
302.4112056,0.01019544,0.0046548974
302.43121561,0.010184394,0.0046715811
302.45122561,0.010173288,0.004688309
302.47123562,0.01016212,0.0047050728
302.49124562,0.010150904,0.0047218748
302.51125563,0.010139639,0.0047387099
302.53126563,0.010128301,0.0047555682
302.55127564,0.010116908,0.0047724568
302.57128564,0.01010545,0.0047893659
302.59129565,0.010093944,0.0048062932
302.61130565,0.010082348,0.0048232339
302.63131566,0.010070731,0.0048401849
302.65132566,0.010059029,0.0048571439
302.67133567,0.010047255,0.0048741126
302.69134567,0.01003543,0.0048910752
302.71135568,0.010023536,0.0049080397
302.73136568,0.010011572,0.0049249995
302.75137569,0.0099995472,0.004941951
302.77138569,0.0099874651,0.0049588848
302.7913957,0.0099752937,0.0049758069
302.8114057,0.0099630719,0.00499271
302.83141571,0.0099507719,0.0050095925
302.85142571,0.0099384058,0.0050264518
302.87143572,0.0099259671,0.005043278
302.89144572,0.0099134715,0.0050600735
302.91145573,0.0099008884,0.0050768331
302.93146573,0.009888229,0.0050935545
302.95147574,0.009875522,0.0051102364
302.97148574,0.0098627312,0.0051268679
302.99149575,0.0098498827,0.0051434566
303.01150575,0.0098369401,0.0051599918
303.03151576,0.0098239416,0.005176472
303.05152576,0.009810864,0.005192895
303.07153577,0.0097977268,0.0052092588
303.09154577,0.0097844917,0.0052255569
303.11155578,0.0097712064,0.0052417913
303.13156578,0.009757827,0.0052579516
303.15157579,0.0097443992,0.0052740448
303.17158579,0.0097308652,0.0052900626
303.1915958,0.009717281,0.0053059971
303.2116058,0.0097036231,0.0053218501
303.23161581,0.0096898759,0.0053376206
303.25162581,0.0096760821,0.0053533022
303.27163582,0.0096621811,0.0053688954
303.29164582,0.0096482355,0.005384394
303.31165583,0.0096342154,0.0053997943
303.33166583,0.0096201133,0.0054150973
303.35167584,0.0096059339,0.0054303012
303.37168584,0.0095916959,0.0054453998
303.39169585,0.0095773777,0.0054603899
303.41170585,0.009562986,0.0054752715
303.43171586,0.0095485291,0.0054900451
303.45172586,0.0095340023,0.0055046994
303.47173587,0.0095193814,0.0055192332
303.49174587,0.0095047103,0.0055336505
303.51175588,0.0094899628,0.0055479459
303.53176588,0.0094751455,0.0055621197
303.55177589,0.0094602667,0.0055761565
303.57178589,0.0094453152,0.005590071
303.5917959,0.0094302874,0.0056038536
303.6118059,0.0094151897,0.0056175026
303.63181591,0.0094000297,0.0056310142
303.65182591,0.0093848072,0.0056443852
303.67183592,0.009369513,0.0056576161
303.69184592,0.0093541406,0.0056707053
303.71185593,0.0093387067,0.0056836489
303.73186593,0.009323217,0.0056964438
303.75187594,0.0093076667,0.0057090903
303.77188594,0.0092920475,0.0057215854
303.79189595,0.00927635,0.0057339258
303.81190595,0.0092606014,0.0057461113
303.83191596,0.0092447978,0.0057581398
303.85192596,0.0092289224,0.005770009
303.87193597,0.0092129931,0.0057817181
303.89194597,0.0091970116,0.0057932613
303.91195598,0.0091809491,0.0058046402
303.93196598,0.0091648493,0.0058158562
303.95197599,0.0091486815,0.0058269016
303.97198599,0.0091324644,0.0058377744
303.991996,0.0091161923,0.0058484855
304.012006,0.0090998765,0.0058590178
304.03201601,0.0090834945,0.0058693811
304.05202601,0.009067052,0.0058795619
304.07203602,0.0090505676,0.0058895699
304.09204602,0.0090340236,0.0058993977
304.11205603,0.0090174265,0.0059090485
304.13206603,0.0090008024,0.0059185149
304.15207604,0.0089841094,0.0059278025
304.17208604,0.0089673875,0.0059369076
304.19209605,0.0089506069,0.0059458269
304.21210605,0.0089337928,0.0059545632
304.23211606,0.0089169247,0.0059631085
304.25212606,0.0089000138,0.0059714681
304.27213607,0.0088830702,0.0059796376
304.29214607,0.0088660857,0.005987619
304.31215608,0.0088490564,0.0059954096
304.33216608,0.008831989,0.0060030078
304.35217609,0.008814875,0.0060104178
304.37218609,0.0087977499,0.00601763
304.3921961,0.0087805679,0.0060246554
304.4122061,0.0087633515,0.006031482
304.43221611,0.0087461211,0.0060381163
304.45222611,0.0087288488,0.0060445555
304.47223612,0.0087115513,0.0060508009
304.49224612,0.008694225,0.0060568475
304.51225613,0.0086768633,0.0060626995
304.53226613,0.0086594839,0.0060683507
304.55227614,0.00864207,0.006073805
304.57228614,0.0086246468,0.0060790619
304.59229615,0.0086071845,0.0060841222
304.61230615,0.0085897166,0.0060889842
304.63231616,0.0085722171,0.0060936445
304.65232616,0.0085547026,0.0060981135
304.67233617,0.0085371733,0.0061023757
304.69234617,0.0085196234,0.0061064437
304.71235618,0.0085020578,0.0061103152
304.73236618,0.0084844809,0.006113987
304.75237619,0.0084668873,0.0061174585
304.77238619,0.008449289,0.0061207302
304.7923962,0.0084316833,0.0061238082
304.8124062,0.0084140655,0.0061266832
304.83241621,0.0083964588,0.0061293594
304.85242621,0.0083788065,0.0061318446
304.87243622,0.0083611691,0.0061341282
304.89244622,0.0083435327,0.0061362144
304.91245623,0.0083258841,0.0061381073
304.93246623,0.0083082486,0.0061398013
304.95247624,0.0082905972,0.0061413008
304.97248624,0.0082729599,0.0061426023
304.99249625,0.008255315,0.0061437199
305.01250625,0.0082376823,0.0061446354
305.03251626,0.0082200579,0.0061453599
305.05252626,0.0082024252,0.0061458922
305.07253627,0.0081848139,0.0061462326
305.09254627,0.008167211,0.006146383
305.11255628,0.0081496136,0.0061463416
305.13256628,0.0081320349,0.006146112
305.15257629,0.0081144562,0.006145691
305.17258629,0.0080969045,0.0061450899
305.1925963,0.0080793621,0.0061443015
305.2126063,0.0080618383,0.0061433208
305.23261631,0.008044336,0.006142159
305.25262631,0.0080268551,0.0061408165
305.27263632,0.008009389,0.0061392887
305.29264632,0.007991937,0.0061375806
305.31265633,0.0079745222,0.0061356942
305.33266633,0.0079571176,0.0061336244
305.35267634,0.0079397522,0.0061313794
305.37268634,0.0079224091,0.0061289608
305.39269635,0.0079050902,0.0061263656
305.41270635,0.0078878105,0.0061235963
305.43271636,0.0078705475,0.0061206529
305.45272636,0.0078533124,0.0061175404
305.47273637,0.0078361155,0.0061142608
305.49274637,0.0078189624,0.0061108107
305.51275638,0.0078018466,0.0061071967
305.53276638,0.0077847606,0.0061034136
305.55277639,0.0077677029,0.00609947
305.57278639,0.0077506835,0.0060953614
305.5927964,0.0077337045,0.0060910932
305.6128064,0.0077167647,0.0060866708
305.63281641,0.0076998714,0.0060820868
305.65282641,0.0076830164,0.0060773478
305.67283642,0.0076661985,0.0060724537
305.69284642,0.0076494366,0.0060674124
305.71285643,0.0076327114,0.0060622185
305.73286643,0.007616038,0.0060568745
305.75287644,0.0075994073,0.00605139
305.77288644,0.007582827,0.0060457559
305.79289645,0.0075662942,0.0060399789
305.81290645,0.0075498186,0.0060340618
305.83291646,0.0075333854,0.0060280096
305.85292646,0.0075170021,0.0060218107
305.87293647,0.0075006834,0.0060154828
305.89294647,0.0074844118,0.0060090171
305.91295648,0.0074681928,0.0060024252
305.93296648,0.0074520311,0.0059957034
305.95297649,0.007435922,0.0059888526
305.97298649,0.007419874,0.0059818784
305.9929965,0.0074038832,0.0059747817
306.0130065,0.007387944,0.0059675626
306.03301651,0.0073720813,0.0059602275
306.05302651,0.0073562674,0.0059527722
306.07303652,0.0073405118,0.0059452006
306.09304652,0.0073248213,0.0059375144
306.11305653,0.0073091984,0.0059297304
306.13306653,0.0072936337,0.0059218258
306.15307654,0.0072781327,0.005913815
306.17308654,0.0072627035,0.005905706
306.19309655,0.0072473348,0.0058974894
306.21310655,0.0072320239,0.0058891815
306.23311656,0.0072167944,0.0058807717
306.25312656,0.0072016162,0.0058722678
306.27313657,0.0071865176,0.0058636707
306.29314657,0.0071714846,0.005854982
306.31315658,0.007156516,0.0058462024
306.33316658,0.0071416232,0.0058373474
306.35317659,0.0071267923,0.0058284011
306.37318659,0.0071120448,0.0058193738
306.3931966,0.0070973588,0.0058102682
306.4132066,0.0070827459,0.005801084
306.43321661,0.0070682117,0.0057918276
306.45322661,0.0070537436,0.005782498
306.47323662,0.0070393495,0.0057731029
306.49324662,0.0070250258,0.005763635
306.51325663,0.0070107784,0.0057541071
306.53326663,0.0069966079,0.0057445117
306.55327664,0.0069825086,0.0057348595
306.57328664,0.0069684898,0.00572515
306.59329665,0.0069545475,0.0057153837
306.61330665,0.0069406698,0.0057055592
306.63331666,0.0069268807,0.0056956881
306.65332666,0.0069131642,0.0056857658
306.67333667,0.0068995198,0.0056758011
306.69334667,0.0068859523,0.0056657866
306.71335668,0.0068724649,0.0056557348
306.73336668,0.0068590571,0.0056456462
306.75337669,0.0068457229,0.0056355167
306.77338669,0.0068324762,0.0056253485
306.7933967,0.0068193022,0.0056151506
306.8134067,0.0068062069,0.0056049228
306.83341671,0.0067931837,0.005594675
306.85342671,0.0067802467,0.0055843955
306.87343672,0.0067673926,0.0055740974
306.89344672,0.0067546121,0.0055637709
306.91345673,0.0067419009,0.0055534327
306.93346673,0.0067292801,0.0055430746
306.95347674,0.0067167417,0.0055327057
306.97348674,0.006704282,0.0055223219
306.99349675,0.0066918996,0.0055119302
307.01350675,0.0066795931,0.0055015343
307.03351676,0.0066673737,0.0054911301
307.05352676,0.0066552302,0.0054807262
307.07353677,0.0066431714,0.0054703262
307.09354677,0.0066311844,0.0054599261
307.11355678,0.0066192765,0.0054495269
307.13356678,0.0066074529,0.0054391334
307.15357679,0.0065957047,0.0054287566
307.17358679,0.0065840394,0.0054183826
307.1935968,0.0065724584,0.0054080226
307.2136068,0.0065609608,0.0053976853
307.23361681,0.006549533,0.0053873556
307.25362681,0.0065381811,0.0053770519
307.27363682,0.0065269135,0.0053667654
307.29364682,0.0065157344,0.0053565074
307.31365683,0.0065046242,0.0053462726
307.33366683,0.006493588,0.0053360644
307.35367684,0.0064826473,0.0053258915
307.37368684,0.0064717703,0.0053157476
307.39369685,0.0064609819,0.0053056404
307.41370685,0.0064502624,0.0052955667
307.43371686,0.0064396304,0.0052855262
307.45372686,0.0064290739,0.0052755307
307.47373687,0.0064185853,0.0052655833
307.49374687,0.0064081908,0.005255674
307.51375688,0.0063978569,0.0052458122
307.53376688,0.0063876067,0.0052359961
307.55377689,0.0063774362,0.0052262293
307.57378689,0.0063673379,0.005216518
307.5937969,0.0063573192,0.005206855
307.6138069,0.0063473773,0.0051972517
307.63381691,0.0063375081,0.0051877056
307.65382691,0.0063277157,0.0051782173
307.67383692,0.0063179969,0.0051687942
307.69384692,0.0063083521,0.0051594251
307.71385693,0.0062987786,0.0051501282
307.73386693,0.0062892884,0.0051408918
307.75387694,0.0062798625,0.0051317257
307.77388694,0.0062705209,0.0051226304
307.79389695,0.0062612495,0.0051136026
307.81390695,0.0062520392,0.0051046526
307.83391696,0.0062429192,0.0050957706
307.85392696,0.0062338603,0.0050869677
307.87393697,0.0062248739,0.0050782431
307.89394697,0.0062159579,0.0050695972
307.91395698,0.0062071099,0.0050610299
307.93396698,0.0061983368,0.0050525465
307.95397699,0.0061896369,0.0050441455
307.97398699,0.0061809975,0.005035833
307.993997,0.0061724312,0.0050276038
308.014007,0.0061639375,0.0050194655
308.03401701,0.006155516,0.0050114128
308.05402701,0.0061471467,0.0050034518
308.07403702,0.0061388547,0.0049955808
308.09404702,0.0061306264,0.0049878019
308.11405703,0.0061224676,0.0049801162
308.13406703,0.0061143697,0.0049725347
308.15407704,0.0061063403,0.0049650469
308.17408704,0.0060983794,0.0049576554
308.19409705,0.0060904808,0.0049503646
308.21410705,0.0060826433,0.0049431711
308.23411706,0.0060748751,0.0049360776
308.25412706,0.0060671675,0.0049290932
308.27413707,0.0060595148,0.0049222093
308.29414707,0.0060519422,0.0049154297
308.31415708,0.0060444172,0.0049087536
308.33416708,0.0060369512,0.0049021919
308.35417709,0.0060295532,0.0048957351
308.37418709,0.0060222102,0.0048893839
308.3941971,0.0060149287,0.0048831473
308.4142071,0.0060077095,0.0048770183
308.43421711,0.0060005384,0.0048710019
308.45422711,0.0059934412,0.0048650987
308.47423712,0.0059863953,0.0048593073
308.49424712,0.005979395,0.0048536267
308.51425713,0.005972466,0.004848069
308.53426713,0.0059655886,0.0048426283
308.55427714,0.0059587732,0.0048372936
308.57428714,0.0059519927,0.0048320778
308.59429715,0.0059452811,0.0048269825
308.61430715,0.0059386217,0.0048220069
308.63431716,0.0059320116,0.0048171505
308.65432716,0.0059254626,0.0048124138
308.67433717,0.0059189578,0.0048077926
308.69434717,0.005912507,0.0048032966
308.71435718,0.0059061088,0.0047989185
308.73436718,0.0058997562,0.0047946637
308.75437719,0.0058934526,0.0047905361
308.77438719,0.005887208,0.0047865259
308.7943972,0.0058810012,0.0047826394
308.8144072,0.0058748531,0.0047788741
308.83441721,0.0058687511,0.0047752364
308.85442721,0.0058626835,0.0047717229
308.87443722,0.0058566788,0.0047683334
308.89444722,0.0058507086,0.0047650686
308.91445723,0.0058447933,0.0047619268
308.93446723,0.0058389185,0.0047589168
308.95447724,0.0058330847,0.004756026
308.97448724,0.005827297,0.0047532683
308.99449725,0.0058215582,0.0047506276
309.01450725,0.0058158529,0.0047481121
309.03451726,0.0058102016,0.0047457283
309.05452726,0.0058045853,0.0047434759
309.07453727,0.005799009,0.0047413441
309.09454727,0.0057934751,0.0047393399
309.11455728,0.0057879793,0.0047374605
309.13456728,0.0057825227,0.0047357087
309.15457729,0.0057771113,0.0047340854
309.17458729,0.0057717329,0.0047325892
309.1945973,0.0057663918,0.0047312155
309.2146073,0.0057610855,0.004729969
309.23461731,0.0057558273,0.0047288518
309.25462731,0.0057505975,0.0047278632
309.27463732,0.0057454021,0.0047269943
309.29464732,0.0057402449,0.0047262562
309.31465733,0.0057351147,0.0047256472
309.33466733,0.0057300255,0.0047251512
309.35467734,0.0057249777,0.0047247899
309.37468734,0.0057199514,0.004724551
309.39469735,0.0057149664,0.0047244416
309.41470735,0.0057100025,0.0047244481
309.43471736,0.0057050805,0.0047245887
309.45472736,0.0057001864,0.0047248481
309.47473737,0.005695329,0.0047252341
309.49474737,0.0056904955,0.0047257417
309.51475738,0.0056856885,0.0047263657
309.53476738,0.0056809173,0.0047271186
309.55477739,0.0056761671,0.0047279955
309.57478739,0.0056714518,0.0047289878
309.5947974,0.0056667528,0.0047301031
309.6148074,0.0056620925,0.004731338
309.63481741,0.0056574554,0.0047326987
309.65482741,0.0056528463,0.0047341725
309.67483742,0.005648254,0.0047357748
309.69484742,0.0056436933,0.0047374875
309.71485743,0.005639161,0.0047393199
309.73486743,0.0056346469,0.0047412673
309.75487744,0.0056301579,0.0047433367
309.77488744,0.0056256927,0.0047455188
309.79489745,0.005621254,0.0047478182
309.81490745,0.0056168386,0.0047502285
309.83491746,0.0056124432,0.0047527598
309.85492746,0.0056080637,0.0047553987
309.87493747,0.0056036995,0.0047581536
309.89494747,0.0055993707,0.0047610174
309.91495748,0.0055950545,0.0047639925
309.93496748,0.005590756,0.0047670789
309.95497749,0.0055864789,0.004770278
309.97498749,0.0055822241,0.0047735833
309.9949975,0.0055779843,0.0047769924
310.0150075,0.0055737598,0.0047805188
310.03501751,0.0055695563,0.0047841435
310.05502751,0.0055653742,0.0047878758
310.07503752,0.0055612023,0.0047917133
310.09504752,0.0055570495,0.0047956542
310.11505753,0.0055529093,0.0047996962
310.13506753,0.0055487868,0.0048038494
310.15507754,0.0055446783,0.0048080962
310.17508754,0.0055405861,0.0048124432
310.19509755,0.005536506,0.0048168958
310.21510755,0.0055324356,0.0048214425
310.23511756,0.0055283871,0.0048260805
310.25512756,0.005524348,0.0048308223
310.27513757,0.005520314,0.0048356592
310.29514757,0.0055163009,0.0048405877
310.31515758,0.0055122981,0.0048456141
310.33516758,0.005508306,0.004850728
310.35517759,0.005504325,0.0048559355
310.37518759,0.0055003525,0.0048612338
310.3951976,0.0054963888,0.0048666238
310.4152076,0.0054924376,0.0048720939
310.43521761,0.005488493,0.0048776595
310.45522761,0.0054845717,0.0048833056
310.47523762,0.0054806494,0.0048890426
310.49524762,0.0054767397,0.0048948596
310.51525763,0.0054728342,0.0049007661
310.53526763,0.0054689366,0.0049067419
310.55527764,0.0054650442,0.0049128081
310.57528764,0.0054611587,0.0049189506
310.59529765,0.0054572872,0.0049251718
310.61530765,0.0054534199,0.0049314718
310.63531766,0.0054495609,0.0049378476
310.65532766,0.0054456992,0.0049442961
310.67533767,0.0054418473,0.0049508228
310.69534767,0.0054380032,0.0049574221
310.71535768,0.0054341629,0.0049640848
310.73536768,0.0054303221,0.0049708304
310.75537769,0.0054264921,0.004977637
310.77538769,0.0054226639,0.0049845153
310.7953977,0.0054188389,0.0049914545
310.8154077,0.0054150228,0.0049984693
310.83541771,0.0054111956,0.0050055399
310.85542771,0.005407393,0.0050126761
310.87543772,0.0054035783,0.0050198762
310.89544772,0.0053997654,0.005027134
310.91545773,0.0053959619,0.0050344504
310.93546773,0.0053921635,0.0050418293
310.95547774,0.0053883619,0.005049258
310.97548774,0.0053845588,0.0050567496
310.99549775,0.0053807553,0.0050642923
311.01550775,0.0053769606,0.0050718873
311.03551776,0.005373158,0.0050795386
311.05552776,0.005369362,0.0050872373
311.07553777,0.0053655636,0.0050949869
311.09554777,0.0053617656,0.0051027872
311.11555778,0.0053579682,0.0051106373
311.13556778,0.0053541712,0.005118527
311.15557779,0.0053503755,0.0051264619
311.17558779,0.0053465739,0.0051344414
311.1955978,0.0053427746,0.0051424638
311.2156078,0.0053389687,0.005150531
311.23561781,0.0053351671,0.0051586335
311.25562781,0.0053313621,0.0051667714
311.27563782,0.0053275516,0.0051749451
311.29564782,0.0053237425,0.0051831594
311.31565783,0.0053199315,0.0051914034
311.33566783,0.005316122,0.0051996829
311.35567784,0.0053123087,0.0052079931
311.37568784,0.0053084842,0.0052163382
311.39569785,0.0053046588,0.0052247103
311.41570785,0.0053008338,0.0052331071
311.43571786,0.0052970098,0.0052415412
311.45572786,0.0052931746,0.0052499902
311.47573787,0.0052893353,0.0052584698
311.49574787,0.0052854954,0.0052669724
311.51575788,0.0052816505,0.0052754935
311.53576788,0.0052778022,0.0052840351
311.55577789,0.0052739484,0.0052925972
311.57578789,0.0052700923,0.0053011789
311.5957979,0.0052662361,0.0053097727
311.6158079,0.0052623646,0.0053183893
311.63581791,0.0052584908,0.0053270129
311.65582791,0.0052546193,0.0053356509
311.67583792,0.0052507343,0.0053443057
311.69584792,0.0052468493,0.0053529688
311.71585793,0.0052429587,0.0053616343
311.73586793,0.0052390592,0.0053703166
311.75587794,0.0052351565,0.0053790063
311.77588794,0.0052312459,0.0053876955
311.79589795,0.0052273306,0.0053963922
311.81590795,0.0052234135,0.0054050894
311.83591796,0.0052194828,0.0054137912
311.85592796,0.0052155461,0.0054224934
311.87593797,0.0052116048,0.0054311967
311.89594797,0.0052076648,0.0054398938
311.91595798,0.0052037113,0.005448591
311.93596798,0.0051997514,0.0054572863
311.95597799,0.0051957835,0.0054659746
311.97598799,0.0051918081,0.0054746582
311.995998,0.0051878286,0.0054833302
312.016008,0.005183842,0.0054919915
312.03601801,0.0051798499,0.0055006458
312.05602801,0.005175848,0.0055092904
312.07603802,0.0051718326,0.0055179233
312.09604802,0.0051678261,0.005526538
312.11605803,0.0051638037,0.0055351411
312.13606803,0.0051597729,0.0055437321
312.15607804,0.0051557384,0.0055523026
312.17608804,0.0051516909,0.0055608517
312.19609805,0.0051476308,0.0055693807
312.21610805,0.0051435777,0.005577893
312.23611806,0.0051395125,0.0055863829
312.25612806,0.0051354263,0.005594851
312.27613807,0.0051313466,0.0056032971
312.29614807,0.0051272553,0.0056117182
312.31615808,0.005123158,0.0056201089
312.33616808,0.0051190485,0.0056284736
312.35617809,0.0051149386,0.0056368131
312.37618809,0.0051108091,0.0056451201
312.3961981,0.0051066806,0.0056533995
312.4162081,0.0051025394,0.0056616464
312.43621811,0.0050983978,0.0056698616
312.45622811,0.0050942404,0.0056780409
312.47623812,0.0050900728,0.0056861853
312.49624812,0.0050859069,0.0056943009
312.51625813,0.0050817188,0.0057023717
312.53626813,0.0050775358,0.0057104062
312.55627814,0.0050733392,0.0057184077
312.57628814,0.0050691352,0.0057263658
312.59629815,0.0050649187,0.0057342802
312.61630815,0.0050607026,0.0057421597
312.63631816,0.0050564711,0.0057499902
312.65632816,0.0050522354,0.0057577789
312.67633817,0.0050479867,0.0057655219
312.69634817,0.0050437408,0.0057732174
312.71635818,0.0050394805,0.005780872
312.73636818,0.0050352011,0.0057884748
312.75637819,0.0050309263,0.0057960283
312.77638819,0.005026639,0.0058035413
312.7963982,0.0050223432,0.0058109965
312.8164082,0.0050180485,0.0058184001
312.83641821,0.0050137364,0.0058257529
312.85642821,0.005009416,0.0058330544
312.87643822,0.0050050891,0.0058402997
312.89644822,0.0050007566,0.0058474899
312.91645823,0.0049964073,0.0058546253
312.93646823,0.0049920538,0.0058617047
312.95647824,0.0049876929,0.005868725
312.97648824,0.0049833241,0.0058756904
312.99649825,0.0049789529,0.0058825896
313.01650825,0.0049745678,0.0058894344
313.03651826,0.0049701743,0.0058962186
313.05652826,0.0049657766,0.0059029399
313.07653827,0.0049613719,0.0059095975
313.09654827,0.0049569528,0.0059161964
313.11655828,0.0049525378,0.0059227268
313.13656828,0.0049481015,0.0059291897
313.15657829,0.0049436628,0.0059355912
313.17658829,0.0049392129,0.0059419242
313.1965983,0.0049347631,0.0059481938
313.2166083,0.0049303076,0.0059543871
313.23661831,0.0049258349,0.0059605213
313.25662831,0.0049213581,0.0059665786
313.27663832,0.0049168714,0.0059725684
313.29664832,0.0049123797,0.0059784921
313.31665833,0.0049078874,0.0059843385
313.33666833,0.0049033822,0.0059901155
313.35667834,0.0048988606,0.0059958133
313.37668834,0.0048943437,0.0060014441
313.39669835,0.0048898165,0.0060069985
313.41670835,0.0048852824,0.0060124793
313.43671836,0.0048807431,0.0060178847
313.45672836,0.0048761955,0.0060232105
313.47673837,0.0048716362,0.0060284608
313.49674837,0.0048670759,0.0060336324
313.51675838,0.0048625139,0.0060387263
313.53676838,0.0048579373,0.0060437429
313.55677839,0.0048533459,0.0060486794
313.57678839,0.0048487619,0.006053532
313.5967984,0.0048441701,0.0060583064
313.6168084,0.0048395693,0.0060630022
313.63681841,0.0048349607,0.0060676141
313.65682841,0.0048303464,0.0060721459
313.67683842,0.0048257224,0.0060765925
313.69684842,0.0048211031,0.0060809609
313.71685843,0.0048164688,0.0060852394
313.73686843,0.0048118285,0.006089434
313.75687844,0.0048071886,0.0060935481
313.77688844,0.0048025362,0.0060975677
313.79689845,0.004797881,0.0061015091
313.81690845,0.0047932169,0.0061053587
313.83691846,0.0047885533,0.0061091254
313.85692846,0.0047838786,0.0061128046
313.87693847,0.0047792015,0.0061163958
313.89694847,0.0047745137,0.0061198971
313.91695848,0.0047698268,0.0061233067
313.93696848,0.0047651376,0.0061266324
313.95697849,0.00476044,0.0061298707
313.97698849,0.0047557345,0.0061330148
313.9969985,0.004751021,0.0061360695
314.0170085,0.0047463104,0.0061390284
314.03701851,0.004741597,0.0061419024
314.05702851,0.0047368705,0.0061446824
314.07703852,0.0047321492,0.0061473688
314.09704852,0.0047274143,0.0061499667
314.11705853,0.0047226795,0.0061524734
314.13706853,0.0047179372,0.0061548781
314.15707854,0.0047131996,0.0061571957
314.17708854,0.0047084461,0.0061594192
314.19709855,0.0047036964,0.0061615487
314.21710855,0.0046989373,0.0061635878
314.23711856,0.0046941764,0.0061655208
314.25712856,0.0046894141,0.0061673732
314.27713857,0.0046846471,0.0061691198
314.29714857,0.0046798773,0.0061707757
314.31715858,0.0046751066,0.0061723362
314.33716858,0.0046703196,0.0061738011
314.35717859,0.0046655401,0.0061751702
314.37718859,0.0046607605,0.0061764428
314.3971986,0.0046559726,0.0061776149
314.4172086,0.0046511861,0.0061786906
314.43721861,0.004646393,0.0061796731
314.45722861,0.0046415962,0.0061805565
314.47723862,0.0046368027,0.0061813439
314.49724862,0.0046319985,0.0061820308
314.51725863,0.0046271938,0.0061826231
314.53726863,0.0046223952,0.0061831125
314.55727864,0.0046175849,0.0061835092
314.57728864,0.0046127765,0.0061838049
314.59729865,0.0046079666,0.0061840052
314.61730865,0.0046031559,0.0061840983
314.63731866,0.0045983316,0.0061841044
314.65732866,0.0045935148,0.0061840052
314.67733867,0.0045886985,0.0061838073
314.69734867,0.0045838798,0.0061835083
314.71735868,0.0045790547,0.0061831153
314.73736868,0.0045742341,0.006182624
314.75737869,0.0045694085,0.0061820289
314.77738869,0.0045645852,0.0061813379
314.7973987,0.0045597637,0.0061805458
314.8174087,0.0045549339,0.0061796545
314.83741871,0.004550105,0.006178665
314.85742871,0.004545277,0.0061775725
314.87743872,0.0045404495,0.006176386
314.89744872,0.0045356192,0.0061750938
314.91745873,0.0045307893,0.006173708
314.93746873,0.0045259572,0.0061722207
314.95747874,0.0045211273,0.0061706332
314.97748874,0.004516297,0.0061689485
314.99749875,0.0045114709,0.0061671659
315.01750875,0.0045066383,0.00616528
315.03751876,0.0045018126,0.0061632926
315.05752876,0.00449698,0.0061612134
315.07753877,0.0044921464,0.0061590266
315.09754877,0.0044873236,0.0061567449
315.11755878,0.0044824956,0.006154363
315.13756878,0.0044776662,0.006151882
315.15757879,0.004472842,0.0061493027
315.17758879,0.0044680145,0.0061466265
315.1975988,0.0044631958,0.0061438489
315.2176088,0.0044583655,0.0061409753
315.23761881,0.0044535431,0.006138002
315.25762881,0.0044487324,0.0061349287
315.27763882,0.0044439137,0.0061317589
315.29764882,0.0044390936,0.0061284914
315.31765883,0.0044342731,0.0061251242
315.33766883,0.0044294642,0.0061216615
315.35767884,0.0044246544,0.006118095
315.37768884,0.0044198409,0.0061144382
315.39769885,0.0044150413,0.0061106835
315.41770885,0.0044102273,0.0061068297
315.43771886,0.0044054277,0.00610288
315.45772886,0.0044006282,0.0060988329
315.47773887,0.0043958295,0.0060946927
315.49774887,0.0043910346,0.0060904538
315.51775888,0.0043862392,0.0060861171
315.53776888,0.0043814573,0.0060816868
315.55777889,0.0043766638,0.0060771606
315.57778889,0.0043718871,0.006072538
315.5977989,0.0043671033,0.0060678255
315.6178089,0.0043623289,0.0060630105
315.63781891,0.0043575494,0.0060581043
315.65782891,0.0043527829,0.006053105
315.67783892,0.0043480103,0.006048006
315.69784892,0.0043432522,0.0060428185
315.71785893,0.0043384954,0.0060375412
315.73786893,0.004333734,0.0060321633
315.75787894,0.0043289894,0.0060266932
315.77788894,0.0043242378,0.0060211336
315.79789895,0.0043194965,0.00601548
315.81790895,0.0043147574,0.0060097384
315.83791896,0.0043100184,0.0060039014
315.85792896,0.0043052933,0.0059979749
315.87793897,0.0043005673,0.0059919548
315.89794897,0.0042958399,0.0059858444
315.91795898,0.0042911265,0.0059796474
315.93796898,0.0042864145,0.0059733624
315.95797899,0.0042817122,0.0059669828
315.97798899,0.0042770123,0.0059605166
315.997999,0.0042723143,0.0059539615
316.018009,0.0042676223,0.0059473165
316.03801901,0.0042629312,0.0059405821
316.05802901,0.0042582587,0.0059337621
316.07803902,0.0042535844,0.0059268544
316.09804902,0.0042489106,0.0059198644
316.11805903,0.0042442447,0.0059127826
316.13806903,0.0042395904,0.0059056156
316.15807904,0.0042349426,0.0058983658
316.17808904,0.0042302972,0.0058910311
316.19809905,0.004225655,0.0058836127
316.21810905,0.0042210245,0.0058761095
316.23811906,0.0042163995,0.0058685155
316.25812906,0.0042117769,0.0058608446
316.27813907,0.0042071645,0.0058530881
316.29814907,0.0042025545,0.0058452487
316.31815908,0.0041979537,0.0058373264
316.33816908,0.0041933563,0.0058293263
316.35817909,0.0041887709,0.0058212415
316.37818909,0.0041841962,0.0058130855
316.3981991,0.0041796225,0.0058048409
316.4182091,0.004175059,0.0057965168
316.43821911,0.0041705035,0.0057881149
316.45822911,0.0041659498,0.0057796361
316.47823912,0.0041614063,0.0057710726
316.49824912,0.0041568689,0.0057624402
316.51825913,0.0041523376,0.0057537267
316.53826913,0.0041478206,0.005744935
316.55827914,0.0041433075,0.005736067
316.57828914,0.0041387971,0.0057271295
316.59829915,0.0041343071,0.0057181129
316.61830915,0.0041298135,0.0057090195
316.63831916,0.0041253334,0.0056998576
316.65832916,0.0041208663,0.0056906175
316.67833917,0.0041163983,0.005681301
316.69834917,0.00411194,0.0056719203
316.71835918,0.0041074906,0.0056624659
316.73836918,0.004103052,0.0056529385
316.75837919,0.0040986263,0.0056433417
316.77838919,0.0040941997,0.0056336746
316.7983992,0.0040897969,0.0056239385
316.8184092,0.0040853843,0.0056141336
316.83841921,0.0040809959,0.0056042573
316.85842921,0.0040766075,0.0055943178
316.87843922,0.0040722322,0.0055843065
316.89844922,0.0040678582,0.0055742273
316.91845923,0.0040635103,0.0055640899
316.93846923,0.0040591601,0.0055538816
316.95847924,0.0040548211,0.0055436115
316.97848924,0.0040504918,0.0055332729
316.99849925,0.0040461742,0.0055228765
317.01850925,0.0040418585,0.0055124122
317.03851926,0.004037559,0.0055018892
317.05852926,0.0040332712,0.0054913019
317.07853927,0.0040289895,0.0054806545
317.09854927,0.0040247189,0.0054699415
317.11855928,0.0040204641,0.0054591754
317.13856928,0.0040162127,0.0054483493
317.15857929,0.0040119733,0.0054374626
317.17858929,0.0040077423,0.0054265191
317.1985993,0.0040035266,0.0054155169
317.2186093,0.0039993194,0.0054044551
317.23861931,0.003995121,0.005393344
317.25862931,0.0039909352,0.0053821667
317.27863932,0.003986761,0.0053709443
317.29864932,0.0039825933,0.0053596678
317.31865933,0.0039784433,0.0053483308
317.33866933,0.003974298,0.0053369445
317.35867934,0.0039701704,0.0053255078
317.37868934,0.0039660479,0.00531402
317.39869935,0.0039619422,0.0053024786
317.41870935,0.0039578415,0.0052908817
317.43871936,0.0039537549,0.0052792411
317.45872936,0.0039496785,0.0052675544
317.47873937,0.0039456161,0.0052558123
317.49874937,0.0039415667,0.0052440269
317.51875938,0.0039375285,0.0052321968
317.53876938,0.0039334968,0.0052203177
317.55877939,0.0039294823,0.0052083922
317.57878939,0.0039254767,0.0051964265
317.5987994,0.0039214864,0.0051844167
317.6188094,0.0039175083,0.0051723588
317.63881941,0.003913539,0.005160254
317.65882941,0.0039095837,0.0051481109
317.67883942,0.0039056393,0.0051359315
317.69884942,0.00390171,0.0051237061
317.71885943,0.0038977908,0.0051114406
317.73886943,0.0038938853,0.0050991382
317.75887944,0.0038899928,0.0050867978
317.77888944,0.0038861092,0.0050744135
317.79889945,0.0038822405,0.0050619952
317.81890945,0.0038783879,0.0050495374
317.83891946,0.0038745464,0.0050370488
317.85892946,0.0038707179,0.0050245267
317.87893947,0.0038669049,0.0050119627
317.89894947,0.0038631009,0.0049993694
317.91895948,0.0038593083,0.004986742
317.93896948,0.0038555332,0.0049740807
317.95897949,0.0038517688,0.0049613863
317.97898949,0.0038480193,0.0049486621
317.9989995,0.0038442847,0.0049359151
318.0190095,0.0038405654,0.0049231239
318.03901951,0.003836852,0.00491032
318.05902951,0.0038331593,0.004897478
318.07903952,0.0038294764,0.0048846044
318.09904952,0.0038258089,0.0048717153
318.11905953,0.003822153,0.0048587909
318.13906953,0.0038185136,0.0048458488
318.15907954,0.0038148854,0.0048328764
318.17908954,0.0038112772,0.0048198802
318.19909955,0.0038076786,0.0048068627
318.21910955,0.0038040928,0.0047938228
318.23911956,0.0038005249,0.0047807652
318.25912956,0.0037969677,0.0047676763
318.27913957,0.0037934275,0.0047545731
318.29914957,0.0037899043,0.0047414475
318.31915958,0.0037863902,0.0047283033
318.33916958,0.003782894,0.0047151428
318.35917959,0.003779409,0.0047019622
318.37918959,0.0037759424,0.0046887686
318.3991996,0.0037724897,0.0046755578
318.4192096,0.0037690543,0.0046623298
318.43921961,0.0037656312,0.0046490869
318.45922961,0.0037622242,0.0046358295
318.47923962,0.0037588289,0.0046225586
318.49924962,0.0037554528,0.0046092765
318.51925963,0.0037520842,0.0045959791
318.53926963,0.003748741,0.0045826756
318.55927964,0.0037454027,0.0045693605
318.57928964,0.0037420895,0.0045560347
318.59929965,0.0037387889,0.0045426995
318.61930965,0.0037355016,0.0045293565
318.63931966,0.0037322284,0.0045160037
318.65932966,0.0037289739,0.0045026466
318.67933967,0.0037257376,0.0044892821
318.69934967,0.0037225143,0.0044759065
318.71935968,0.0037193017,0.004462536
318.73936968,0.0037161116,0.0044491594
318.75937969,0.0037129372,0.0044357795
318.77938969,0.0037097761,0.0044223918
318.7993997,0.0037066357,0.0044090063
318.8194097,0.0037035006,0.0043956172
318.83941971,0.0037003886,0.004382228
318.85942971,0.0036972936,0.0043688384
318.87943972,0.0036942137,0.0043554469
318.89944972,0.0036911534,0.0043420633
318.91945973,0.0036881021,0.0043286737
318.93946973,0.00368507,0.0043152883
318.95947974,0.0036820609,0.0043019135
318.97948974,0.0036790611,0.004288536
318.99949975,0.0036760801,0.0042751683
319.01950975,0.0036731167,0.0042618024
319.03951976,0.0036701679,0.0042484449
319.05952976,0.003667233,0.0042350907
319.07953977,0.0036643208,0.0042217472
319.09954977,0.0036614265,0.0042084143
319.11955978,0.0036585438,0.0041950815
319.13956978,0.0036556814,0.004181765
319.15957979,0.003652835,0.0041684578
319.17958979,0.0036500052,0.0041551618
319.1995998,0.0036471924,0.0041418751
319.2196098,0.0036443979,0.0041286014
319.23961981,0.0036416193,0.0041153417
319.25962981,0.0036388603,0.0041020992
319.27963982,0.0036361164,0.0040888684
319.29964982,0.0036333881,0.0040756534
319.31965983,0.0036306805,0.0040624486
319.33966983,0.0036279925,0.004049263
319.35967984,0.0036253172,0.0040360959
319.37968984,0.0036226634,0.0040229447
319.39969985,0.0036200255,0.0040098173
319.41970985,0.0036174031,0.003996701
319.43971986,0.0036148033,0.0039836061
319.45972986,0.003612217,0.0039705331
319.47973987,0.0036096508,0.0039574779
319.49974987,0.0036071027,0.0039444477
319.51975988,0.0036045716,0.0039314399
319.53976988,0.0036020565,0.0039184527
319.55977989,0.0035995618,0.0039054877
319.57978989,0.0035970858,0.0038925481
319.5997999,0.0035946283,0.0038796335
319.6198099,0.0035921854,0.0038667417
319.63981991,0.0035897649,0.0038538771
319.65982991,0.0035873598,0.0038410416
319.67983992,0.0035849751,0.0038282303
319.69984992,0.0035826084,0.0038154484
319.71985993,0.003580261,0.003802696
319.73986993,0.0035779285,0.00378997
319.75987994,0.0035756191,0.0037772756
319.77988994,0.0035733269,0.0037646107
319.79989995,0.0035710486,0.0037519757
319.81990995,0.0035687948,0.0037393689
319.83991996,0.0035665557,0.0037268
319.85992996,0.003564337,0.0037142618
319.87993997,0.0035621386,0.0037017558
319.89994997,0.0035599549,0.0036892849
319.91995998,0.0035577978,0.0036768483
319.93996998,0.0035556511,0.0036644447
319.95997999,0.0035535279,0.0036520781
319.97998999,0.0035514226,0.003639749
320,0.0035493406,0.0036274542
