eV_,Total_Specf0
280,1.8039606e-15
280.02001001,1.8637535e-15
280.04002001,1.925503e-15
280.06003002,1.9892791e-15
280.08004002,2.0551461e-15
280.10005003,2.1231717e-15
280.12006003,2.1934246e-15
280.14007004,2.2659762e-15
280.16008004,2.3409058e-15
280.18009005,2.4182837e-15
280.20010005,2.4981977e-15
280.22011006,2.5807228e-15
280.24012006,2.6659428e-15
280.26013007,2.7539512e-15
280.28014007,2.8448351e-15
280.30015008,2.9386849e-15
280.32016008,3.0356001e-15
280.34017009,3.1356787e-15
280.36018009,3.2390224e-15
280.3801901,3.345734e-15
280.4002001,3.4559294e-15
280.42021011,3.5697141e-15
280.44022011,3.6872081e-15
280.46023012,3.8085291e-15
280.48024012,3.9337993e-15
280.50025013,4.0631489e-15
280.52026013,4.1967077e-15
280.54027014,4.3346128e-15
280.56028014,4.4770015e-15
280.58029015,4.6240198e-15
280.60030015,4.7758187e-15
280.62031016,4.9325515e-15
280.64032016,5.0943708e-15
280.66033017,5.2614443e-15
280.68034017,5.433948e-15
280.70035018,5.6120405e-15
280.72036018,5.7959204e-15
280.74037019,5.9857591e-15
280.76038019,6.1817519e-15
280.7803902,6.3840979e-15
280.8004002,6.593e-15
280.82041021,6.8086736e-15
280.84042021,7.0313264e-15
280.86043022,7.2611882e-15
280.88044022,7.4984888e-15
280.90045023,7.74346e-15
280.92046023,7.9963646e-15
280.94047024,8.2574464e-15
280.96048024,8.5269587e-15
280.98049025,8.8051895e-15
281.00050025,9.0923964e-15
281.02051026,9.388896e-15
281.04052026,9.6949578e-15
281.06053027,1.0010904e-14
281.08054027,1.0337044e-14
281.10055028,1.0673693e-14
281.12056028,1.1021215e-14
281.14057029,1.1379932e-14
281.16058029,1.1750204e-14
281.1805903,1.2132416e-14
281.2006003,1.2526932e-14
281.22061031,1.2934158e-14
281.24062031,1.335449e-14
281.26063032,1.3788357e-14
281.28064032,1.4236178e-14
281.30065033,1.4698403e-14
281.32066033,1.5175485e-14
281.34067034,1.5667919e-14
281.36068034,1.6176166e-14
281.38069035,1.6700749e-14
281.40070035,1.7242194e-14
281.42071036,1.7800995e-14
281.44072036,1.8377749e-14
281.46073037,1.8973033e-14
281.48074037,1.9587418e-14
281.50075038,2.0221494e-14
281.52076038,2.0875899e-14
281.54077039,2.1551302e-14
281.56078039,2.2248377e-14
281.5807904,2.2967742e-14
281.6008004,2.3710167e-14
281.62081041,2.4476394e-14
281.64082041,2.5267135e-14
281.66083042,2.6083207e-14
281.68084042,2.6925358e-14
281.70085043,2.7794505e-14
281.72086043,2.8691449e-14
281.74087044,2.9617052e-14
281.76088044,3.0572279e-14
281.78089045,3.1558001e-14
281.80090045,3.2575251e-14
281.82091046,3.3625016e-14
281.84092046,3.4708303e-14
281.86093047,3.5826302e-14
281.88094047,3.6980056e-14
281.90095048,3.8170923e-14
281.92096048,3.9400297e-14
281.94097049,4.0670006e-14
281.96098049,4.1982643e-14
281.9809905,4.3342327e-14
282.0010005,4.4756391e-14
282.02101051,4.6238356e-14
282.04102051,4.7815054e-14
282.06103052,4.9539752e-14
282.08104052,5.1518177e-14
282.10105053,5.396101e-14
282.12106053,5.7284174e-14
282.14107054,6.2303373e-14
282.16108054,7.0604269e-14
282.18109055,8.5242685e-14
282.20110055,1.1205284e-13
282.22111056,1.6207276e-13
282.24112056,2.5598957e-13
282.26113057,4.3221427e-13
282.28114057,7.6139783e-13
282.30115058,1.3722691e-12
282.32116058,2.4971795e-12
282.34117059,4.5515514e-12
282.36118059,8.2710861e-12
282.3811906,1.4946405e-11
282.4012006,2.6820164e-11
282.42121061,4.7752045e-11
282.44122061,8.4321564e-11
282.46123062,1.4763778e-10
282.48124062,2.5627853e-10
282.50125063,4.4101117e-10
282.52126063,7.5230217e-10
282.54127064,1.2721335e-09
282.56128064,2.1323929e-09
282.58129065,3.5431913e-09
282.60130065,5.8359935e-09
282.62131066,9.528633e-09
282.64132066,1.5422115e-08
282.66133067,2.4743368e-08
282.68134067,3.9353004e-08
282.70135068,6.2044784e-08
282.72136068,9.6971746e-08
282.74137069,1.5024575e-07
282.76138069,2.3077098e-07
282.7813907,3.5138837e-07
282.8014007,5.3042794e-07
282.82141071,7.9378736e-07
282.84142071,1.1776798e-06
282.86143072,1.7322162e-06
282.88144072,2.5260172e-06
282.90145073,3.6520546e-06
282.92146073,5.2349592e-06
282.94147074,7.4400004e-06
282.96148074,1.0483965e-05
282.98149075,1.464808e-05
283.00150075,2.0293111e-05
283.02151076,2.7876644e-05
283.04152076,3.797235e-05
283.06153077,5.1291063e-05
283.08154077,6.8703041e-05
283.10155078,9.1260619e-05
283.12156078,0.00012022039
283.14157079,0.0001570633
283.16158079,0.00020351115
283.1815908,0.00026153788
283.2016008,0.00033337279
283.22161081,0.00042149439
283.24162081,0.00052861217
283.26163082,0.0006576337
283.28164082,0.00081161648
283.30165083,0.00099370244
283.32166083,0.0012070339
283.34167084,0.0014546529
283.36168084,0.0017393843
283.38169085,0.0020637019
283.40170085,0.0024295901
283.42171086,0.002838393
283.44172086,0.0032906681
283.46173087,0.0037860428
283.48174087,0.0043230918
283.50175088,0.0048992219
283.52176088,0.0055106087
283.54177089,0.006152139
283.56178089,0.0068174284
283.5817909,0.0074988571
283.6018009,0.0081876786
283.62181091,0.0088741621
283.64182091,0.0095478063
283.66183092,0.010197576
283.68184092,0.010812204
283.70185093,0.011380509
283.72186093,0.011891745
283.74187094,0.012335961
283.76188094,0.012704363
283.78189095,0.012989654
283.80190095,0.013186346
283.82191096,0.013291042
283.84192096,0.013302649
283.86193097,0.013222547
283.88194097,0.013054677
283.90195098,0.012805553
283.92196098,0.012484227
283.94197099,0.012102151
283.96198099,0.011672986
283.981991,0.011212345
284.002001,0.010737501
284.02201101,0.010267015
284.04202101,0.009820357
284.06203102,0.0094174892
284.08204102,0.0090784207
284.10205103,0.0088227494
284.12206103,0.0086692069
284.14207104,0.0086351736
284.16208104,0.0087362211
284.18209105,0.0089856321
284.20210105,0.0093939649
284.22211106,0.0099686068
284.24212106,0.010713391
284.26213107,0.011628251
284.28214107,0.012708939
284.30215108,0.013946838
284.32216108,0.015328893
284.34217109,0.016837632
284.36218109,0.018451393
284.3821911,0.020144626
284.4022011,0.021888424
284.42221111,0.023651194
284.44222111,0.025399441
284.46223112,0.02709874
284.48224112,0.02871475
284.50225113,0.030214345
284.52226113,0.031566691
284.54227114,0.032744348
284.56228114,0.033724312
284.58229115,0.034488816
284.60230115,0.035026144
284.62231116,0.035331026
284.64232116,0.035404962
284.66233117,0.035256203
284.68234117,0.034899525
284.70235118,0.034355659
284.72236118,0.033650629
284.74237119,0.0328147
284.76238119,0.031881347
284.7823912,0.030885894
284.8024012,0.029864281
284.82241121,0.028851641
284.84242121,0.027881006
284.86243122,0.026982078
284.88244122,0.026180131
284.90245123,0.025495086
284.92246123,0.024940854
284.94247124,0.024524869
284.96248124,0.024247941
284.98249125,0.024104347
285.00250125,0.024082227
285.02251126,0.024164215
285.04252126,0.024328271
285.06253127,0.024548771
285.08254127,0.024797658
285.10255128,0.025045693
285.12256128,0.025263784
285.14257129,0.025424197
285.16258129,0.025501732
285.1825913,0.025474707
285.2026013,0.025325824
285.22261131,0.025042698
285.24262131,0.024618275
285.26263132,0.024050869
285.28264132,0.023344086
285.30265133,0.022506393
285.32266133,0.021550592
285.34267134,0.020493096
285.36268134,0.019353103
285.38269135,0.018151673
285.40270135,0.016910879
285.42271136,0.015652876
285.44272136,0.014399126
285.46273137,0.013169687
285.48274137,0.011982636
285.50275138,0.010853639
285.52276138,0.0097956564
285.54277139,0.0088188089
285.56278139,0.0079303766
285.5827914,0.0071349139
285.6028014,0.006434476
285.62281141,0.0058289184
285.64282141,0.0053162551
285.66283142,0.0048930505
285.68284142,0.0045548263
285.70285143,0.0042964416
285.72286143,0.0041124611
285.74287144,0.0039974735
285.76288144,0.0039463439
285.78289145,0.0039544096
285.80290145,0.0040176059
285.82291146,0.004132512
285.84292146,0.0042963349
285.86293147,0.0045068199
285.88294147,0.0047621112
285.90295148,0.0050605638
285.92296148,0.0054005296
285.94297149,0.005780125
285.96298149,0.0061970069
285.9829915,0.0066481642
286.0030015,0.0071297637
286.02301151,0.0076370304
286.04302151,0.0081642205
286.06303152,0.0087046493
286.08304152,0.0092508188
286.10305153,0.0097946096
286.12306153,0.010327568
286.14307154,0.010841211
286.16308154,0.011327427
286.18309155,0.011778841
286.20310155,0.012189202
286.22311156,0.012553733
286.24312156,0.012869396
286.26313157,0.013135114
286.28314157,0.013351849
286.30315158,0.013522591
286.32316158,0.013652221
286.34317159,0.013747247
286.36318159,0.013815464
286.3831916,0.013865503
286.4032016,0.013906334
286.42321161,0.013946738
286.44322161,0.013994781
286.46323162,0.014057348
286.48324162,0.014139712
286.50325163,0.014245219
286.52326163,0.014375088
286.54327164,0.014528348
286.56328164,0.01470188
286.58329165,0.014890634
286.60330165,0.015087895
286.62331166,0.015285717
286.64332166,0.015475371
286.66333167,0.015647853
286.68334167,0.01579438
286.70335168,0.015906878
286.72336168,0.015978394
286.74337169,0.016003452
286.76338169,0.015978241
286.7833917,0.015900822
286.8034017,0.015771063
286.82341171,0.015590607
286.84342171,0.015362649
286.86343172,0.015091702
286.88344172,0.014783263
286.90345173,0.014443488
286.92346173,0.014078847
286.94347174,0.013695793
286.96348174,0.013300497
286.98349175,0.012898625
287.00350175,0.012495177
287.02351176,0.012094418
287.04352176,0.011699845
287.06353177,0.011314255
287.08354177,0.010939834
287.10355178,0.01057828
287.12356178,0.010230943
287.14357179,0.009898995
287.16358179,0.0095835561
287.1835918,0.009285789
287.2036018,0.0090069808
287.22361181,0.0087485677
287.24362181,0.0085121347
287.26363182,0.0082993302
287.28364182,0.0081118047
287.30365183,0.0079510771
287.32366183,0.0078184111
287.34367184,0.0077146599
287.36368184,0.0076401634
287.38369185,0.0075945999
287.40370185,0.0075769294
287.42371186,0.0075853304
287.44372186,0.0076171928
287.46373187,0.0076691541
287.48374187,0.0077371602
287.50375188,0.0078166034
287.52376188,0.007902462
287.54377189,0.0079894597
287.56378189,0.0080722934
287.5837919,0.008145825
287.6038019,0.008205276
287.62381191,0.0082464498
287.64382191,0.0082658762
287.66383192,0.0082610035
287.68384192,0.0082303043
287.70385193,0.0081733596
287.72386193,0.0080909552
287.74387194,0.0079850359
287.76388194,0.0078587364
287.78389195,0.0077163209
287.80390195,0.0075630997
287.82391196,0.0074053109
287.84392196,0.0072499947
287.86393197,0.0071048383
287.88394197,0.0069779805
287.90395198,0.0068778316
287.92396198,0.0068128449
287.94397199,0.006791289
287.96398199,0.0068209851
287.983992,0.0069090934
288.004002,0.0070617837
288.02401201,0.0072840163
288.04402201,0.0075792689
288.06403202,0.0079492871
288.08404202,0.0083938958
288.10405203,0.0089107789
288.12406203,0.0094954269
288.14407204,0.010141057
288.16408204,0.010838677
288.18409205,0.011577208
288.20410205,0.012343693
288.22411206,0.013123712
288.24412206,0.013901661
288.26413207,0.014661416
288.28414207,0.015386753
288.30415208,0.016061964
288.32416208,0.016672669
288.34417209,0.017206004
288.36418209,0.017651511
288.3841921,0.018001406
288.4042021,0.018250953
288.42421211,0.018398639
288.44422211,0.018446317
288.46423212,0.018399086
288.48424212,0.018265005
288.50425213,0.018054843
288.52426213,0.017781569
288.54427214,0.01745978
288.56428214,0.017105151
288.58429215,0.016733743
288.60430215,0.01636146
288.62431216,0.016003389
288.64432216,0.015673319
288.66433217,0.015383316
288.68434217,0.015143241
288.70435218,0.014960726
288.72436218,0.014840846
288.74437219,0.014786193
288.76438219,0.014796866
288.7843922,0.014870645
288.8044022,0.015003205
288.82441221,0.015188356
288.84442221,0.015418384
288.86443222,0.015684301
288.88444222,0.015976435
288.90445223,0.016284423
288.92446223,0.016597835
288.94447224,0.016906327
288.96448224,0.01720011
288.98449225,0.017470079
289.00450225,0.017708044
289.02451226,0.017907079
289.04452226,0.018061502
289.06453227,0.018167026
289.08454227,0.018220948
289.10455228,0.018221935
289.12456228,0.018170176
289.14457229,0.018067267
289.16458229,0.017916052
289.1845923,0.017720578
289.2046023,0.01748582
289.22461231,0.017217631
289.24462231,0.016922485
289.26463232,0.016607216
289.28464232,0.016278878
289.30465233,0.015944663
289.32466233,0.015611571
289.34467234,0.015286261
289.36468234,0.014975077
289.38469235,0.014683731
289.40470235,0.014417429
289.42471236,0.014180554
289.44472236,0.01397686
289.46473237,0.013809285
289.48474237,0.013680061
289.50475238,0.01359065
289.52476238,0.013541795
289.54477239,0.013533607
289.56478239,0.013565593
289.5847924,0.013636717
289.6048024,0.013745456
289.62481241,0.013889954
289.64482241,0.014068022
289.66483242,0.014277281
289.68484242,0.014515216
289.70485243,0.014779292
289.72486243,0.015066973
289.74487244,0.015375877
289.76488244,0.015703684
289.78489245,0.01604845
289.80490245,0.016408367
289.82491246,0.016781826
289.84492246,0.017167639
289.86493247,0.01756485
289.88494247,0.017972624
289.90495248,0.018390426
289.92496248,0.018817829
289.94497249,0.019254474
289.96498249,0.019699907
289.9849925,0.020153692
290.0050025,0.020615056
290.02501251,0.021083063
290.04502251,0.021556269
290.06503252,0.022032902
290.08504252,0.022510571
290.10505253,0.022986388
290.12506253,0.023456911
290.14507254,0.023918115
290.16508254,0.024365466
290.18509255,0.024794057
290.20510255,0.025198672
290.22511256,0.025573853
290.24512256,0.025914218
290.26513257,0.026214434
290.28514257,0.026469614
290.30515258,0.026675403
290.32516258,0.026828038
290.34517259,0.026924782
290.36518259,0.026963728
290.3851926,0.026944246
290.4052026,0.026866706
290.42521261,0.026732715
290.44522261,0.026545092
290.46523262,0.026307592
290.48524262,0.026025033
290.50525263,0.025703102
290.52526263,0.025347965
290.54527264,0.024966439
290.56528264,0.024565626
290.58529265,0.02415259
290.60530265,0.023734363
290.62531266,0.023317674
290.64532266,0.022908872
290.66533267,0.022513717
290.68534267,0.022137308
290.70535268,0.021784041
290.72536268,0.021457558
290.74537269,0.021160735
290.76538269,0.020895714
290.7853927,0.020663854
290.8054027,0.020465896
290.82541271,0.020302072
290.84542271,0.020171952
290.86543272,0.020074725
290.88544272,0.020009264
290.90545273,0.019974077
290.92546273,0.019967513
290.94547274,0.019987794
290.96548274,0.020033011
290.98549275,0.020101205
291.00550275,0.020190479
291.02551276,0.020298919
291.04552276,0.020424727
291.06553277,0.020566195
291.08554277,0.020721553
291.10555278,0.020889297
291.12556278,0.021067986
291.14557279,0.021256212
291.16558279,0.021452738
291.1855928,0.021656392
291.2056028,0.021866055
291.22561281,0.022080837
291.24562281,0.022299703
291.26563282,0.022521812
291.28564282,0.022746464
291.30565283,0.0229729
291.32566283,0.023200458
291.34567284,0.023428524
291.36568284,0.023656566
291.38569285,0.023884099
291.40570285,0.024110589
291.42571286,0.024335731
291.44572286,0.024559045
291.46573287,0.02478024
291.48574287,0.024999034
291.50575288,0.025215145
291.52576288,0.025428345
291.54577289,0.025638461
291.56578289,0.025845312
291.5857929,0.026048759
291.6058029,0.026248695
291.62581291,0.026445072
291.64582291,0.026637785
291.66583292,0.026826879
291.68584292,0.027012182
291.70585293,0.027193874
291.72586293,0.027371924
291.74587294,0.027546337
291.76588294,0.02771721
291.78589295,0.027884588
291.80590295,0.028048528
291.82591296,0.028209176
291.84592296,0.028366577
291.86593297,0.028520804
291.88594297,0.028671987
291.90595298,0.028820246
291.92596298,0.028965684
291.94597299,0.029108375
291.96598299,0.029248446
291.985993,0.029385991
292.006003,0.029521111
292.02601301,0.029653933
292.04602301,0.029784465
292.06603302,0.029912869
292.08604302,0.030039167
292.10605303,0.030163525
292.12606303,0.030285941
292.14607304,0.030406484
292.16608304,0.030525243
292.18609305,0.030642204
292.20610305,0.030757418
292.22611306,0.030870968
292.24612306,0.030982859
292.26613307,0.0310931
292.28614307,0.031201676
292.30615308,0.031308569
292.32616308,0.031413931
292.34617309,0.031517528
292.36618309,0.031619508
292.3861931,0.0317198
292.4062031,0.031818327
292.42621311,0.031915072
292.44622311,0.03201
292.46623312,0.03210301
292.48624312,0.032194119
292.50625313,0.032283202
292.52626313,0.032370199
292.54627314,0.032454997
292.56628314,0.032537568
292.58629315,0.032617752
292.60630315,0.032695543
292.62631316,0.032770775
292.64632316,0.0328434
292.66633317,0.032913219
292.68634317,0.032980252
292.70635318,0.033044312
292.72636318,0.033105273
292.74637319,0.033163119
292.76638319,0.03321768
292.7863932,0.033268757
292.8064032,0.033316374
292.82641321,0.033360291
292.84642321,0.033400577
292.86643322,0.033436965
292.88644322,0.033469375
292.90645323,0.033497769
292.92646323,0.03352204
292.94647324,0.033542026
292.96648324,0.033557739
292.98649325,0.033568989
293.00650325,0.033575915
293.02651326,0.033578165
293.04652326,0.033575945
293.06653327,0.033568986
293.08654327,0.033557415
293.10655328,0.03354115
293.12656328,0.033520121
293.14657329,0.033494409
293.16658329,0.033463895
293.1865933,0.033428743
293.2066033,0.033388853
293.22661331,0.033344306
293.24662331,0.033295136
293.26663332,0.033241373
293.28664332,0.033183157
293.30665333,0.033120528
293.32666333,0.033053458
293.34667334,0.032982212
293.36668334,0.032906726
293.38669335,0.032827262
293.40670335,0.032743871
293.42671336,0.032656718
293.44672336,0.032565895
293.46673337,0.032471549
293.48674337,0.032373883
293.50675338,0.03227305
293.52676338,0.032169148
293.54677339,0.032062419
293.56678339,0.03195297
293.5867934,0.031841073
293.6068034,0.031726841
293.62681341,0.031610496
293.64682341,0.03149211
293.66683342,0.031372048
293.68684342,0.031250414
293.70685343,0.031127455
293.72686343,0.031003231
293.74687344,0.030878033
293.76688344,0.030752016
293.78689345,0.030625351
293.80690345,0.030498248
293.82691346,0.030370833
293.84692346,0.03024335
293.86693347,0.030115897
293.88694347,0.029988702
293.90695348,0.029861892
293.92696348,0.029735627
293.94697349,0.029610042
293.96698349,0.029485278
293.9869935,0.029361503
294.0070035,0.029238807
294.02701351,0.029117333
294.04702351,0.028997177
294.06703352,0.028878519
294.08704352,0.028761346
294.10705353,0.028645782
294.12706353,0.028532006
294.14707354,0.028420029
294.16708354,0.028309895
294.18709355,0.028201731
294.20710355,0.028095555
294.22711356,0.027991461
294.24712356,0.02788946
294.26713357,0.027789619
294.28714357,0.02769194
294.30715358,0.02759649
294.32716358,0.027503246
294.34717359,0.027412307
294.36718359,0.027323605
294.3871936,0.027237212
294.4072036,0.027153086
294.42721361,0.027071197
294.44722361,0.026991621
294.46723362,0.026914323
294.48724362,0.026839251
294.50725363,0.026766427
294.52726363,0.02669584
294.54727364,0.026627427
294.56728364,0.026561173
294.58729365,0.026497103
294.60730365,0.026435137
294.62731366,0.026375256
294.64732366,0.026317449
294.66733367,0.026261628
294.68734367,0.026207848
294.70735368,0.026156025
294.72736368,0.02610611
294.74737369,0.026058089
294.76738369,0.026011879
294.7873937,0.02596754
294.8074037,0.025924962
294.82741371,0.025884112
294.84742371,0.025844969
294.86743372,0.025807464
294.88744372,0.02577159
294.90745373,0.025737355
294.92746373,0.025704697
294.94747374,0.025673496
294.96748374,0.025643831
294.98749375,0.02561561
295.00750375,0.025588822
295.02751376,0.025563449
295.04752376,0.025539437
295.06753377,0.025516748
295.08754377,0.025495386
295.10755378,0.025475305
295.12756378,0.025456486
295.14757379,0.025438922
295.16758379,0.02542253
295.1875938,0.025407346
295.2076038,0.025393294
295.22761381,0.025380375
295.24762381,0.02536864
295.26763382,0.025357917
295.28764382,0.025348347
295.30765383,0.025339786
295.32766383,0.025332298
295.34767384,0.02532584
295.36768384,0.025320387
295.38769385,0.02531594
295.40770385,0.025312467
295.42771386,0.025309931
295.44772386,0.025308389
295.46773387,0.025307771
295.48774387,0.025308061
295.50775388,0.025309261
295.52776388,0.025311384
295.54777389,0.025314378
295.56778389,0.02531825
295.5877939,0.025322979
295.6078039,0.025328582
295.62781391,0.025335032
295.64782391,0.025342254
295.66783392,0.025350362
295.68784392,0.025359254
295.70785393,0.025368936
295.72786393,0.025379412
295.74787394,0.025390672
295.76788394,0.025402658
295.78789395,0.025415406
295.80790395,0.025428889
295.82791396,0.025443111
295.84792396,0.025458034
295.86793397,0.025473686
295.88794397,0.025490021
295.90795398,0.025507066
295.92796398,0.025524734
295.94797399,0.025543086
295.96798399,0.025562074
295.987994,0.025581691
296.008004,0.025601931
296.02801401,0.025622759
296.04802401,0.025644194
296.06803402,0.025666185
296.08804402,0.025688766
296.10805403,0.025711862
296.12806403,0.025735516
296.14807404,0.025759697
296.16808404,0.02578436
296.18809405,0.02580951
296.20810405,0.025835138
296.22811406,0.025861243
296.24812406,0.025887782
296.26813407,0.025914732
296.28814407,0.025942104
296.30815408,0.025969876
296.32816408,0.025998032
296.34817409,0.026026536
296.36818409,0.026055349
296.3881941,0.026084537
296.4082041,0.026113987
296.42821411,0.026143793
296.44822411,0.026173841
296.46823412,0.02620413
296.48824412,0.026234685
296.50825413,0.026265461
296.52826413,0.026296459
296.54827414,0.026327627
296.56828414,0.026358955
296.58829415,0.026390433
296.60830415,0.026422055
296.62831416,0.026453827
296.64832416,0.026485691
296.66833417,0.026517617
296.68834417,0.026549604
296.70835418,0.026581652
296.72836418,0.026613755
296.74837419,0.026645852
296.76838419,0.026677927
296.7883942,0.026710005
296.8084042,0.026742019
296.82841421,0.026773978
296.84842421,0.026805896
296.86843422,0.02683772
296.88844422,0.026869465
296.90845423,0.026901037
296.92846423,0.026932491
296.94847424,0.0269638
296.96848424,0.026994936
296.98849425,0.027025839
297.00850425,0.027056606
297.02851426,0.027087143
297.04852426,0.027117405
297.06853427,0.02714747
297.08854427,0.027177269
297.10855428,0.027206777
297.12856428,0.027235979
297.14857429,0.027264923
297.16858429,0.027293529
297.1885943,0.027321823
297.2086043,0.027349742
297.22861431,0.027377315
297.24862431,0.027404498
297.26863432,0.027431326
297.28864432,0.02745777
297.30865433,0.0274838
297.32866433,0.027509369
297.34867434,0.027534565
297.36868434,0.027559295
297.38869435,0.027583575
297.40870435,0.0276074
297.42871436,0.027630739
297.44872436,0.027653608
297.46873437,0.027675986
297.48874437,0.027697887
297.50875438,0.027719235
297.52876438,0.027740095
297.54877439,0.027760409
297.56878439,0.02778022
297.5887944,0.027799489
297.6088044,0.027818203
297.62881441,0.027836367
297.64882441,0.027853955
297.66883442,0.027870962
297.68884442,0.027887404
297.70885443,0.027903305
297.72886443,0.027918592
297.74887444,0.027933298
297.76888444,0.027947417
297.78889445,0.027960941
297.80890445,0.027973834
297.82891446,0.027986141
297.84892446,0.027997868
297.86893447,0.028008934
297.88894447,0.028019458
297.90895448,0.028029295
297.92896448,0.028038559
297.94897449,0.028047161
297.96898449,0.028055198
297.9889945,0.028062562
298.0090045,0.028069336
298.02901451,0.028075492
298.04902451,0.028081028
298.06903452,0.028085923
298.08904452,0.028090203
298.10905453,0.028093884
298.12906453,0.028096901
298.14907454,0.028099352
298.16908454,0.028101152
298.18909455,0.028102359
298.20910455,0.028102955
298.22911456,0.028102938
298.24912456,0.028102295
298.26913457,0.028101105
298.28914457,0.028099298
298.30915458,0.028096898
298.32916458,0.028093871
298.34917459,0.028090272
298.36918459,0.028086113
298.3891946,0.028081367
298.4092046,0.028076045
298.42921461,0.028070163
298.44922461,0.028063722
298.46923462,0.02805673
298.48924462,0.028049199
298.50925463,0.028041082
298.52926463,0.028032465
298.54927464,0.028023301
298.56928464,0.028013613
298.58929465,0.028003413
298.60930465,0.027992697
298.62931466,0.027981503
298.64932466,0.027969817
298.66933467,0.027957605
298.68934467,0.02794496
298.70935468,0.027931755
298.72936468,0.027918171
298.74937469,0.027904147
298.76938469,0.02788963
298.7893947,0.027874688
298.8094047,0.027859299
298.82941471,0.027843507
298.84942471,0.027827315
298.86943472,0.027810721
298.88944472,0.027793711
298.90945473,0.027776301
298.92946473,0.027758541
298.94947474,0.027740432
298.96948474,0.027721953
298.98949475,0.027703123
299.00950475,0.027683992
299.02951476,0.027664466
299.04952476,0.027644638
299.06953477,0.02762454
299.08954477,0.027604131
299.10955478,0.027583409
299.12956478,0.027562432
299.14957479,0.027541194
299.16958479,0.027519684
299.1895948,0.027497919
299.2096048,0.02747591
299.22961481,0.027453698
299.24962481,0.027431233
299.26963482,0.027408596
299.28964482,0.027385766
299.30965483,0.02736271
299.32966483,0.027339485
299.34967484,0.027316084
299.36968484,0.027292555
299.38969485,0.027268853
299.40970485,0.027244998
299.42971486,0.027221017
299.44972486,0.027196921
299.46973487,0.027172761
299.48974487,0.027148467
299.50975488,0.027124064
299.52976488,0.027099593
299.54977489,0.027075041
299.56978489,0.027050417
299.5897949,0.027025746
299.6098049,0.027001046
299.62981491,0.026976304
299.64982491,0.026951548
299.66983492,0.026926743
299.68984492,0.026901947
299.70985493,0.026877131
299.72986493,0.026852343
299.74987494,0.026827564
299.76988494,0.026802819
299.78989495,0.026778109
299.80990495,0.026753375
299.82991496,0.026728803
299.84992496,0.026704183
299.86993497,0.026679685
299.88994497,0.026655201
299.90995498,0.026630858
299.92996498,0.026606575
299.94997499,0.026582381
299.96998499,0.026558327
299.989995,0.026534325
300.010005,0.026510483
300.03001501,0.02648671
300.05002501,0.026463078
300.07003502,0.026439594
300.09004502,0.026416274
300.11005503,0.026393037
300.13006503,0.026369989
300.15007504,0.026347103
300.17008504,0.026324393
300.19009505,0.026301781
300.21010505,0.026279394
300.23011506,0.026257185
300.25012506,0.026235145
300.27013507,0.026213309
300.29014507,0.026191646
300.31015508,0.026170172
300.33016508,0.026148915
300.35017509,0.026127852
300.37018509,0.026106993
300.3901951,0.026086345
300.4102051,0.02606594
300.43021511,0.026045717
300.45022511,0.026025696
300.47023512,0.026005955
300.49024512,0.025986398
300.51025513,0.025967099
300.53026513,0.025948018
300.55027514,0.025929177
300.57028514,0.025910547
300.59029515,0.025892168
300.61030515,0.025874054
300.63031516,0.025856156
300.65032516,0.025838505
300.67033517,0.025821097
300.69034517,0.025803935
300.71035518,0.025786994
300.73036518,0.025770349
300.75037519,0.025753941
300.77038519,0.025737783
300.7903952,0.025721854
300.8104052,0.025706159
300.83041521,0.025690768
300.85042521,0.02567558
300.87043522,0.025660653
300.89044522,0.025645969
300.91045523,0.025631549
300.93046523,0.025617363
300.95047524,0.025603417
300.97048524,0.025589725
300.99049525,0.025576277
301.01050525,0.025563041
301.03051526,0.025550108
301.05052526,0.025537381
301.07053527,0.02552489
301.09054527,0.025512626
301.11055528,0.025500597
301.13056528,0.025488814
301.15057529,0.025477245
301.17058529,0.025465889
301.1905953,0.025454802
301.2106053,0.025443904
301.23061531,0.025433263
301.25062531,0.0254228
301.27063532,0.025412597
301.29064532,0.025402533
301.31065533,0.025392737
301.33066533,0.025383122
301.35067534,0.025373701
301.37068534,0.025364459
301.39069535,0.02535546
301.41070535,0.025346624
301.43071536,0.025337981
301.45072536,0.025329499
301.47073537,0.025321223
301.49074537,0.025313118
301.51075538,0.025305191
301.53076538,0.025297394
301.55077539,0.025289772
301.57078539,0.025282349
301.5907954,0.025275052
301.6108054,0.025267882
301.63081541,0.025260869
301.65082541,0.025254013
301.67083542,0.025247321
301.69084542,0.025240704
301.71085543,0.025234202
301.73086543,0.025227856
301.75087544,0.025221597
301.77088544,0.025215484
301.79089545,0.025209451
301.81090545,0.025203509
301.83091546,0.025197718
301.85092546,0.025191948
301.87093547,0.025186319
301.89094547,0.02518074
301.91095548,0.025175225
301.93096548,0.025169812
301.95097549,0.025164453
301.97098549,0.025159163
301.9909955,0.025153911
302.0110055,0.025148707
302.03101551,0.025143547
302.05102551,0.025138438
302.07103552,0.02513336
302.09104552,0.025128305
302.11105553,0.025123272
302.13106553,0.02511825
302.15107554,0.025113262
302.17108554,0.025108229
302.19109555,0.025103252
302.21110555,0.025098238
302.23111556,0.025093215
302.25112556,0.025088195
302.27113557,0.025083113
302.29114557,0.025078034
302.31115558,0.025072932
302.33116558,0.025067795
302.35117559,0.025062595
302.37118559,0.025057346
302.3911956,0.025052063
302.4112056,0.025046719
302.43121561,0.025041327
302.45122561,0.025035817
302.47123562,0.02503025
302.49124562,0.025024649
302.51125563,0.025018902
302.53126563,0.025013095
302.55127564,0.025007175
302.57128564,0.025001206
302.59129565,0.024995102
302.61130565,0.024988867
302.63131566,0.024982557
302.65132566,0.02497611
302.67133567,0.024969546
302.69134567,0.024962859
302.71135568,0.024956021
302.73136568,0.024949046
302.75137569,0.024941938
302.77138569,0.024934702
302.7913957,0.024927292
302.8114057,0.024919746
302.83141571,0.02491203
302.85142571,0.024904165
302.87143572,0.024896106
302.89144572,0.024887891
302.91145573,0.024879478
302.93146573,0.024870886
302.95147574,0.024862152
302.97148574,0.024853198
302.99149575,0.024844076
303.01150575,0.024834746
303.03151576,0.024825227
303.05152576,0.024815496
303.07153577,0.024805555
303.09154577,0.024795404
303.11155578,0.024785053
303.13156578,0.024774445
303.15157579,0.024763659
303.17158579,0.024752619
303.1915958,0.024741389
303.2116058,0.024729908
303.23161581,0.024718214
303.25162581,0.024706278
303.27163582,0.024694093
303.29164582,0.024681674
303.31165583,0.024669033
303.33166583,0.024656126
303.35167584,0.024642974
303.37168584,0.024629598
303.39169585,0.024615932
303.41170585,0.024602056
303.43171586,0.024587903
303.45172586,0.024573458
303.47173587,0.024558775
303.49174587,0.024543837
303.51175588,0.024528647
303.53176588,0.024513172
303.55177589,0.024497462
303.57178589,0.024481475
303.5917959,0.024465196
303.6118059,0.024448654
303.63181591,0.024431851
303.65182591,0.024414733
303.67183592,0.024397383
303.69184592,0.024379732
303.71185593,0.024361819
303.73186593,0.024343625
303.75187594,0.024325166
303.77188594,0.024306413
303.79189595,0.024287384
303.81190595,0.024268037
303.83191596,0.02424846
303.85192596,0.024228588
303.87193597,0.02420843
303.89194597,0.024187988
303.91195598,0.024167256
303.93196598,0.024146287
303.95197599,0.024124989
303.97198599,0.024103422
303.991996,0.024081567
304.012006,0.024059439
304.03201601,0.024037039
304.05202601,0.024014328
304.07203602,0.023991399
304.09204602,0.023968149
304.11205603,0.023944585
304.13206603,0.023920774
304.15207604,0.023896711
304.17208604,0.023872344
304.19209605,0.023847707
304.21210605,0.023822786
304.23211606,0.023797633
304.25212606,0.023772171
304.27213607,0.023746446
304.29214607,0.023720438
304.31215608,0.023694161
304.33216608,0.023667647
304.35217609,0.023640838
304.37218609,0.023613764
304.3921961,0.023586435
304.4122061,0.023558851
304.43221611,0.023530988
304.45222611,0.023502892
304.47223612,0.023474528
304.49224612,0.023445902
304.51225613,0.023417033
304.53226613,0.023387933
304.55227614,0.023358572
304.57228614,0.023328988
304.59229615,0.02329913
304.61230615,0.023269018
304.63231616,0.023238687
304.65232616,0.023208117
304.67233617,0.023177322
304.69234617,0.023146259
304.71235618,0.023115031
304.73236618,0.02308356
304.75237619,0.023051823
304.77238619,0.023019921
304.7923962,0.02298777
304.8124062,0.022955405
304.83241621,0.022922853
304.85242621,0.022890059
304.87243622,0.022857079
304.89244622,0.022823859
304.91245623,0.02279046
304.93246623,0.022756891
304.95247624,0.022723064
304.97248624,0.022689106
304.99249625,0.022654938
305.01250625,0.022620566
305.03251626,0.022586038
305.05252626,0.022551304
305.07253627,0.022516431
305.09254627,0.022481343
305.11255628,0.022446135
305.13256628,0.022410749
305.15257629,0.022375194
305.17258629,0.022339476
305.1925963,0.022303581
305.2126063,0.022267576
305.23261631,0.022231398
305.25262631,0.022195067
305.27263632,0.022158632
305.29264632,0.022122033
305.31265633,0.022085285
305.33266633,0.022048404
305.35267634,0.022011423
305.37268634,0.021974329
305.39269635,0.021937096
305.41270635,0.02189976
305.43271636,0.021862278
305.45272636,0.021824704
305.47273637,0.021787053
305.49274637,0.021749264
305.51275638,0.021711392
305.53276638,0.021673426
305.55277639,0.021635376
305.57278639,0.021597253
305.5927964,0.021559013
305.6128064,0.021520711
305.63281641,0.02148235
305.65282641,0.021443892
305.67283642,0.021405371
305.69284642,0.021366781
305.71285643,0.021328149
305.73286643,0.021289447
305.75287644,0.021250701
305.77288644,0.021211909
305.79289645,0.02117306
305.81290645,0.021134192
305.83291646,0.021095259
305.85292646,0.021056322
305.87293647,0.021017361
305.89294647,0.02097833
305.91295648,0.020939307
305.93296648,0.020900276
305.95297649,0.020861203
305.97298649,0.020822128
305.9929965,0.020783033
306.0130065,0.020743947
306.03301651,0.020704867
306.05302651,0.020665798
306.07303652,0.020626718
306.09304652,0.020587642
306.11305653,0.020548601
306.13306653,0.020509586
306.15307654,0.020470548
306.17308654,0.020431595
306.19309655,0.020392627
306.21310655,0.020353707
306.23311656,0.020314815
306.25312656,0.020275988
306.27313657,0.020237172
306.29314657,0.020198412
306.31315658,0.020159712
306.33316658,0.02012104
306.35317659,0.020082457
306.37318659,0.020043934
306.3931966,0.020005455
306.4132066,0.019967038
306.43321661,0.019928703
306.45322661,0.019890439
306.47323662,0.019852247
306.49324662,0.019814128
306.51325663,0.019776128
306.53326663,0.019738186
306.55327664,0.019700328
306.57328664,0.019662553
306.59329665,0.019624898
306.61330665,0.019587368
306.63331666,0.019549893
306.65332666,0.019512549
306.67333667,0.019475298
306.69334667,0.019438131
306.71335668,0.019401131
306.73336668,0.019364212
306.75337669,0.019327402
306.77338669,0.019290743
306.7933967,0.019254206
306.8134067,0.019217784
306.83341671,0.019181494
306.85342671,0.019145343
306.87343672,0.019109331
306.89344672,0.019073455
306.91345673,0.019037711
306.93346673,0.019002115
306.95347674,0.018966665
306.97348674,0.018931342
306.99349675,0.018896207
307.01350675,0.018861169
307.03351676,0.018826338
307.05352676,0.018791625
307.07353677,0.01875711
307.09354677,0.018722735
307.11355678,0.018688539
307.13356678,0.018654501
307.15357679,0.018620629
307.17358679,0.01858695
307.1935968,0.018553425
307.2136068,0.018520085
307.23361681,0.018486904
307.25362681,0.018453881
307.27363682,0.018421067
307.29364682,0.018388435
307.31365683,0.018355969
307.33366683,0.018323708
307.35367684,0.018291632
307.37368684,0.018259756
307.39369685,0.01822805
307.41370685,0.018196542
307.43371686,0.018165259
307.45372686,0.01813416
307.47373687,0.018103221
307.49374687,0.018072508
307.51375688,0.018041983
307.53376688,0.018011672
307.55377689,0.017981583
307.57378689,0.017951658
307.5937969,0.017921956
307.6138069,0.017892471
307.63381691,0.017863164
307.65382691,0.017834125
307.67383692,0.017805262
307.69384692,0.017776595
307.71385693,0.017748158
307.73386693,0.017719947
307.75387694,0.017691923
307.77388694,0.017664127
307.79389695,0.017636551
307.81390695,0.017609226
307.83391696,0.017582092
307.85392696,0.017555147
307.87393697,0.017528467
307.89394697,0.017501989
307.91395698,0.017475756
307.93396698,0.017449705
307.95397699,0.017423902
307.97398699,0.017398309
307.993997,0.017372953
308.014007,0.017347803
308.03401701,0.017322903
308.05402701,0.017298212
308.07403702,0.017273765
308.09404702,0.017249517
308.11405703,0.017225524
308.13406703,0.017201755
308.15407704,0.017178215
308.17408704,0.017154891
308.19409705,0.017131807
308.21410705,0.017108941
308.23411706,0.017086321
308.25412706,0.017063916
308.27413707,0.017041754
308.29414707,0.017019792
308.31415708,0.016998081
308.33416708,0.016976586
308.35417709,0.01695534
308.37418709,0.016934305
308.3941971,0.016913518
308.4142071,0.016892927
308.43421711,0.016872577
308.45422711,0.016852479
308.47423712,0.016832614
308.49424712,0.016812941
308.51425713,0.016793504
308.53426713,0.016774295
308.55427714,0.016755309
308.57428714,0.01673656
308.59429715,0.016718052
308.61430715,0.016699741
308.63431716,0.016681673
308.65432716,0.016663846
308.67433717,0.016646212
308.69434717,0.016628822
308.71435718,0.01661163
308.73436718,0.016594695
308.75437719,0.016577952
308.77438719,0.016561467
308.7943972,0.016545178
308.8144072,0.016529074
308.83441721,0.016513254
308.85442721,0.016497636
308.87443722,0.016482199
308.89444722,0.016466996
308.91445723,0.016452022
308.93446723,0.016437251
308.95447724,0.016422719
308.97448724,0.016408391
308.99449725,0.016394276
309.01450725,0.01638034
309.03451726,0.016366664
309.05452726,0.016353168
309.07453727,0.016339907
309.09454727,0.016326839
309.11455728,0.016313966
309.13456728,0.016301304
309.15457729,0.016288847
309.17458729,0.016276591
309.1945973,0.016264534
309.2146073,0.016252702
309.23461731,0.016241051
309.25462731,0.016229581
309.27463732,0.016218351
309.29464732,0.016207287
309.31465733,0.016196445
309.33466733,0.016185764
309.35467734,0.016175324
309.37468734,0.016165003
309.39469735,0.016154917
309.41470735,0.016145021
309.43471736,0.016135287
309.45472736,0.016125772
309.47473737,0.01611644
309.49474737,0.016107272
309.51475738,0.0160983
309.53476738,0.016089505
309.55477739,0.016080867
309.57478739,0.01607245
309.5947974,0.016064188
309.6148074,0.016056094
309.63481741,0.016048186
309.65482741,0.016040437
309.67483742,0.016032884
309.69484742,0.016025458
309.71485743,0.016018208
309.73486743,0.016011138
309.75487744,0.016004236
309.77488744,0.015997484
309.79489745,0.015990905
309.81490745,0.015984487
309.83491746,0.015978206
309.85492746,0.015972102
309.87493747,0.015966162
309.89494747,0.015960339
309.91495748,0.01595469
309.93496748,0.015949169
309.95497749,0.015943842
309.97498749,0.01593861
309.9949975,0.01593357
310.0150075,0.015928647
310.03501751,0.015923854
310.05502751,0.015919214
310.07503752,0.015914697
310.09504752,0.015910346
310.11505753,0.015906118
310.13506753,0.015902035
310.15507754,0.015898054
310.17508754,0.015894214
310.19509755,0.015890485
310.21510755,0.015886936
310.23511756,0.015883468
310.25512756,0.015880112
310.27513757,0.015876904
310.29514757,0.015873805
310.31515758,0.015870836
310.33516758,0.015867947
310.35517759,0.015865222
310.37518759,0.01586256
310.3951976,0.015860017
310.4152076,0.015857618
310.43521761,0.015855275
310.45522761,0.015853077
310.47523762,0.015850972
310.49524762,0.015848964
310.51525763,0.015847061
310.53526763,0.015845248
310.55527764,0.015843537
310.57528764,0.01584192
310.59529765,0.015840361
310.61530765,0.015838925
310.63531766,0.015837597
310.65532766,0.015836345
310.67533767,0.015835138
310.69534767,0.015834071
310.71535768,0.015833044
310.73536768,0.015832143
310.75537769,0.015831294
310.77538769,0.015830513
310.7953977,0.015829789
310.8154077,0.015829166
310.83541771,0.0158286
310.85542771,0.01582811
310.87543772,0.015827687
310.89544772,0.015827337
310.91545773,0.015827043
310.93546773,0.015826808
310.95547774,0.015826639
310.97548774,0.015826521
310.99549775,0.015826479
311.01550775,0.015826488
311.03551776,0.015826534
311.05552776,0.015826641
311.07553777,0.01582679
311.09554777,0.015827002
311.11555778,0.015827259
311.13556778,0.015827548
311.15557779,0.015827874
311.17558779,0.015828261
311.1955978,0.015828665
311.2156078,0.015829144
311.23561781,0.015829643
311.25562781,0.015830165
311.27563782,0.01583072
311.29564782,0.015831325
311.31565783,0.015831938
311.33566783,0.015832605
311.35567784,0.0158333
311.37568784,0.015834
311.39569785,0.015834726
311.41570785,0.015835458
311.43571786,0.015836239
311.45572786,0.015837029
311.47573787,0.015837824
311.49574787,0.015838647
311.51575788,0.015839484
311.53576788,0.015840327
311.55577789,0.015841186
311.57578789,0.015842048
311.5957979,0.015842937
311.6158079,0.015843827
311.63581791,0.015844706
311.65582791,0.015845586
311.67583792,0.015846478
311.69584792,0.015847387
311.71585793,0.015848266
311.73586793,0.015849127
311.75587794,0.015850026
311.77588794,0.01585089
311.79589795,0.015851784
311.81590795,0.015852623
311.83591796,0.015853476
311.85592796,0.015854299
311.87593797,0.015855126
311.89594797,0.015855908
311.91595798,0.015856724
311.93596798,0.015857508
311.95597799,0.015858257
311.97598799,0.015858995
311.995998,0.015859714
312.016008,0.015860397
312.03601801,0.01586109
312.05602801,0.015861718
312.07603802,0.015862318
312.09604802,0.015862906
312.11605803,0.01586348
312.13606803,0.015863992
312.15607804,0.015864499
312.17608804,0.015864966
312.19609805,0.015865378
312.21610805,0.015865751
312.23611806,0.015866125
312.25612806,0.015866438
312.27613807,0.015866725
312.29614807,0.015866973
312.31615808,0.015867146
312.33616808,0.015867323
312.35617809,0.015867418
312.37618809,0.015867481
312.3961981,0.015867494
312.4162081,0.015867459
312.43621811,0.015867384
312.45622811,0.015867261
312.47623812,0.015867077
312.49624812,0.01586685
312.51625813,0.01586657
312.53626813,0.015866231
312.55627814,0.015865823
312.57628814,0.015865384
312.59629815,0.015864879
312.61630815,0.015864307
312.63631816,0.015863689
312.65632816,0.015863013
312.67633817,0.015862249
312.69634817,0.015861461
312.71635818,0.01586058
312.73636818,0.015859647
312.75637819,0.015858641
312.77638819,0.015857577
312.7963982,0.015856447
312.8164082,0.015855242
312.83641821,0.015853995
312.85642821,0.015852632
312.87643822,0.015851224
312.89644822,0.015849741
312.91645823,0.015848197
312.93646823,0.01584658
312.95647824,0.015844883
312.97648824,0.015843112
312.99649825,0.015841246
313.01650825,0.015839342
313.03651826,0.015837336
313.05652826,0.015835257
313.07653827,0.015833082
313.09654827,0.01583086
313.11655828,0.015828542
313.13656828,0.015826156
313.15657829,0.015823668
313.17658829,0.015821103
313.1965983,0.01581848
313.2166083,0.015815744
313.23661831,0.015812958
313.25662831,0.015810044
313.27663832,0.015807087
313.29664832,0.015804017
313.31665833,0.015800862
313.33666833,0.015797632
313.35667834,0.015794301
313.37668834,0.01579091
313.39669835,0.015787413
313.41670835,0.015783818
313.43671836,0.015780121
313.45672836,0.015776349
313.47673837,0.015772512
313.49674837,0.015768543
313.51675838,0.015764516
313.53676838,0.015760375
313.55677839,0.015756145
313.57678839,0.015751813
313.5967984,0.015747417
313.6168084,0.015742905
313.63681841,0.015738295
313.65682841,0.01573362
313.67683842,0.0157288
313.69684842,0.015723918
313.71685843,0.015718939
313.73686843,0.01571385
313.75687844,0.015708691
313.77688844,0.015703408
313.79689845,0.015698032
313.81690845,0.015692566
313.83691846,0.015687007
313.85692846,0.015681334
313.87693847,0.015675575
313.89694847,0.015669696
313.91695848,0.015663736
313.93696848,0.015657673
313.95697849,0.015651502
313.97698849,0.015645253
313.9969985,0.015638888
314.0170085,0.015632425
314.03701851,0.015625851
314.05702851,0.015619201
314.07703852,0.015612431
314.09704852,0.015605576
314.11705853,0.015598604
314.13706853,0.015591526
314.15707854,0.015584354
314.17708854,0.015577096
314.19709855,0.015569712
314.21710855,0.015562244
314.23711856,0.015554656
314.25712856,0.015546972
314.27713857,0.015539191
314.29714857,0.015531304
314.31715858,0.015523314
314.33716858,0.015515218
314.35717859,0.015507031
314.37718859,0.015498732
314.3971986,0.015490332
314.4172086,0.015481824
314.43721861,0.015473234
314.45722861,0.015464518
314.47723862,0.015455717
314.49724862,0.015446815
314.51725863,0.015437791
314.53726863,0.015428661
314.55727864,0.015419445
314.57728864,0.015410124
314.59729865,0.015400708
314.61730865,0.01539117
314.63731866,0.015381547
314.65732866,0.015371825
314.67733867,0.015361973
314.69734867,0.01535204
314.71735868,0.015342
314.73736868,0.01533186
314.75737869,0.015321629
314.77738869,0.015311281
314.7973987,0.015300842
314.8174087,0.015290287
314.83741871,0.015279638
314.85742871,0.0152689
314.87743872,0.015258049
314.89744872,0.015247089
314.91745873,0.015236055
314.93746873,0.015224896
314.95747874,0.015213648
314.97748874,0.015202309
314.99749875,0.015190861
315.01750875,0.015179323
315.03751876,0.015167673
315.05752876,0.015155927
315.07753877,0.015144091
315.09754877,0.015132149
315.11755878,0.015120108
315.13756878,0.015107974
315.15757879,0.015095754
315.17758879,0.015083427
315.1975988,0.015070993
315.2176088,0.015058469
315.23761881,0.015045851
315.25762881,0.015033144
315.27763882,0.015020337
315.29764882,0.015007429
315.31765883,0.014994429
315.33766883,0.014981328
315.35767884,0.014968156
315.37768884,0.014954879
315.39769885,0.014941508
315.41770885,0.014928047
315.43771886,0.014914485
315.45772886,0.014900847
315.47773887,0.014887096
315.49774887,0.014873266
315.51775888,0.014859354
315.53776888,0.014845339
315.55777889,0.014831247
315.57778889,0.014817046
315.5977989,0.014802768
315.6178089,0.014788412
315.63781891,0.014773946
315.65782891,0.014759416
315.67783892,0.014744777
315.69784892,0.01473007
315.71785893,0.014715268
315.73786893,0.014700379
315.75787894,0.014685422
315.77788894,0.014670352
315.79789895,0.014655224
315.81790895,0.01464
315.83791896,0.014624691
315.85792896,0.014609304
315.87793897,0.014593824
315.89794897,0.014578281
315.91795898,0.014562649
315.93796898,0.014546926
315.95797899,0.014531146
315.97798899,0.014515277
315.997999,0.014499332
316.018009,0.014483302
316.03801901,0.014467191
316.05802901,0.014451016
316.07803902,0.014434754
316.09804902,0.014418421
316.11805903,0.014402015
316.13806903,0.014385516
316.15807904,0.014368985
316.17808904,0.014352354
316.19809905,0.01433565
316.21810905,0.014318876
316.23811906,0.014302045
316.25812906,0.014285117
316.27813907,0.014268138
316.29814907,0.014251085
316.31815908,0.014233952
316.33816908,0.014216767
316.35817909,0.01419952
316.37818909,0.014182188
316.3981991,0.014164812
316.4182091,0.014147351
316.43821911,0.014129828
316.45822911,0.014112243
316.47823912,0.014094598
316.49824912,0.014076892
316.51825913,0.01405912
316.53826913,0.014041287
316.55827914,0.014023387
316.57828914,0.014005451
316.59829915,0.013987437
316.61830915,0.013969349
316.63831916,0.013951227
316.65832916,0.013933043
316.67833917,0.01391481
316.69834917,0.01389651
316.71835918,0.013878155
316.73836918,0.013859741
316.75837919,0.013841297
316.77838919,0.013822787
316.7983992,0.01380422
316.8184092,0.013785603
316.83841921,0.013766937
316.85842921,0.013748224
316.87843922,0.013729466
316.89844922,0.013710662
316.91845923,0.0136918
316.93846923,0.013672892
316.95847924,0.01365394
316.97848924,0.013634962
316.99849925,0.0136159
317.01850925,0.013596818
317.03851926,0.013577697
317.05852926,0.013558534
317.07853927,0.013539324
317.09854927,0.013520082
317.11855928,0.013500787
317.13856928,0.013481456
317.15857929,0.013462094
317.17858929,0.013442698
317.1985993,0.01342325
317.2186093,0.013403773
317.23861931,0.013384251
317.25862931,0.013364719
317.27863932,0.013345148
317.29864932,0.013325529
317.31865933,0.013305889
317.33866933,0.01328622
317.35867934,0.013266518
317.37868934,0.013246783
317.39869935,0.013227022
317.41870935,0.013207245
317.43871936,0.013187424
317.45872936,0.013167582
317.47873937,0.01314773
317.49874937,0.013127824
317.51875938,0.013107905
317.53876938,0.013087981
317.55877939,0.013068024
317.57878939,0.01304804
317.5987994,0.013028038
317.6188094,0.013008025
317.63881941,0.012987985
317.65882941,0.012967941
317.67883942,0.012947865
317.69884942,0.012927779
317.71885943,0.012907687
317.73886943,0.012887558
317.75887944,0.012867429
317.77888944,0.012847277
317.79889945,0.012827127
317.81890945,0.012806956
317.83891946,0.01278678
317.85892946,0.012766605
317.87893947,0.012746408
317.89894947,0.012726214
317.91895948,0.012706011
317.93896948,0.012685794
317.95897949,0.012665573
317.97898949,0.012645343
317.9989995,0.012625119
318.0190095,0.012604897
318.03901951,0.012584658
318.05902951,0.012564434
318.07903952,0.012544197
318.09904952,0.012523962
318.11905953,0.012503731
318.13906953,0.012483514
318.15907954,0.01246328
318.17908954,0.012443059
318.19909955,0.012422856
318.21910955,0.012402643
318.23911956,0.01238243
318.25912956,0.012362242
318.27913957,0.012342053
318.29914957,0.012321868
318.31915958,0.012301708
318.33916958,0.012281539
318.35917959,0.012261407
318.37918959,0.01224129
318.3991996,0.012221157
318.4192096,0.012201053
318.43921961,0.012180966
318.45922961,0.012160881
318.47923962,0.012140828
318.49924962,0.012120795
318.51925963,0.012100781
318.53926963,0.012080761
318.55927964,0.012060776
318.57928964,0.012040821
318.59929965,0.012020887
318.61930965,0.012000968
318.63931966,0.011981074
318.65932966,0.011961202
318.67933967,0.011941362
318.69934967,0.011921545
318.71935968,0.011901745
318.73936968,0.011881986
318.75937969,0.011862244
318.77938969,0.01184253
318.7993997,0.011822867
318.8194097,0.011803216
318.83941971,0.011783603
318.85942971,0.011764016
318.87943972,0.011744467
318.89944972,0.011724951
318.91945973,0.011705464
318.93946973,0.01168603
318.95947974,0.011666619
318.97948974,0.011647242
318.99949975,0.011627912
319.01950975,0.011608607
319.03951976,0.011589366
319.05952976,0.011570139
319.07953977,0.011550977
319.09954977,0.01153183
319.11955978,0.011512747
319.13956978,0.011493701
319.15957979,0.011474699
319.17958979,0.011455745
319.1995998,0.011436836
319.2196098,0.011417971
319.23961981,0.011399154
319.25962981,0.011380381
319.27963982,0.011361664
319.29964982,0.011342995
319.31965983,0.011324367
319.33966983,0.011305793
319.35967984,0.011287286
319.37968984,0.011268823
319.39969985,0.011250419
319.41970985,0.011232063
319.43971986,0.011213752
319.45972986,0.011195511
319.47973987,0.011177321
319.49974987,0.011159188
319.51975988,0.011141115
319.53976988,0.011123117
319.55977989,0.011105148
319.57978989,0.011087273
319.5997999,0.011069421
319.6198099,0.011051648
319.63981991,0.011033939
319.65982991,0.01101629
319.67983992,0.010998712
319.69984992,0.010981197
319.71985993,0.010963746
319.73986993,0.010946346
319.75987994,0.010929027
319.77988994,0.010911781
319.79989995,0.010894598
319.81990995,0.010877489
319.83991996,0.010860438
319.85992996,0.010843455
319.87993997,0.010826549
319.89994997,0.010809724
319.91995998,0.010792951
319.93996998,0.010776264
319.95997999,0.010759649
319.97998999,0.010743116
320,0.010726645
