sam_th,energy,polarization,scan,q,R,R_err
1.0,250.0,100.0,0.0,0.004422204808653363,0.9089698852101674,0.9109105955013568
1.0,284.0,100.0,1.0,0.00502362466263022,0.32928495198235963,0.33690182305909294
1.0,284.2,100.0,8.0,0.005027162426477143,0.17629193579648153,0.18218079862338535
1.0,284.6,100.0,9.0,0.005034237954170988,0.10890726004215252,0.11325173780840551
1.0,285.0,100.0,2.0,0.005041313481864833,0.4700741276112446,0.47692342834674645
1.0,285.5,100.0,3.0,0.00505015789148214,0.6551012225609075,0.6613578380376129
1.0,286.0,100.0,4.0,0.005059002301099447,0.6031903636606062,0.6094182835135333
1.0,286.5,100.0,5.0,0.005067846710716754,0.22173129648121687,0.22883123504890376
1.0,287.7,100.0,6.0,0.00508907329379829,0.3224808328288687,0.3300753906905832
1.0,288.6,100.0,7.0,0.005104993231109442,0.5470860287648833,0.5530864582781028
1.208,285.0,100.0,2.0,0.0060897646880661545,0.4594514981916022,0.4661460199694391
1.208,285.5,100.0,3.0,0.006100448485764516,0.5407330367828374,0.5458973664622662
1.208,286.0,100.0,4.0,0.006111132283462878,0.5888782663213229,0.5949584142592357
1.208,286.5,100.0,5.0,0.00612181608116124,0.16069979780825502,0.16584547958789037
1.208,287.7,100.0,6.0,0.006147457195637308,0.2590202750052932,0.26512031031166694
1.208,288.6,100.0,7.0,0.006166688031494359,0.5099239668836906,0.5155168035848848
1.218,284.0,100.0,1.0,0.006118624631585059,0.34433741483588004,0.3523024726981083
1.218,284.2,100.0,8.0,0.006122933522170683,0.17583398315130921,0.1817075485098606
1.218,284.6,100.0,9.0,0.00613155130334193,0.12726045875422204,0.13233707378766316
1.25,250.0,100.0,0.0,0.005527598147953293,0.9471620622877511,0.9491843153806365
1.416,285.0,100.0,2.0,0.007138135637541364,0.40836084142886214,0.4143109374823552
1.416,285.5,100.0,3.0,0.007150658682519506,0.4853094679469147,0.48994446880415404
1.416,286.0,100.0,4.0,0.007163181727497649,0.4352154190508342,0.4397090033517462
1.416,286.5,100.0,5.0,0.007175704772475791,0.1224541847797315,0.12637522435821935
1.416,287.7,100.0,6.0,0.007205760080423334,0.21189542522641266,0.21688565070244453
1.416,288.6,100.0,7.0,0.007228301561383992,0.44450479319990216,0.44938011360591906
1.434,284.0,100.0,1.0,0.0072034914152873985,0.27648030266298146,0.2828757203945302
1.434,284.2,100.0,8.0,0.00720856429656577,0.1538973302622861,0.1590381227962541
1.434,284.6,100.0,9.0,0.007218710059122514,0.13216878428679366,0.13744119995958182
1.5,250.0,100.0,0.0,0.0066328862497523474,0.9511530437548531,0.953183817854794
1.6239999999999999,285.0,100.0,2.0,0.008186412513858387,0.34593695053401646,0.350977487910048
1.6239999999999999,285.5,100.0,3.0,0.008200774641075681,0.4564550466273849,0.4608144701955247
1.6239999999999999,286.0,100.0,4.0,0.008215136768292977,0.42917568560478186,0.4336069098646501
1.6239999999999999,286.5,100.0,5.0,0.008229498895510272,0.08745073320260718,0.09025094608771195
1.6239999999999999,287.7,100.0,6.0,0.00826396800083178,0.18421597249350657,0.18855433533473745
1.6239999999999999,288.6,100.0,7.0,0.008289819829822914,0.3877101584007467,0.3919625562956354
1.652,284.0,100.0,1.0,0.008298299409697497,0.2746424498428673,0.2809953551914342
1.652,284.2,100.0,8.0,0.008304143282521227,0.1277002754026242,0.1319659804753284
1.652,284.6,100.0,9.0,0.008315831028168689,0.16103801995522163,0.16746207375058914
1.75,250.0,100.0,0.0,0.007738048070958305,0.961164176591107,0.9632163251159193
1.834,285.0,100.0,2.0,0.009244659481187955,0.30525027558708406,0.309697980351682
1.834,285.5,100.0,3.0,0.009260878182032143,0.38587961271499693,0.38956499792557525
1.834,286.0,100.0,4.0,0.009277096882876333,0.414358622293964,0.41863686088245067
1.834,286.5,100.0,5.0,0.009293315583720523,0.07185017834235106,0.07415085425235395
1.834,287.7,100.0,6.0,0.009332240465746577,0.1305997811170189,0.13367546033094227
1.834,288.6,100.0,7.0,0.00936143412726612,0.353738721186013,0.3576185209816047
1.8699999999999999,284.0,100.0,1.0,0.009392987272773809,0.20022734089965882,0.2048589094924184
1.8699999999999999,284.2,100.0,8.0,0.009399602052543369,0.15754111882879515,0.16280362862079578
1.8699999999999999,284.6,100.0,9.0,0.009412831612082487,0.17138489137110563,0.1782216977488004
2.0,250.0,100.0,0.0,0.008843062570883149,0.941287853982094,0.9432975652551712
2.042,285.0,100.0,2.0,0.010292705529775027,0.26111990087975295,0.26492459597803103
2.042,285.5,100.0,3.0,0.01031076290789744,0.3301062107123913,0.3332589259810729
2.042,286.0,100.0,4.0,0.010328820286019853,0.35544781687323934,0.35911780341272925
2.042,286.5,100.0,5.0,0.010346877664142265,0.044379431990630276,0.04580048190916988
2.042,287.7,100.0,6.0,0.010390215371636055,0.11454319360408423,0.11724073349772939
2.042,288.6,100.0,7.0,0.010422718652256397,0.32263960403918424,0.32617830928921754
2.088,284.0,100.0,1.0,0.010487539157135257,0.18038749557813358,0.18456013781216757
2.088,284.2,100.0,8.0,0.010494924748090986,0.15032566022257582,0.15534714454864543
2.088,284.6,100.0,9.0,0.010509695930002446,0.18018402433458924,0.18737184163210113
2.25,250.0,100.0,0.0,0.009947908711643645,0.8460094862991272,0.8478157720113594
2.25,285.0,100.0,2.0,0.011340615931273754,0.2220639726447554,0.22529959622372855
2.25,285.5,100.0,3.0,0.011360511748697042,0.3125236866206608,0.3155084780806799
2.25,286.0,100.0,4.0,0.01138040756612033,0.2956944558707968,0.2987474910037559
2.25,286.5,100.0,5.0,0.011400303383543618,0.04974339408300319,0.05133620054624182
2.25,287.7,100.0,6.0,0.011448053345359506,0.09069270201199384,0.09282855289969862
2.25,288.6,100.0,7.0,0.011483865816721424,0.30391268349091727,0.3072459922204011
2.304,284.0,100.0,1.0,0.011571899587683038,0.1996894327571864,0.20430855870126838
2.304,284.2,100.0,8.0,0.011580048812744785,0.152168288582285,0.15725132413928453
2.304,284.6,100.0,9.0,0.011596347262868286,0.19510846477853516,0.20289164091307402
2.458,285.0,100.0,2.0,0.012388376875321601,0.1855042712202055,0.18820719500748967
2.458,285.5,100.0,3.0,0.01241011086983971,0.23250730049571056,0.23472788675723782
2.458,286.0,100.0,4.0,0.012431844864357819,0.24473828294548355,0.24726519733761249
2.458,286.5,100.0,5.0,0.012453578858875925,0.05278213806882239,0.054472246518585385
2.458,287.7,100.0,6.0,0.012505740445719385,0.07150495468764444,0.07318892613801206
2.458,288.6,100.0,7.0,0.01254486163585198,0.24327944680681748,0.2459477313102163
2.5,250.0,100.0,0.0,0.011052565458561871,0.8947572761036945,0.8966676415427535
2.522,284.0,100.0,1.0,0.01266613359080885,0.18098815967056114,0.18517469619561847
2.522,284.2,100.0,8.0,0.012675053403196742,0.1644320440644199,0.16992473859674745
2.522,284.6,100.0,9.0,0.012692893027972533,0.19664105407805726,0.20448536755214533
2.666,285.0,100.0,2.0,0.013435974553525725,0.1881918146840087,0.19093389781306916
2.666,285.5,100.0,3.0,0.01345954643870735,0.20626072641872684,0.2082306419198812
2.666,286.0,100.0,4.0,0.013483118323888973,0.18275512838334293,0.18464206882678025
2.666,286.5,100.0,5.0,0.013506690209070598,0.049608825605773295,0.05119732312419159
2.666,287.7,100.0,6.0,0.013563262733506495,0.0722707469158076,0.07397275309194735
2.666,288.6,100.0,7.0,0.01360569212683342,0.24236242641574493,0.2450206530563406
2.74,284.0,100.0,1.0,0.013760184231121743,0.18418423055041822,0.1884446971463683
2.74,284.2,100.0,8.0,0.01376987450170704,0.1835236210712306,0.18965405140034566
2.74,284.6,100.0,9.0,0.013789255042877636,0.21111101993565398,0.2195325625579406
2.75,250.0,100.0,0.0,0.012157011780565694,0.8176628528126784,0.8194086166041926
2.876,285.0,100.0,2.0,0.014493465607247694,0.15143168628927686,0.15363814926895653
2.876,285.5,100.0,3.0,0.014518892739891986,0.18190416009940713,0.18364145556484068
2.876,286.0,100.0,4.0,0.014544319872536283,0.1335720101333621,0.13495113656478666
2.876,286.5,100.0,5.0,0.014569747005180576,0.06451463158358671,0.06658041989687168
2.876,287.7,100.0,6.0,0.014630772123526882,0.06028287792353409,0.06170256479436249
2.876,288.6,100.0,7.0,0.014676540962286613,0.20356336945627385,0.20579604875289825
2.956,284.0,100.0,1.0,0.014844001289306144,0.16252894524804848,0.16628849154598607
2.956,284.2,100.0,8.0,0.014854454811340866,0.17400397553378982,0.17981641124518477
2.956,284.6,100.0,9.0,0.014875361855410314,0.17624776944504233,0.18327856349320132
3.0,250.0,100.0,0.0,0.013261226650589176,0.8106491659728136,0.8123799550831521
3.084,285.0,100.0,2.0,0.015540693435033393,0.12729845701600684,0.12915328238088855
3.084,285.5,100.0,3.0,0.01556795780948082,0.17587067379609497,0.17755034579436996
3.084,286.0,100.0,4.0,0.015595222183928246,0.07789241955296328,0.07869665611798801
3.084,286.5,100.0,5.0,0.015622486558375673,0.059751533389542616,0.06166480509779145
3.084,287.7,100.0,6.0,0.015687921057049498,0.055448367174709766,0.05675419930479917
3.084,288.6,100.0,7.0,0.015736996931054868,0.18442341079797822,0.1864461633796501
3.174,284.0,100.0,1.0,0.015937639737181018,0.14766026767653936,0.15107587842728024
3.174,284.2,100.0,8.0,0.015948863427136778,0.15987415317073614,0.16521459573457953
3.174,284.6,100.0,9.0,0.015971310807048302,0.1655347935012659,0.1721382304955414
3.25,250.0,100.0,0.0,0.014365189045972874,0.8535844926139714,0.8554069514612549
3.292,285.0,100.0,2.0,0.01658771645274177,0.11069034944138575,0.11230318334844315
3.292,285.5,100.0,3.0,0.016616817709676403,0.12693037676350558,0.1281426391320875
3.292,286.0,100.0,4.0,0.01664591896661104,0.04419870694668638,0.04465505708264754
3.292,286.5,100.0,5.0,0.016675020223545674,0.057213509318997435,0.05904551232377433
3.292,287.7,100.0,6.0,0.016744863240188798,0.052403090603836716,0.053637205202935086
3.292,288.6,100.0,7.0,0.01679724550267114,0.15574568220443616,0.15745389798571985
3.392,284.0,100.0,1.0,0.017031047461889066,0.14480935452143542,0.14815901923418498
3.392,284.2,100.0,8.0,0.017043041157284763,0.13796634769243252,0.14257498105174624
3.392,284.6,100.0,9.0,0.01706702854807616,0.1363423759047674,0.14178128255329664
3.5,250.0,100.0,0.0,0.015468877948864111,0.801064635937544,0.8027749614479566
3.5,285.0,100.0,2.0,0.017634520861705087,0.10076010410055362,0.10222824755833591
3.5,285.5,100.0,3.0,0.017665458617602815,0.10121536736836485,0.10218203574288229
3.5,286.0,100.0,4.0,0.017696396373500546,0.017381609593218703,0.017561074117161835
3.5,286.5,100.0,5.0,0.01772733412939827,0.053983865865480034,0.055712454194568835
3.5,287.7,100.0,6.0,0.01780158474355282,0.0573163276564909,0.05866615103355717
3.5,288.6,100.0,7.0,0.01785727270416873,0.13482473353042113,0.13630348873097764
3.608,284.0,100.0,1.0,0.018114180801327838,0.1178018832014649,0.12052682326185984
3.608,284.2,100.0,8.0,0.01812693726668089,0.09017880887238178,0.09319114538649266
3.608,284.6,100.0,9.0,0.018152450197386986,0.10771300182357929,0.1120098387964109
3.708,285.0,100.0,2.0,0.018681092866136634,0.07635356532249005,0.07746608885953105
3.708,285.5,100.0,3.0,0.018713866713270206,0.09483204789836969,0.09573775168602129
3.708,286.0,100.0,4.0,0.01874664056040378,0.002062417198346662,0.0020837115853071086
3.708,286.5,100.0,5.0,0.018779414407537352,0.04944296213383878,0.051026148627245964
3.708,287.7,100.0,6.0,0.01885807164065793,0.04618013413292221,0.04726769551651716
3.708,288.6,100.0,7.0,0.01891706456549836,0.1279736059805897,0.1293772181400387
3.75,250.0,100.0,0.0,0.01657227234661711,0.7408406694670272,0.7424224128611263
3.826,284.0,100.0,1.0,0.019207082075771386,0.06589823002072813,0.06742255817247342
3.826,284.2,100.0,8.0,0.019220608189909255,0.0601684869082337,0.06217835743523269
3.826,284.6,100.0,9.0,0.019247660418184993,0.07890941248429065,0.08205723006737371
3.916,285.0,100.0,2.0,0.01972741867331255,0.06870089918827078,0.06970191815889792
3.916,285.5,100.0,3.0,0.01976202817975696,0.07520504426108912,0.07592329821581517
3.916,286.0,100.0,4.0,0.01979663768620137,0.0017446858005270938,0.001762699621683455
3.916,286.5,100.0,5.0,0.019831247192645778,0.03768856212278122,0.03889536729653289
3.916,287.7,100.0,6.0,0.019914310008112356,0.044426684638529966,0.04547295155657191
3.916,288.6,100.0,7.0,0.019976607119712293,0.10840924119088864,0.10959827175673242
4.0,250.0,100.0,0.0,0.017675351232193045,0.6005444798907298,0.6018266817231606
4.044,284.0,100.0,1.0,0.02029970529657117,0.03476679627513553,0.03557100613466457
4.044,284.2,100.0,8.0,0.020314000863681434,0.03751786060390252,0.038771108709989115
4.044,284.6,100.0,9.0,0.02034259199790196,0.06299270252681559,0.0655055781189296
4.124,285.0,100.0,2.0,0.020773484493753602,0.058624888778215416,0.05947909340306433
4.124,285.5,100.0,3.0,0.020809929203391767,0.059875990957342695,0.0604478431212607
4.124,286.0,100.0,4.0,0.02084637391302993,0.0037333439243799273,0.00377189057257793
4.124,286.5,100.0,5.0,0.020882818622668095,0.02589347861860764,0.026722599768455795
4.124,287.7,100.0,6.0,0.02097028592579969,0.03876196923113625,0.03967482974311614
4.124,288.6,100.0,7.0,0.021035886403148386,0.0892958079158059,0.09027520269661293
4.25,250.0,100.0,0.0,0.018778093604559988,0.5300904659887176,0.5312222438829519
4.26,284.0,100.0,1.0,0.021382014659418636,0.02029258467477289,0.020761983596135444
4.26,284.2,100.0,8.0,0.021397072416221043,0.030992936891781647,0.032028226186972604
4.26,284.6,100.0,9.0,0.021427187929825862,0.060018418845041215,0.06241264569582249
4.334,285.0,100.0,2.0,0.021829330860484882,0.051874144009814854,0.052629985677862985
4.334,285.5,100.0,3.0,0.021867627932169943,0.06582769807883286,0.06645639266893894
4.334,286.0,100.0,4.0,0.021905925003855006,0.0019687999114891106,0.0019891277031679963
4.334,286.5,100.0,5.0,0.021944222075540067,0.023790454974456764,0.024552236335484767
4.334,287.7,100.0,6.0,0.022036135047584213,0.04004663937090526,0.040989754399484185
4.334,288.6,100.0,7.0,0.022105069776617324,0.07944352272246427,0.08031485782026268
4.478,284.0,100.0,1.0,0.022474037237709053,0.030961096167143,0.031677274287278005
4.478,284.2,100.0,8.0,0.02248986402449617,0.040956111369035014,0.04232421094027165
4.478,284.6,100.0,9.0,0.022521517598070414,0.060664782701182335,0.06308479399829738
4.5,250.0,100.0,0.0,0.01988047846909274,0.3886014725280894,0.3894311621461698
4.542,285.0,100.0,2.0,0.022874832521064713,0.047501191933118136,0.048193316706072645
4.542,285.5,100.0,3.0,0.02291496380618939,0.05356082080553252,0.054072359250060126
4.542,286.0,100.0,4.0,0.022955095091314066,0.0035149035883789742,0.003551194847586668
4.542,286.5,100.0,5.0,0.02299522637643874,0.030324849868782696,0.03129586557364475
4.542,287.7,100.0,6.0,0.02309154146073796,0.03410280343175115,0.034905938649547344
4.542,288.6,100.0,7.0,0.023163777773962373,0.06780266883248524,0.06854632725866731
4.696,284.0,100.0,1.0,0.02356573446788467,0.047875277512511326,0.7161049838029562
4.696,284.2,100.0,8.0,0.02358233005553811,0.059712699443740046,0.6219450507690151
4.696,284.6,100.0,9.0,0.023615521230844993,0.059588839013445284,0.6323922182117718
4.75,250.0,100.0,0.0,0.020982484837972534,0.22395290297732096,0.7435249480016818
4.75,285.0,100.0,2.0,0.023920032715288687,0.03412805779962494,0.665206108347159
4.75,285.5,100.0,3.0,0.023961997684964636,0.04550227056381767,0.48528975402097174
4.75,286.0,100.0,4.0,0.02400396265464058,0.004620913993450569,0.05385787773623337
4.75,286.5,100.0,5.0,0.024045927624316524,0.04035085948525605,0.3231871393558214
4.75,287.7,100.0,6.0,0.024146643551538793,0.02953797516745497,0.368392563778285
4.75,288.6,100.0,7.0,0.024222180496955497,0.061727776680118245,0.8572830526055905
4.912,284.0,100.0,1.0,0.024647079702994103,0.06978723300767348,0.648893393433757
4.912,284.2,100.0,8.0,0.024664436801376494,0.07082674732044307,0.46704755593453234
4.912,284.6,100.0,9.0,0.024699150998141278,0.05195592887113442,0.34481864311788374
4.958,285.0,100.0,2.0,0.02496491766851198,0.025865585632103626,0.3127990271017563
4.958,285.5,100.0,3.0,0.02500871576968481,0.03803075789475688,0.25631967835700525
4.958,286.0,100.0,4.0,0.025052513870857638,0.011841579569311991,0.09196706139993013
4.958,286.5,100.0,5.0,0.025096311972030463,0.047129122318240506,0.251610361972631
4.958,287.7,100.0,6.0,0.02520142741484525,0.02580533587875883,0.19931547360885812
4.958,288.6,100.0,7.0,0.025280263996956345,0.051969124815835654,0.4505523695798281
5.0,250.0,100.0,0.0,0.022084091730586616,0.09851909110493313,0.32584132287878026
5.13,284.0,100.0,1.0,0.025738082176194284,0.07669548087678754,0.7186067867743925
5.13,284.2,100.0,8.0,0.02575620758617752,0.0745177343503823,0.5051721379146273
5.13,284.6,100.0,9.0,0.025792458406143994,0.03771692681040735,0.25716105238965487
5.166,285.0,100.0,2.0,0.02600947361024429,0.017354659509534798,0.24817154907934355
5.166,285.5,100.0,3.0,0.02605510426570086,0.032212556501162004,0.2392778723689148
5.166,286.0,100.0,4.0,0.026100734921157432,0.024088806548214832,0.17915906984095842
5.166,286.5,100.0,5.0,0.026146365576613997,0.046591972801731746,0.22711626037195795
5.166,287.7,100.0,6.0,0.026255879149709765,0.020083843418540692,0.1525752130519983
5.166,288.6,100.0,7.0,0.02633801432953159,0.04677370782405857,0.4121265083174314
5.25,250.0,100.0,0.0,0.023185278173927678,0.03775760948749508,0.2127189673860824
5.348,284.0,100.0,1.0,0.02682871204893885,0.07291324245151556,0.6788347696006158
5.348,284.2,100.0,8.0,0.026847605508128244,0.0597959987755519,0.3980843942142583
5.348,284.6,100.0,9.0,0.026885392426507036,0.024864130607034914,0.1700850274778251
5.376,285.0,100.0,2.0,0.027063725576959446,0.01704616115250674,0.1894457650954478
5.376,285.5,100.0,3.0,0.027111205797269902,0.03666275401853303,0.2480476027010986
5.376,286.0,100.0,4.0,0.02715868601758036,0.03500441492810942,0.27896512874544827
5.376,286.5,100.0,5.0,0.02720616623789081,0.04067608388452704,0.2074909428117668
5.376,287.7,100.0,6.0,0.027320118766635905,0.01253473431676868,0.10174183744363079
5.376,288.6,100.0,7.0,0.027405583163194726,0.03953700211112788,0.332646787106032
5.5,250.0,100.0,0.0,0.024286023202993164,0.025823906413503163,0.1454868245293581
5.566,284.0,100.0,1.0,0.027918953532592706,0.05218215265598742,0.48080708930334737
5.566,284.2,100.0,8.0,0.027938614767474813,0.04391605952898851,0.29206332645874333
5.566,284.6,100.0,9.0,0.027977937237239032,0.01196834802497956,0.08091247748972115
5.584,285.0,100.0,2.0,0.028107578706719375,0.011492141039548388,0.1254421936471931
5.584,285.5,100.0,3.0,0.02815689024831011,0.029173884587786966,0.20690279833663475
5.584,286.0,100.0,4.0,0.028206201789900846,0.03727618322667958,0.2629675548618285
5.584,286.5,100.0,5.0,0.02825551333149158,0.03000168163546343,0.15963475208550454
5.584,287.7,100.0,6.0,0.028373861031309348,0.007317466806770905,0.058878590114530276
5.584,288.6,100.0,7.0,0.028462621806172674,0.031047350153743825,0.2717297009324614
5.75,250.0,100.0,0.0,0.025386305861184417,0.015826734222376657,0.08916471690277246
5.782,284.0,100.0,1.0,0.028998794221280013,0.03597544068610185,0.3567282103102733
5.782,284.2,100.0,8.0,0.029019215907351337,0.024681904349224463,0.1653841459721022
5.782,284.6,100.0,9.0,0.02906005927949399,0.0054886435265414524,0.03708630770491324
5.792,285.0,100.0,2.0,0.0291510614080044,0.013867732657162204,0.15239495765081948
5.792,285.5,100.0,3.0,0.0292022036210009,0.029650877172425736,0.19667909074749365
5.792,286.0,100.0,4.0,0.0292533458339974,0.03307585587429268,0.2597789315624417
5.792,286.5,100.0,5.0,0.0293044880469939,0.01873484307701026,0.09374064503016016
5.792,287.7,100.0,6.0,0.029427229358185494,0.0036869517486798347,0.02912613054996857
5.792,288.6,100.0,7.0,0.029519285341579195,0.02663269930912565,0.22622433300410505
6.0,250.0,100.0,0.0,0.026486105200705646,0.004143646900691637,0.023344494047473706
6.0,284.0,100.0,1.0,0.030088215508001614,0.018152770922165298,0.18669504025617045
6.0,284.2,100.0,8.0,0.030109404392162177,0.010527402807963368,0.07380745422092143
6.0,284.6,100.0,9.0,0.030151782160483313,0.0013787444663351158,0.014904100933588673
6.0,285.0,100.0,2.0,0.030194159928804438,0.013818597944196081,0.11732216512278099
6.0,285.5,100.0,3.0,0.03024713213920585,0.022169864457949065,0.15474767092697883
6.0,286.0,100.0,4.0,0.030300104349607265,0.0214347423409387,0.15324738540221158
6.0,286.5,100.0,5.0,0.03035307656000867,0.009094834843754451,0.0484310786594004
6.0,287.7,100.0,6.0,0.03048020986497206,0.003235649060131145,0.019764160016050095
6.0,288.6,100.0,7.0,0.030575559843694602,0.020837681433602793,0.18834054435709444
6.222,284.0,100.0,1.0,0.031197178439699023,0.007073266769973856,0.12531946140145814
6.222,284.2,100.0,8.0,0.031219148283670645,0.0038160725127323455,0.04706230164378948
6.222,284.6,100.0,9.0,0.03126308797161389,0.0012355570337517416,0.015322880832982206
6.222,285.0,100.0,2.0,0.03130702765955712,0.00804333799540938,0.18395538724285723
6.222,285.5,100.0,3.0,0.03136195226948617,0.01680329810106369,0.2159133293186301
6.222,286.0,100.0,4.0,0.03141687687941522,0.009264568604830678,0.13073212218573294
6.222,286.5,100.0,5.0,0.03147180148934427,0.0024493213408056575,0.022649938624145577
6.222,287.7,100.0,6.0,0.03160362055317398,0.002813374135028797,0.04067842126357532
6.222,288.6,100.0,7.0,0.031702484851046264,0.018854368282656107,0.30810028333864187
6.25,250.0,100.0,0.0,0.027585400282962753,0.0017593026118117262,0.009911565906421366
6.444,284.0,100.0,1.0,0.03230567301607639,0.002382001859736484,0.042202733168022616
6.444,284.2,100.0,8.0,0.03232842349003137,0.0025757243069628156,0.031765516478283656
6.444,284.6,100.0,9.0,0.03237392443794135,0.0015209461498410745,0.018862161738201537
6.444,285.0,100.0,2.0,0.03241942538585131,0.008418386616640407,0.19253294725498526
6.444,285.5,100.0,3.0,0.03247630157073877,0.011391146896400231,0.14637010165305953
6.444,286.0,100.0,4.0,0.03253317775562623,0.0018678631257130344,0.026357375156099275
6.444,286.5,100.0,5.0,0.03259005394051368,0.0006607893878232289,0.0061106065702101
6.444,287.7,100.0,6.0,0.032726556784243584,0.002696846843284403,0.03899355958689203
6.444,288.6,100.0,7.0,0.03282893391704101,0.016811508907896205,0.27471780439536647
6.5,250.0,100.0,0.0,0.02868417017896197,0.017272142212792697,0.09236122503348979
6.666,284.0,100.0,1.0,0.03341368259558605,0.004021441829779945,0.07274032269196073
6.666,284.2,100.0,8.0,0.03343721335797731,0.004805463688119286,0.05799596297722182
6.666,284.6,100.0,9.0,0.03348427488275983,0.002295119366581409,0.029319844116160437
6.666,285.0,100.0,2.0,0.03353133640754234,0.006647993753168181,0.152256311745451
6.666,285.5,100.0,3.0,0.03359016331352049,0.007000535865924096,0.09730524924931826
6.666,286.0,100.0,4.0,0.03364899021949864,0.00029666228145112136,0.0038177494245241663
6.666,286.5,100.0,5.0,0.033707817125476776,0.001907229832901874,0.018709695486906507
6.666,287.7,100.0,6.0,0.03384900169982433,0.002859164312909475,0.041544659929957053
6.666,288.6,100.0,7.0,0.03395489013058499,0.015121757492377479,0.2480279110286233
6.75,250.0,100.0,0.0,0.029782393969708318,0.035124742511747784,0.1909663990772677
6.888,284.0,100.0,1.0,0.03452119054396147,0.007487522561955583,0.13450802648536744
6.888,284.2,100.0,8.0,0.034545501241527644,0.008221745621819411,0.09994520704604914
6.888,284.6,100.0,9.0,0.03459412263665999,0.0038963176469453227,0.049237488735592076
6.888,285.0,100.0,2.0,0.03464274403179232,0.006280776028987674,0.14377580386708094
6.888,285.5,100.0,3.0,0.03470352077570775,0.0069131749858542795,0.09354761244249735
6.888,286.0,100.0,4.0,0.03476429751962318,0.0028106344218205744,0.03743228790111533
6.888,286.5,100.0,5.0,0.0348250742635386,0.00524620677319272,0.05038182198308269
6.888,287.7,100.0,6.0,0.03497093844893562,0.001971291516100853,0.02862799753251438
6.888,288.6,100.0,7.0,0.03508033658798339,0.014012483746893305,0.22956296398862014
7.0,250.0,100.0,0.0,0.030880050746603882,0.04303239800617871,0.23456435115315805
7.112,284.0,100.0,1.0,0.035638150708446045,0.012035343469336018,0.21627410215218892
7.112,284.2,100.0,8.0,0.035663247997677346,0.011335686085522535,0.13775584160831372
7.112,284.6,100.0,9.0,0.03571344257613995,0.00679575098637153,0.08589057585492581
7.112,285.0,100.0,2.0,0.035763637154602554,0.006439240328795892,0.14740832658773428
7.112,285.5,100.0,3.0,0.0358263803776808,0.00735551205868162,0.10044597772471725
7.112,286.0,100.0,4.0,0.035889123600759056,0.006925768916417491,0.09230813661128025
7.112,286.5,100.0,5.0,0.0359518668238373,0.008711711712411824,0.0834637157984432
7.112,287.7,100.0,6.0,0.036102450559225105,0.0009041456329667498,0.013132764221191187
7.112,288.6,100.0,7.0,0.03621538836076595,0.012184221770642977,0.19959381861643244
7.25,250.0,100.0,0.0,0.031977119611845864,0.03736457398416784,0.2039211869787935
7.334,284.0,100.0,1.0,0.036744600627906,0.014070046294430538,0.25281968781284836
7.334,284.2,100.0,8.0,0.03677047710722143,0.013515777452936752,0.1643379651109047
7.334,284.6,100.0,9.0,0.036822230065852286,0.010385411806895992,0.13128159090643304
7.334,285.0,100.0,2.0,0.03687398302448314,0.006843469308432331,0.15665600847580977
7.334,285.5,100.0,3.0,0.0369386742227717,0.007109551422515285,0.09666196751339318
7.334,286.0,100.0,4.0,0.03700336542106027,0.009178964539209048,0.12226829782340572
7.334,286.5,100.0,5.0,0.03706805661934884,0.011519323881328581,0.1105948735643258
7.334,287.7,100.0,6.0,0.037223315495241396,0.00020084153474738445,0.00293019422031877
7.334,288.6,100.0,7.0,0.03733975965216082,0.009626408597601388,0.1576741748435622
7.5,250.0,100.0,0.0,0.03307357967882446,0.020599584373323265,0.11219560720490962
7.556,284.0,100.0,1.0,0.037850498910004894,0.01742415056160505,0.31272307830123425
7.556,284.2,100.0,8.0,0.03787715419092744,0.015886886565596912,0.1931214469171552
7.556,284.6,100.0,9.0,0.03793046475277252,0.013884016032247119,0.1757050799834794
7.556,285.0,100.0,2.0,0.03798377531461759,0.007330156536934424,0.16780776079761198
7.556,285.5,100.0,3.0,0.03805041351692394,0.0073708230654403895,0.09982448271425129
7.556,286.0,100.0,4.0,0.03811705171923029,0.01121874791087892,0.1497090883567348
7.556,286.5,100.0,5.0,0.03818368992153663,0.014040978128533426,0.13484674710328334
7.556,287.7,100.0,6.0,0.038343621607071866,0.00018932817516514503,0.0027452257101611473
7.556,288.6,100.0,7.0,0.03846357037122329,0.007565058912172752,0.12393542202586352
7.75,250.0,100.0,0.0,0.034169410072520515,0.007994663905111912,0.04355857582087051
7.778,284.0,100.0,1.0,0.038955828952172575,0.01672462853751589,0.3002966160627255
7.778,284.2,100.0,8.0,0.038983262634533264,0.016181702483044822,0.1967751613762973
7.778,284.6,100.0,9.0,0.039038129999254635,0.01663361803994729,0.21043099189181091
7.778,285.0,100.0,2.0,0.039092997363976006,0.008384752604256057,0.19194139139207989
7.778,285.5,100.0,3.0,0.039161581569877715,0.005080098478097941,0.06869698538194721
7.778,286.0,100.0,4.0,0.03923016577577943,0.009532542744794044,0.12714653319918662
7.778,286.5,100.0,5.0,0.03929874998168114,0.013601288846476902,0.13027509615183916
7.778,287.7,100.0,6.0,0.039463352075845254,0.0012898376875024363,0.01875141163865243
7.778,288.6,100.0,7.0,0.039586803646468334,0.006945248715128034,0.1137835320557373
7.999999999999999,250.0,100.0,0.0,0.035264589929902924,0.0020677570024339826,0.011270046704605678
7.999999999999999,284.0,100.0,1.0,0.040060574160369726,0.017056021341349197,0.306435320512345
7.999999999999999,284.2,100.0,8.0,0.04008878583231364,0.015819804384173262,0.1923267966281067
7.999999999999999,284.6,100.0,9.0,0.0401452091762015,0.01674505982579547,0.21185143029665043
7.999999999999999,285.0,100.0,2.0,0.04020163252008934,0.009738477912624437,0.22294723736264385
7.999999999999999,285.5,100.0,3.0,0.04027216169994914,0.002699937296264457,0.036386124856283564
7.999999999999999,286.0,100.0,4.0,0.040342690879808955,0.0067342202135627595,0.08993637411218584
7.999999999999999,286.5,100.0,5.0,0.040413220059668756,0.012558031465044679,0.12035343474397159
7.999999999999999,287.7,100.0,6.0,0.04058249009133229,0.0031891592383059253,0.04631538239491355
7.999999999999999,288.6,100.0,7.0,0.040709442615079944,0.006721240822169374,0.11011544350992752
8.266,284.0,100.0,1.0,0.04138348440375064,0.01594292186215904,0.2902091446866045
8.266,284.2,100.0,8.0,0.04141262770262652,0.015147803313076236,0.18150259767329474
8.266,284.6,100.0,9.0,0.04147091430037829,0.01568595080339219,0.20232451578286081
8.266,285.0,100.0,2.0,0.041529200898130045,0.010914210299346432,0.2500894841036071
8.266,285.5,100.0,3.0,0.04160205914531975,0.001489128535742952,0.0212913641223835
8.266,286.0,100.0,4.0,0.041674917392509454,0.004286957304233304,0.05385548925436117
8.266,286.5,100.0,5.0,0.041747775639699156,0.014055054354581455,0.13962671418780287
8.266,287.7,100.0,6.0,0.041922635432954436,0.005232173032087799,0.07633522218207935
8.266,288.6,100.0,7.0,0.04205378027789591,0.007336756509087094,0.12048952578883386
8.308000000000002,250.0,100.0,0.0,0.036612926200327016,0.006747779937379487,0.03552019461753559
8.534,284.0,100.0,1.0,0.04271543922582199,0.0116191998406585,0.21150439529555518
8.534,284.2,100.0,8.0,0.04274552052105143,0.011713326776855791,0.14035033288029508
8.534,284.6,100.0,9.0,0.04280568311151035,0.011064173814448401,0.14271073762781272
8.534,285.0,100.0,2.0,0.042865845701969246,0.010552379843696738,0.2417984589625739
8.534,285.5,100.0,3.0,0.04294104894004288,0.0016812845014710929,0.024038784869756986
8.534,286.0,100.0,4.0,0.04301625217811651,0.002625105414715721,0.03297824690583713
8.534,286.5,100.0,5.0,0.04309145541619014,0.009300029720280281,0.09238901244578757
8.534,287.7,100.0,6.0,0.04327194318756685,0.005678543343063861,0.08284757883673782
8.534,288.6,100.0,7.0,0.04340730901609939,0.008745464144797923,0.14362434221509507
8.616000000000001,250.0,100.0,0.0,0.03796020446126262,0.015437770665191664,0.08126415259200696
8.8,284.0,100.0,1.0,0.04403653003105442,0.0081576523286606,0.14849381596546796
8.8,284.2,100.0,8.0,0.04406754167192136,0.0072217772341959625,0.08653210638752581
8.8,284.6,100.0,9.0,0.04412956495365524,0.006180010983674677,0.07971258774663122
8.8,285.0,100.0,2.0,0.04419158823538912,0.01000902909257061,0.22934805666048724
8.8,285.5,100.0,3.0,0.044269117337556466,0.0025416556201403296,0.03634025806584327
8.8,286.0,100.0,4.0,0.04434664643972382,0.0027729472632065763,0.03483553040965969
8.8,286.5,100.0,5.0,0.04442417554189117,0.0070011934568354845,0.06955175078724868
8.8,287.7,100.0,6.0,0.0446102453870928,0.005530422711187664,0.08068656059925272
8.8,288.6,100.0,7.0,0.04474979777099404,0.008813345238023929,0.1447391346608712
8.924000000000001,250.0,100.0,0.0,0.03930638578019787,0.020841765145091583,0.10971068425419357
9.066,284.0,100.0,1.0,0.045356671696194444,0.004086888579381172,0.07439366819370732
9.066,284.2,100.0,8.0,0.045388613014290355,0.004150854197395238,0.049735978466262175
9.066,284.6,100.0,9.0,0.04545249565048219,0.0021483476917556832,0.027710364001249863
9.066,285.0,100.0,2.0,0.04551637828667401,0.007322528719519376,0.16778927467689617
9.066,285.5,100.0,3.0,0.04559623158191379,0.003691704263104243,0.05278350243868792
9.066,286.0,100.0,4.0,0.04567608487715357,0.002497112703290767,0.03137032090947222
9.066,286.5,100.0,5.0,0.045755938172393346,0.004170806169386693,0.04143391738331151
9.066,287.7,100.0,6.0,0.045947586080968814,0.0037308825598511004,0.05443202038519655
9.066,288.6,100.0,7.0,0.04609132201240042,0.008256533658881399,0.1355947718840066
9.23,250.0,100.0,0.0,0.040642700941971,0.023141962518630165,0.12181888267279291
9.334000000000001,284.0,100.0,1.0,0.046685750519583145,0.0016991539719713104,0.030929714462632527
9.334000000000001,284.2,100.0,8.0,0.04671862780868145,0.0013248399551137869,0.015874373886736858
9.334000000000001,284.6,100.0,9.0,0.04678438238687805,0.000233277094443056,0.00300891388529774
9.334000000000001,285.0,100.0,2.0,0.04685013696507464,0.0060006575900165395,0.13749976588406917
9.334000000000001,285.5,100.0,3.0,0.046932330187820386,0.004988676833119055,0.07132744581369795
9.334000000000001,286.0,100.0,4.0,0.04701452341056613,0.0021307021960742323,0.026767238645368757
9.334000000000001,286.5,100.0,5.0,0.04709671663331187,0.0011079669050798853,0.011006843124353077
9.334000000000001,287.7,100.0,6.0,0.04729398036790166,0.002291601911467656,0.03343351605383715
9.334000000000001,288.6,100.0,7.0,0.04744192816884401,0.006778312051413354,0.11131834669884061
9.538,250.0,100.0,0.0,0.04198657946058354,0.014198709640978895,0.0747417572069357
9.600000000000001,284.0,100.0,1.0,0.048003900892955934,0.0006553231733537039,0.011928853398177225
9.600000000000001,284.2,100.0,8.0,0.04803770645696506,0.00039076558769964156,0.004682195020818043
9.600000000000001,284.6,100.0,9.0,0.04810531758498331,0.000562836968704232,0.007259726782590096
9.600000000000001,285.0,100.0,2.0,0.04817292871300156,0.005995817048803835,0.1373888491597744
9.600000000000001,285.5,100.0,3.0,0.048257442623024366,0.0044600073314162575,0.06376859874913783
9.600000000000001,286.0,100.0,4.0,0.04834195653304718,0.0014117983926873702,0.01773591099020686
9.600000000000001,286.5,100.0,5.0,0.04842647044306999,0.00018823733510600166,0.0018700006364437884
9.600000000000001,287.7,100.0,6.0,0.04862930382712473,0.001272582174543115,0.018566443128494807
9.600000000000001,288.6,100.0,7.0,0.048781428865165795,0.005226144373317667,0.085827525619135
9.846,250.0,100.0,0.0,0.04332924468640395,0.0057625153713388045,0.030333779313494444
9.866000000000001,284.0,100.0,1.0,0.04932101661562175,0.0007875971702820753,0.01433663810945867
9.866000000000001,284.2,100.0,8.0,0.049355749725914444,0.001134044341859724,0.013588240464315952
9.866000000000001,284.6,100.0,9.0,0.04942521594649983,0.0024353640121437363,0.031412430823474835
9.866000000000001,285.0,100.0,2.0,0.04949468216708521,0.005997430562541403,0.137425821401206
9.866000000000001,285.5,100.0,3.0,0.049581514942816936,0.0026629159791474034,0.038074022744486305
9.866000000000001,286.0,100.0,4.0,0.04966834771854867,0.0004704473635619517,0.005910059544571194
9.866000000000001,286.5,100.0,5.0,0.0497551804942804,0.0008095180732537894,0.008041971648955152
9.866000000000001,287.7,100.0,6.0,0.049963579156036546,0.0017837238804752082,0.026023787419206076
9.866000000000001,288.6,100.0,7.0,0.05011987815235366,0.00421049392690519,0.06914777885312384
10.134,284.0,100.0,1.0,0.05064696033377777,0.002202299061239802,0.04008846887868786
10.134,284.2,100.0,8.0,0.05068262720725226,0.002798491158706904,0.03353182005159663
10.134,284.6,100.0,9.0,0.05075396095420125,0.0046166880470929405,0.059548138672384586
10.134,285.0,100.0,2.0,0.05082529470115023,0.0056408440265388075,0.12925495604482545
10.134,285.5,100.0,3.0,0.050914461884836455,0.0018323787583291134,0.026199110699494738
10.134,286.0,100.0,4.0,0.05100362906852269,0.0002742375029105072,0.0034451462524609966
10.134,286.5,100.0,5.0,0.05109279625220891,0.002613540478267957,0.02596361850841384
10.134,287.7,100.0,6.0,0.05130679749305586,0.0027088501999053475,0.03952099454654941
10.134,288.6,100.0,7.0,0.05146729842369108,0.0036275562912633035,0.059574355066201054
10.154000000000002,250.0,100.0,0.0,0.04467065782022396,0.0010768112353415453,0.0054845498063341835
10.4,284.0,100.0,1.0,0.05196191329926385,0.004352068308255833,0.07417238131309908
10.4,284.2,100.0,8.0,0.05199850619595347,0.004416092154283778,0.053290012291256364
10.4,284.6,100.0,9.0,0.05207169198933272,0.0060523720280064065,0.07921241488873487
10.4,285.0,100.0,2.0,0.052144877782711964,0.004782052757853398,0.11340310753103285
10.4,285.5,100.0,3.0,0.05223636002443602,0.0013655053849785082,0.020576988861275954
10.4,286.0,100.0,4.0,0.05232784226616008,0.0006130143192125366,0.007108122051666616
10.4,286.5,100.0,5.0,0.05241932450788413,0.004207010520475212,0.04202656870764214
10.4,287.7,100.0,6.0,0.05263888188802186,0.0036017574729721837,0.05498143180150632
10.4,288.6,100.0,7.0,0.05280354992312517,0.003931123391410622,0.0642968993532475
10.462000000000002,250.0,100.0,0.0,0.0460107800990172,0.00019122042424382277,0.0009745623117409204
10.666,284.0,100.0,1.0,0.05327574630513556,0.006324902777844048,0.1107558035906501
10.666,284.2,100.0,8.0,0.05331326443633636,0.0058549981319366146,0.07049470342624795
10.666,284.6,100.0,9.0,0.05338830069873797,0.0067411749350950135,0.08778099295563642
10.666,285.0,100.0,2.0,0.053463336961139564,0.004028725890035441,0.09442710461627121
10.666,285.5,100.0,3.0,0.053557132289141565,0.0016589658558228615,0.024733666744927406
10.666,286.0,100.0,4.0,0.053650927617143566,0.0018272355252380726,0.021801584833065366
10.666,286.5,100.0,5.0,0.05374472294514556,0.005636091547567267,0.05618399148804169
10.666,287.7,100.0,6.0,0.053969831732350364,0.004266698526969029,0.06424817102326444
10.666,288.6,100.0,7.0,0.054138663322753966,0.0042284674773704995,0.06925121320376287
10.770000000000001,250.0,100.0,0.0,0.04734957279705935,0.0017100222180989263,0.008768248216024009
10.934000000000001,284.0,100.0,1.0,0.054598296422703876,0.006812706874386093,0.11874506257551157
10.934000000000001,284.2,100.0,8.0,0.05463674592722691,0.006286382935645922,0.07568927553848061
10.934000000000001,284.6,100.0,9.0,0.054713644936272975,0.005802134793529538,0.07557598754917347
10.934000000000001,285.0,100.0,2.0,0.054790543945319035,0.0034590172403975734,0.08124650054591072
10.934000000000001,285.5,100.0,3.0,0.05488666770662661,0.0020703295230425378,0.030918803435800772
10.934000000000001,286.0,100.0,4.0,0.05498279146793419,0.002481578626907563,0.029501572692663094
10.934000000000001,286.5,100.0,5.0,0.055078915229241764,0.0064544022759000595,0.06438260395023955
10.934000000000001,287.7,100.0,6.0,0.055309612256379946,0.0036414762640998737,0.05483675346187807
10.934000000000001,288.6,100.0,7.0,0.0554826350267336,0.004044956687160631,0.0662439552314802
11.076,250.0,100.0,0.0,0.048678317149270116,0.0035563725328742273,0.018331053006555405
11.200000000000001,284.0,100.0,1.0,0.05590979562761716,0.006478415272850437,0.11287006787998483
11.200000000000001,284.2,100.0,8.0,0.055949168723129564,0.0056927081643855845,0.06852810698992742
11.200000000000001,284.6,100.0,9.0,0.05602791491415439,0.004551386235703743,0.059288206321036874
11.200000000000001,285.0,100.0,2.0,0.056106661105179194,0.002237039557012798,0.05254217660446297
11.200000000000001,285.5,100.0,3.0,0.05620509384396021,0.0030284095573217284,0.04495633465005211
11.200000000000001,286.0,100.0,4.0,0.05630352658274123,0.003193281560063851,0.03790234113356424
11.200000000000001,286.5,100.0,5.0,0.05640195932152224,0.00595106749224402,0.059315192899150944
11.200000000000001,287.7,100.0,6.0,0.05663819789459668,0.0024827278792268798,0.03734349396657502
11.200000000000001,288.6,100.0,7.0,0.05681537682440252,0.0030653454943679825,0.05020396907868077
11.384,250.0,100.0,0.0,0.050014343923834914,0.004208022333181688,0.02170334799003986
11.466000000000001,284.0,100.0,1.0,0.0572200897823471,0.005641785643458169,0.09833392760873427
11.466000000000001,284.2,100.0,8.0,0.057260385620221996,0.004548019094188985,0.05474516323087392
11.466000000000001,284.6,100.0,9.0,0.05734097729597179,0.0027785164077417626,0.036180482844156064
11.466000000000001,285.0,100.0,2.0,0.057421568971721564,0.001110147652750749,0.026023836437657752
11.466000000000001,285.5,100.0,3.0,0.057522308566408796,0.0031734165923623043,0.047050153633651434
11.466000000000001,286.0,100.0,4.0,0.057623048161096035,0.0032613146377864603,0.03855153050642815
11.466000000000001,286.5,100.0,5.0,0.05772378775578326,0.004659106119155842,0.04646095709078086
11.466000000000001,287.7,100.0,6.0,0.057965562783032616,0.0013608843250915593,0.020463743886151207
11.466000000000001,288.6,100.0,7.0,0.058146894053469636,0.0020046509118397215,0.03283274452413838
11.692,250.0,100.0,0.0,0.05134892542603493,0.002831977819361306,0.014645154277734405
11.734000000000002,284.0,100.0,1.0,0.058538988465561756,0.0036780901976604698,0.0640677114747546
11.734000000000002,284.2,100.0,8.0,0.05858021310532623,0.0032605565575505435,0.03924808520236056
11.734000000000002,284.6,100.0,9.0,0.0586626623848552,0.0018506556146573774,0.024122509878859496
11.734000000000002,285.0,100.0,2.0,0.05874511166438416,0.0005768311611806702,0.013217576311792075
11.734000000000002,285.5,100.0,3.0,0.05884817326379536,0.002494214065651649,0.036890659551126775
11.734000000000002,286.0,100.0,4.0,0.05895123486320656,0.0025808031325609483,0.03056205864391981
11.734000000000002,286.5,100.0,5.0,0.059054296462617756,0.00334133755432709,0.03331120304711785
11.734000000000002,287.7,100.0,6.0,0.05930164430120464,0.00044153644070136935,0.006642384023185111
11.734000000000002,288.6,100.0,7.0,0.05948715518014481,0.0011421854300360582,0.018708209309098632
12.0,250.0,100.0,0.0,0.05268202309025853,0.0010466551886058352,0.005401578411828102
12.0,284.0,100.0,1.0,0.059846778230533686,0.0026736112020738414,0.04659407385574068
12.0,284.2,100.0,8.0,0.0598889238490059,0.0019942971464400744,0.024011853693112824
12.0,284.6,100.0,9.0,0.05997321508595032,0.0011759677600067212,0.015321568043328937
12.0,285.0,100.0,2.0,0.06005750632289473,0.00033275243948812,0.007745684579917313
12.0,285.5,100.0,3.0,0.06016287036907524,0.0016483122353428362,0.024435532607065512
12.0,286.0,100.0,4.0,0.060268234415255764,0.0015356491794472128,0.01826185469846526
12.0,286.5,100.0,5.0,0.06037359846143628,0.0019227157339398691,0.019176388219145066
12.0,287.7,100.0,6.0,0.06062647217226952,1.2803647840145759e-05,0.00018679988154532157
12.0,288.6,100.0,7.0,0.060816127455394456,0.000750316472635233,0.012287617765728242
12.272,284.0,100.0,1.0,0.061182732916361456,0.0012724658947412249,0.0212343680252059
12.272,285.0,100.0,2.0,0.06139816507451766,0.00035338748977792865,0.008485129408549038
12.272,287.7,100.0,6.0,0.061979831901539405,8.118539863605177e-05,0.001259983514737071
12.272,288.6,100.0,7.0,0.062173720843879995,0.0007433261463008717,0.012140128043520746
12.276000000000002,284.2,100.0,8.0,0.06124546935468162,0.0010107815773643877,0.012226248995864702
12.276000000000002,284.6,100.0,9.0,0.0613316698745334,0.0006161691841359548,0.008102537739990248
12.276000000000002,285.5,100.0,3.0,0.061525621044199875,0.000947658157548187,0.014585639360012824
12.276000000000002,286.0,100.0,4.0,0.06163337169401459,0.0006692784562457246,0.007469260510743226
12.276000000000002,286.5,100.0,5.0,0.061741122343829294,0.0009717544370836536,0.009724649251005607
12.316,250.0,100.0,0.0,0.05404816413450461,0.0006209192248707769,0.0031360374533654437
12.546000000000001,284.0,100.0,1.0,0.062527116617197,0.0005823661405953899,0.00971827772039121
12.546000000000001,285.0,100.0,2.0,0.06274728252077869,0.0006752087767652363,0.016212327867750558
12.546000000000001,287.7,100.0,6.0,0.06334173046044922,0.0002629085293039583,0.004080295451793886
12.546000000000001,288.6,100.0,7.0,0.06353987977367274,0.0010283186574260087,0.01679467382227673
12.552000000000001,284.2,100.0,8.0,0.06260059369037212,0.0006059760325131822,0.007329787191364179
12.552000000000001,284.6,100.0,9.0,0.062688701492892,0.00041111223270768997,0.005406067792171071
12.552000000000001,286.0,100.0,4.0,0.06299707880171157,0.00027069051914159394,0.003020951871958312
12.552000000000001,286.5,100.0,5.0,0.06310721355486142,0.0005031435295295303,0.005035113976193205
12.632000000000001,250.0,100.0,0.0,0.05541266115250551,0.0009344416675633753,0.0047195254230916715
12.818000000000001,284.0,100.0,1.0,0.06386027303212999,0.0005230027208839203,0.00872764629632113
12.818000000000001,285.0,100.0,2.0,0.0640851331484403,0.00046964350493363066,0.011276533636633796
12.818000000000001,287.7,100.0,6.0,0.06469225546247816,0.0005517775058461891,0.008563492608881606
12.818000000000001,288.6,100.0,7.0,0.06489462956715746,0.0015539715112790392,0.025379724925315542
12.828000000000001,284.2,100.0,8.0,0.06395426541110598,0.0004068080075920982,0.0049206832670037615
12.828000000000001,284.6,100.0,9.0,0.0640442784517972,0.0003823603329942818,0.005027984372028945
12.828000000000001,285.5,100.0,3.0,0.06424680779335243,1.9370371144852877e-05,0.00029813413786189733
12.828000000000001,286.0,100.0,4.0,0.06435932409421645,0.00011248809049717091,0.0012553860720282168
12.828000000000001,286.5,100.0,5.0,0.06447184039508046,0.0003127300064875657,0.0031295865573644746
12.948,250.0,100.0,0.0,0.05677547263926388,0.002131172980789653,0.01076378056863637
13.090000000000002,284.0,100.0,1.0,0.06519199024259488,0.0006692126249880956,0.011167534803752996
13.090000000000002,285.0,100.0,2.0,0.06542153950401247,0.0005743509093122762,0.013790646053981661
13.090000000000002,287.7,100.0,6.0,0.06604132250983995,0.0003072772936748238,0.004768891093568798
13.090000000000002,288.6,100.0,7.0,0.06624791684511579,0.0015216019914969247,0.024851060466493873
13.104000000000001,284.2,100.0,8.0,0.06530645310561903,0.0005040044683231145,0.006096355793122419
13.104000000000001,284.6,100.0,9.0,0.06539836929577472,0.00012319390363314456,0.001619982432136741
13.104000000000001,285.5,100.0,3.0,0.06560518072362502,0.0003656530060728382,0.005627855187023816
13.104000000000001,286.0,100.0,4.0,0.06572007596131964,0.00034979173346380544,0.003903734771923359
13.264000000000001,250.0,100.0,0.0,0.058136557141052495,0.003768394972825602,0.019032794122801754
13.364,284.0,100.0,1.0,0.06653201395566617,0.0006862521250904618,0.011451882712513852
13.364,285.0,100.0,2.0,0.06676628161043964,0.00034568841592655766,0.008300268201391106
13.364,287.7,100.0,6.0,0.06739880427832802,0.00025771643985630384,0.003999715110735121
13.364,288.6,100.0,7.0,0.06760964516762415,0.0011864132685357554,0.019376701686376754
13.38,284.2,100.0,8.0,0.06665712539708309,0.00060304935619957,0.007294386592320986
13.38,284.6,100.0,9.0,0.0667509426038348,0.0003202642162521295,0.004211429207694219
13.38,285.5,100.0,3.0,0.06696203131902612,0.0006746849272607219,0.010384241355682087
13.38,286.0,100.0,4.0,0.06707930282746574,0.0005539653223799033,0.006182346478001971
13.38,286.5,100.0,5.0,0.06719657433590537,0.0009081756844747262,0.009088396875566182
13.578000000000001,250.0,100.0,0.0,0.059487275637293814,0.003726072227453244,0.01881903730983693
13.636000000000001,284.0,100.0,1.0,0.06786075161803136,0.0009052921505999125,0.015107129217068733
13.636000000000001,285.0,100.0,2.0,0.06809969792654555,0.00026831272372027917,0.006442413069453899
13.636000000000001,287.7,100.0,6.0,0.06874485295953388,9.133357346555822e-05,0.0014174814540792047
13.636000000000001,288.6,100.0,7.0,0.06895990463719666,0.0007189317255955101,0.011741714248466735
13.656,284.2,100.0,8.0,0.0680062509438342,0.0009733509276692422,0.011773493965996503
13.656,284.6,100.0,9.0,0.06810196699020131,0.0007181984949245074,0.009444208765633481
13.656,285.5,100.0,3.0,0.06831732809452731,0.000687201167077396,0.010576881875531312
13.656,286.0,100.0,4.0,0.06843697315248622,0.0006533554845315132,0.007291557459451561
13.656,286.5,100.0,5.0,0.0685566182104451,0.0010185509808821025,0.01019295683698894
13.894,250.0,100.0,0.0,0.06084479360325868,0.004106976935804465,0.020742848626520306
13.91,284.0,100.0,1.0,0.06919771306446817,0.0014700691297993113,0.024531886515513256
13.91,285.0,100.0,2.0,0.06944136698370927,0.0005758907240825504,0.01382761829541325
13.91,287.7,100.0,6.0,0.0700992325656602,0.00012012606949346031,0.0018643360726778174
13.91,288.6,100.0,7.0,0.07031852109297718,0.0005469979719702218,0.008933663173711071
13.932,284.2,100.0,8.0,0.06935379844009983,0.0013037572799165162,0.015770035279030606
13.932,284.6,100.0,9.0,0.06945141110504016,0.0013299750277153582,0.017488983760879793
13.932,285.5,100.0,3.0,0.06967103960115588,0.0004601208161177361,0.0070818324439810695
13.932,286.0,100.0,4.0,0.06979305543233129,0.0008143829565445866,0.009088651220094692
13.932,286.5,100.0,5.0,0.06991507126350668,0.0017524498815557085,0.017537311668203402
14.182,284.0,100.0,1.0,0.07052335051521681,0.0014755657427355587,0.024623611647371594
14.182,285.0,100.0,2.0,0.07077167217196054,0.0012272323719085365,0.029466876420974217
14.182,287.7,100.0,6.0,0.07144214064516859,0.0004913604650007552,0.007625830458379598
14.182,288.6,100.0,7.0,0.07166563013623795,0.0006152554375977238,0.010048455619487195
14.206000000000001,284.2,100.0,8.0,0.07068998930479178,0.0014206702968655516,0.017184196051334984
14.206000000000001,284.6,100.0,9.0,0.07078948260430594,0.0022294702236105223,0.02931721853685389
14.206000000000001,285.5,100.0,3.0,0.07101334252821273,0.0001057920270218888,0.0016282710606303624
14.206000000000001,286.0,100.0,4.0,0.0711377091526054,0.0008567586070743427,0.009561570630790254
14.206000000000001,286.5,100.0,5.0,0.07126207577699806,0.001885739347685084,0.018871180861383514
14.21,250.0,100.0,0.0,0.062200460804462746,0.0015124812688332107,0.007638993473848022
14.454,284.0,100.0,1.0,0.07184739859723357,0.001900179092060654,0.03170937808342842
14.454,285.0,100.0,2.0,0.07210038239511117,0.0015752305099905055,0.037822602984512704
14.454,287.7,100.0,6.0,0.07278343864938064,0.0008753390800613837,0.013585112953952896
14.454,288.6,100.0,7.0,0.07301112406747047,0.0009429381849572435,0.015400225539587696
14.482000000000001,284.2,100.0,8.0,0.07203429893026801,0.001955019777492961,0.023647600160852607
14.482000000000001,284.6,100.0,9.0,0.07213568429118325,0.0024439114756396913,0.03213709071208057
14.482000000000001,285.5,100.0,3.0,0.07236380135324251,4.9170942136934235e-05,0.0007568020422648163
14.482000000000001,286.0,100.0,4.0,0.07249053305438655,0.0003356665166205534,0.0037460949683581725
14.482000000000001,286.5,100.0,5.0,0.07261726475553057,0.0021436044407537784,0.021451717145526152
14.526000000000002,250.0,100.0,0.0,0.06355423600449224,0.0007785157635599516,0.003932000322694969
14.728000000000002,284.0,100.0,1.0,0.07317954514184273,0.0020713985850247542,0.03456661594081574
14.728000000000002,285.0,100.0,2.0,0.07343721959656753,0.0021191700775898665,0.05088304727022054
14.728000000000002,287.7,100.0,6.0,0.07413294062432449,0.001394076016695226,0.021635821574278714
14.728000000000002,288.6,100.0,7.0,0.07436484763357681,0.0010639720415338448,0.01737697090735567
14.758000000000001,284.2,100.0,8.0,0.07337693703645268,0.002092419528637282,0.02530956512645933
14.758000000000001,284.6,100.0,9.0,0.07348021210617325,0.002656156401996308,0.034928081514935275
14.758000000000001,285.5,100.0,3.0,0.07371258101304448,9.655385001434359e-05,0.0014860840102654577
14.758000000000001,286.0,100.0,4.0,0.07384167485019517,0.0006343506473242286,0.007079460269200219
14.758000000000001,286.5,100.0,5.0,0.07397076868734587,0.002660625566030435,0.02662570854376959
14.842,250.0,100.0,0.0,0.06490607802448392,9.021427303055234e-05,0.00045563952237237835
15.0,284.0,100.0,1.0,0.0745003127682033,0.002151374303247151,0.0359012166093546
15.0,285.0,100.0,2.0,0.07476263781316177,0.002251209194140879,0.05405341697297906
15.0,287.7,100.0,6.0,0.07547091543454962,0.0013272868660731253,0.02059926536884095
15.0,288.6,100.0,7.0,0.07570700797501224,0.0017857185079799736,0.029164655978328635
15.034,284.2,100.0,8.0,0.07471787246811103,0.0018367204401848463,0.0222166706837383
15.034,284.6,100.0,9.0,0.07482303485019141,0.0018215526464265448,0.023953160013587507
15.034,286.0,100.0,4.0,0.07519110318747275,0.0006078979685086839,0.006784243909796322
15.034,286.5,100.0,5.0,0.07532255616507322,0.0020787347490055837,0.020802545940128567
15.158000000000001,250.0,100.0,0.0,0.06625594574437767,0.00035584518806495644,0.0017972447826910477
15.272,284.0,100.0,1.0,0.07581940139793705,0.0017872236962207743,0.02982442662373952
15.272,285.0,100.0,2.0,0.07608637112116923,0.0018985916117480876,0.04558677368514581
15.272,287.7,100.0,6.0,0.07680718937389609,0.0011578359468269474,0.017969416056104855
15.272,288.6,100.0,7.0,0.07704746212480505,0.0014901707186650167,0.024337719615174284
15.31,284.2,100.0,8.0,0.0760570741095179,0.0015973491248504575,0.019321274319889815
15.31,284.6,100.0,9.0,0.0761641213637185,0.0015364296409352473,0.020203832763844774
15.31,285.5,100.0,3.0,0.07640497768566981,0.0008186216851524749,0.012599607333948186
15.31,286.0,100.0,4.0,0.07653878675342056,0.0005850407994350579,0.006529154045845384
15.31,286.5,100.0,5.0,0.07667259582117128,0.001842170151734804,0.018435170350295585
15.474,250.0,100.0,0.0,0.06760379810416718,0.0008653887672190018,0.0043707643072017025
15.546000000000001,284.0,100.0,1.0,0.07714646151812803,0.001261197838221918,0.0210463315048963
15.546000000000001,285.0,100.0,2.0,0.07741810398826228,0.0014505055135982953,0.03482785142855422
15.546000000000001,287.7,100.0,6.0,0.07815153865762477,0.0006459431281013769,0.010024926976265591
15.546000000000001,288.6,100.0,7.0,0.0783960168807456,0.0012478684437742622,0.020380397977762817
15.586,284.2,100.0,8.0,0.07739451088517994,0.001244299540071552,0.015050844161626801
15.586,284.6,100.0,9.0,0.07750344052752363,0.0009386297260606364,0.012342848320056434
15.586,285.5,100.0,3.0,0.07774853222279689,0.0012328496219424056,0.01897509120514876
15.586,286.0,100.0,4.0,0.07788469427572649,0.0007910121432221151,0.008827828999650473
15.586,286.5,100.0,5.0,0.07802085632865607,0.0009201168715129512,0.009207896052679172
15.790000000000001,250.0,100.0,0.0,0.068949594105149,0.002000863475301077,0.010105634591876267
15.818000000000001,284.0,100.0,1.0,0.07846209011679951,0.0008165218516795203,0.013625768337556528
15.818000000000001,285.0,100.0,2.0,0.07873836508199952,0.0010474589974790237,0.025150367233836526
15.818000000000001,287.7,100.0,6.0,0.07948430748803952,0.0004713001194075447,0.0073144973224707295
15.818000000000001,288.6,100.0,7.0,0.07973295495671952,0.0011038475369176087,0.01802822422619395
15.862,284.2,100.0,8.0,0.07873015176055664,0.0006135237766903927,0.007421083473107148
15.862,284.6,100.0,9.0,0.07884096126338644,0.00019667098067852095,0.0025861956169443926
15.862,285.5,100.0,3.0,0.07909028264475343,0.0012847026154686272,0.01977317335880984
15.862,286.0,100.0,4.0,0.07922879452329065,0.00037290572466185427,0.004161690814120938
15.862,286.5,100.0,5.0,0.07936730640182788,0.0005041117338839809,0.005044803098661826
16.09,284.0,100.0,1.0,0.07977595043316794,0.00033474372781745396,0.005586060530172956
16.09,285.0,100.0,2.0,0.08005685166708755,0.0005520235951433003,0.013254548553223661
16.09,287.7,100.0,6.0,0.08081528499867048,5.900101645061901e-05,0.0009156856938496155
16.09,288.6,100.0,7.0,0.08106809610919813,0.0005465288484951186,0.00892600136996003
16.106,250.0,100.0,0.0,0.07029329281116954,0.001614632253744347,0.009795546583595065
16.138,284.2,100.0,8.0,0.0800639657427804,0.0002345962118753372,0.00283763749172538
16.138,284.6,100.0,9.0,0.0801766525348181,3.7337536433384175e-05,0.0004909833303234532
16.138,285.5,100.0,3.0,0.0804301978169029,0.0007348820806647262,0.011310750522575982
16.138,286.0,100.0,4.0,0.08057105630695002,0.00018234370834016288,0.0020349865551142327
16.138,286.5,100.0,5.0,0.08071191479699713,4.905568729216717e-05,0.0004909155384101138
16.364,284.0,100.0,1.0,0.0810976536430824,0.0001293818923198413,0.002013366644290581
16.364,285.0,100.0,2.0,0.08138320876154397,0.0002951109430650793,0.0056914144153748045
16.364,287.7,100.0,6.0,0.08215420758139017,1.1071792689848506e-05,0.0001410155968528408
16.364,288.6,100.0,7.0,0.08241120718800558,0.00032179041108160893,0.00506157910302991
16.414,284.2,100.0,8.0,0.08139592188137565,1.4171274781701264e-05,0.00017141342694598487
16.414,285.5,100.0,3.0,0.08176824664719476,0.0005051196783157789,0.007774420979629477
16.414,286.0,100.0,4.0,0.08191144848020211,0.00014715907729424412,0.001642320135324585
16.414,286.5,100.0,5.0,0.08205465031320945,3.4209887190590264e-05,0.00034234899389126353
16.422,250.0,100.0,0.0,0.0716348533498704,0.0015584497319341916,0.009146541523178854
16.636,284.0,100.0,1.0,0.0824078750582176,0.0001093409613910276,0.0017015011959722222
16.636,285.0,100.0,2.0,0.08269804363236627,0.00042384320202382895,0.008988876198054399
16.636,287.7,100.0,6.0,0.08348149878256764,0.0003958852848080672,0.005614984674685842
16.636,288.6,100.0,7.0,0.08374265049930142,0.00032826021038185043,0.00518129478663989
16.69,284.2,100.0,8.0,0.08272598926897731,6.161423818130984e-07,7.45275769330369e-06
16.69,284.6,100.0,9.0,0.0828424227514108,0.0003168698947581855,0.004166794359482995
16.69,285.5,100.0,3.0,0.08310439808688608,1.8178348305169626e-05,0.0002797874216857806
16.69,286.0,100.0,4.0,0.08324993993992792,1.2841106221138233e-05,0.00014330891233198825
16.69,286.5,100.0,5.0,0.08339548179296974,5.551038298850495e-05,0.0005555096882009182
16.736,250.0,100.0,0.0,0.07296576475244426,0.0009284779109946063,0.005312981838033474
16.91,284.0,100.0,1.0,0.08372585263957644,0.0001767866156150689,0.0029352042194669063
16.91,285.0,100.0,2.0,0.08402066197985664,0.0007479365541157663,0.016036709720950525
16.91,287.7,100.0,6.0,0.08481664719861318,0.0006441710537415076,0.009211798080127133
16.91,288.6,100.0,7.0,0.08508197560486537,0.0005523867385391942,0.00875552623649942
16.966,284.2,100.0,8.0,0.08405413704204769,0.00040434343806484583,0.0048908722362305465
16.966,284.6,100.0,9.0,0.08417243983872898,0.0006149711883145629,0.008086784264150994
16.966,285.5,100.0,3.0,0.08443862113126185,9.595783859450196e-05,0.0014769106521773992
16.966,286.0,100.0,4.0,0.08458649962711345,8.706270017931721e-05,0.0009716344256108802
16.966,286.5,100.0,5.0,0.08473437812296504,0.0005731769778347953,0.005735960501423434
17.052,250.0,100.0,0.0,0.0743029407776293,0.00029792985229225614,0.001504735459686558
17.182000000000002,284.0,100.0,1.0,0.08503231617143388,0.0005489948819298361,0.008844595839440514
17.182000000000002,285.0,100.0,2.0,0.0853317257354178,0.0007049515588639538,0.015366587845003023
17.182000000000002,287.7,100.0,6.0,0.08614013155817439,0.0006983029961876528,0.009854609437209564
17.182000000000002,288.6,100.0,7.0,0.08640960016575992,0.0007046974719109827,0.011237950651835945
17.242,284.2,100.0,8.0,0.08538033438159282,0.0005662348488862374,0.006849084320146091
17.242,284.6,100.0,9.0,0.08550050374736566,0.0008308101021353559,0.010925035494523469
17.242,285.5,100.0,3.0,0.08577088482035451,7.807749599925314e-05,0.0012017099095356476
17.242,286.0,100.0,4.0,0.08592109652757055,0.0002688927642706346,0.003000888624231833
17.242,286.5,100.0,5.0,0.08607130823478658,0.0007061437091793537,0.007066599987114006
17.454,284.0,100.0,1.0,0.08633686334929601,0.000798645914093466,0.012850690973353548
17.454,285.0,100.0,2.0,0.08664086638925833,0.0004971956394220439,0.010435415144065211
17.454,287.7,100.0,6.0,0.08746167459715656,0.0006789762930539127,0.009493829273832815
17.454,288.6,100.0,7.0,0.08773527733312265,0.0006739715853441297,0.010659484468632525
17.518,284.2,100.0,8.0,0.08670455051387756,0.0008853966026654223,0.010709612805277402
17.518,284.6,100.0,9.0,0.08682658366027289,0.0008741376176757001,0.011494786204043197
17.518,285.5,100.0,3.0,0.08710115823966236,0.00020323989416599482,0.0031281151080279077
17.518,286.0,100.0,4.0,0.08725369967265652,0.0004121995096985372,0.0046002160858568215
17.518,286.5,100.0,5.0,0.08740624110565068,0.0008604109363218268,0.008610400167114231
17.728,284.0,100.0,1.0,0.08764903544564093,0.0010262942198990075,0.016485299323240304
17.728,285.0,100.0,2.0,0.08795765880988614,1.616805508787909e-05,0.0003882085350316553
17.728,287.7,100.0,6.0,0.08879094189334823,0.0005429463654832905,0.007623999086991899
17.728,288.6,100.0,7.0,0.08906870292116892,0.0005720441992190025,0.009073491092167527
17.794,284.2,100.0,8.0,0.08802675471113965,0.0008887853857653945,0.010750602972590572
17.794,284.6,100.0,9.0,0.08815064880644034,0.0007822912713689795,0.010287019723033633
17.794,285.5,100.0,3.0,0.08842941052086689,0.0004070757997518313,0.006265403574143873
17.794,286.0,100.0,4.0,0.08858427813999276,0.0006471917535453669,0.007222769181532206
17.794,286.5,100.0,5.0,0.0887391457591186,0.0012551155781528823,0.012560332426821924
18.0,250.0,100.0,0.0,0.07830074571041244,0.00034588690397438715,0.0020095953008337306
18.0,284.0,100.0,1.0,0.08894964712702853,0.001223769994303056,0.01980574909651224
18.0,285.0,100.0,2.0,0.08926285010987019,8.853934929076644e-05,0.0021259038823162077
18.0,287.7,100.0,6.0,0.09010849816354265,0.00030562742382545,0.004371483502438065
18.0,288.6,100.0,7.0,0.09039038084810014,0.0003401700831867832,0.005422641604797607
18.068,284.2,100.0,8.0,0.08933735732440841,0.0009032647317380022,0.010925742778383209
18.068,284.6,100.0,9.0,0.08946309603985446,0.0007415594134416514,0.009751401544498956
18.068,285.5,100.0,3.0,0.08974600814960802,0.0004923054327891839,0.007577193780736222
18.068,286.0,100.0,4.0,0.08990318154391558,0.00044969553986426084,0.005018678109866227
18.068,286.5,100.0,5.0,0.09006035493822312,0.0011085939858460146,0.01109404522657066
18.286,284.0,100.0,1.0,0.09031503945176803,0.001468292910108085,0.0228487303459127
18.286,287.7,100.0,6.0,0.09149167905025939,1.8980216039740294e-05,0.0002417410231762985
18.286,288.6,100.0,7.0,0.09177788868232485,0.0001588232095454952,0.00244794629845685
18.334,250.0,100.0,0.0,0.07970420475138304,0.0006746725663796066,0.004460767175818469
18.344,284.2,100.0,8.0,0.09065546078941598,0.0008009850963570279,0.009688585001294797
18.344,284.6,100.0,9.0,0.09078305468215268,0.0006798626286399632,0.008940097538777315
18.344,285.5,100.0,3.0,0.09107014094081023,0.00047680913587330167,0.007338686470446704
18.344,286.0,100.0,4.0,0.09122963330673109,0.00013585890381964249,0.0015162082924724354
18.344,286.5,100.0,5.0,0.09138912567265195,0.0008158735360170961,0.008164700533557681
18.572,284.0,100.0,1.0,0.0916781814477216,0.0008520342840470642,0.013258867810123165
18.572,285.0,100.0,2.0,0.09200099194577696,0.00011090489045852164,0.002098174701242518
18.572,288.6,100.0,7.0,0.09316310973877626,1.739847365913093e-06,2.6816313128635287e-05
18.62,284.2,100.0,8.0,0.09197146064053624,0.0005707018811543824,0.006903116813422543
18.62,284.6,100.0,9.0,0.09210090674981217,0.0006301458020521949,0.008286328291448224
18.62,285.5,100.0,3.0,0.09239216049568297,0.00021516012256282737,0.003311582269789075
18.62,286.0,100.0,4.0,0.09255396813227787,0.0002593903456669923,0.002894840029106162
18.62,286.5,100.0,5.0,0.09271577576887274,0.00043149640730018096,0.004318118913515277
18.666,250.0,100.0,0.0,0.08109657572670986,0.0005445024495371353,0.003600114744670644
18.858,284.0,100.0,1.0,0.0930390391502507,0.0006277526893878404,0.009768726542913298
18.858,285.0,100.0,2.0,0.09336664140077976,3.4688313755749054e-05,0.0006562572854106553
18.858,287.7,100.0,6.0,0.0942511674772082,0.00014954109607068108,0.0019046262432072
18.896,284.2,100.0,8.0,0.09328532634066153,0.0004910654783050394,0.00593984788156304
18.896,284.6,100.0,9.0,0.09341662166274552,0.0003835583288156738,0.0050437378478682005
18.896,285.5,100.0,3.0,0.09371203613743445,4.112478796907226e-05,0.0006329617080760281
18.896,286.5,100.0,5.0,0.09404027444264437,1.8718617519379577e-05,0.00018732303439333286
19.0,250.0,100.0,0.0,0.08249458682724412,5.18978897215082e-05,0.0003431359366014207
19.142,284.0,100.0,1.0,0.09438808650242808,0.00035277932826161733,0.005489749141721698
19.142,287.7,100.0,6.0,0.09561779044629774,0.0004382704430994577,0.005582019989707257
19.142,288.6,100.0,7.0,0.09591690762183362,0.00034324703033228305,0.00529047549009219
19.172,284.2,100.0,8.0,0.09459702740220614,0.0004642632846961696,0.00561565292190433
19.172,284.6,100.0,9.0,0.09473016889045698,0.000432676157492746,0.0056896303572776625
19.172,285.5,100.0,3.0,0.0950297372390213,1.4900285496040677e-06,2.2933395220145953e-05
19.172,286.5,100.0,5.0,0.09536259095964834,0.0003543627937289444,0.003546218823515163
19.334,250.0,100.0,0.0,0.08388979461284403,0.00020631538126993012,0.001364105977472861
19.428,284.0,100.0,1.0,0.09574429051800715,0.0003182971382811585,0.004953157120350404
19.428,285.0,100.0,2.0,0.09608141830152127,8.647650048968427e-05,0.0016360216833476906
19.428,287.7,100.0,6.0,0.09699166331700936,0.00033416683391179124,0.0042561071050130125
19.428,288.6,100.0,7.0,0.09729507832217207,0.0005194687135369092,0.008006584919835392
19.448,284.2,100.0,8.0,0.09590653338781364,0.00023921727973893542,0.0028935331744251573
19.448,284.6,100.0,9.0,0.09604151795275076,0.0004153052180825619,0.005461204957608462
19.448,286.5,100.0,5.0,0.09668269463620201,0.0003007888194493408,0.003010087380251487
19.666,250.0,100.0,0.0,0.08527382278205613,0.00015994759455153346,0.0010575337062470015
19.714000000000002,284.0,100.0,1.0,0.09709810892722047,0.00010167825250648119,0.0015822585245563793
19.714000000000002,285.0,100.0,2.0,0.09744000367696422,0.00016367021279121034,0.003096425219895346
19.714000000000002,287.7,100.0,6.0,0.0983631195012723,0.00023322659406408152,0.0029704843908481527
19.714000000000002,288.6,100.0,7.0,0.09867082477604167,0.00041010687910808617,0.006320988094606889
19.724,284.2,100.0,8.0,0.09721381391106329,0.00013739975114432094,0.0016619649656067228
19.724,284.6,100.0,9.0,0.09735063842043848,0.00011480793288340055,0.001509708101261955
19.724,285.5,100.0,3.0,0.09765849356653263,5.8409119144479455e-05,0.0008989890926297213
19.724,286.0,100.0,4.0,0.0978295242032516,7.781710370009768e-05,0.0008684520087318486
19.724,286.5,100.0,5.0,0.09800055483997056,3.872817417802672e-05,0.0003875648987448266
20.0,250.0,100.0,0.0,0.0866632992937852,9.273557343679334e-05,0.0006131445424517189
20.0,284.2,100.0,8.0,0.098518838637175,2.680219360886978e-05,0.0003241949596587105
20.0,284.6,100.0,9.0,0.09865749991604508,0.00010083131496716046,0.0013259175498039775
20.0,285.0,100.0,2.0,0.09879616119491513,0.00018614433156254073,0.003521605996358588
20.0,285.5,100.0,3.0,0.0989694877935027,0.0003942615542252363,0.006068176375250619
20.0,286.0,100.0,4.0,0.09914281439209027,7.473523820702451e-05,0.0008340578697721714
20.0,286.5,100.0,5.0,0.09931614099067784,0.00012651203564822058,0.001266045335899767
20.0,288.6,100.0,7.0,0.10004411270474564,0.00044589802492115554,0.006872637964681672
20.286,284.0,100.0,1.0,0.09979845405751901,0.00010757264395613228,0.0016739836564147203
20.286,285.0,100.0,2.0,0.1001498570647638,6.351381391897715e-06,0.00012015978465265523
20.286,287.7,100.0,6.0,0.10109864518432472,5.464001587197965e-06,6.959211273257079e-05
20.572,285.0,100.0,2.0,0.10150105755723537,6.644522071523762e-05,0.0012570562086739315
20.572,288.6,100.0,7.0,0.10278317617901099,7.332213899205177e-05,0.0011301160532782013
20.666,250.0,100.0,0.0,0.08942509460491689,0.0005785338526332062,0.003825121916212559
20.858,284.0,100.0,1.0,0.1024888527631074,7.721652799042918e-05,0.0012015992273442648
20.858,288.6,100.0,7.0,0.10414888347687605,3.753099317898244e-05,0.0005784661832034184
21.0,250.0,100.0,0.0,0.09080561327983518,0.0007546463636553733,0.00498953402894197
21.142,284.0,100.0,1.0,0.10382086699837757,0.0005800081186456667,0.009025752974860737
21.142,285.0,100.0,2.0,0.10418643343147047,0.00013240187363109852,0.0025048693569899665
21.142,287.7,100.0,6.0,0.10517346280082124,0.0003102977743466633,0.00395209945465494
21.142,288.6,100.0,7.0,0.10550247259060483,0.00017522748470981864,0.0027007858222411253
21.334,250.0,100.0,0.0,0.09218304621614175,0.0007355036994138335,0.004862967494949643
21.428,284.0,100.0,1.0,0.10515968373704612,0.0005325582674759754,0.008287365663401094
21.428,285.0,100.0,2.0,0.10552996431358504,0.0005638072404807663,0.010666491653012623
21.428,287.7,100.0,6.0,0.10652972187024004,0.0005055639363312643,0.006439101799150497
21.428,288.6,100.0,7.0,0.10686297438912506,0.00037282443555280563,0.00574635281327899
21.666,250.0,100.0,0.0,0.09354912667768066,0.00011230363021703413,0.0007425236660883202
21.714000000000002,284.0,100.0,1.0,0.1064958802713183,0.0006374784352797648,0.009920073010479561
21.714000000000002,285.0,100.0,2.0,0.1068708657652314,0.0005838385202552131,0.011045457127686386
21.714000000000002,287.7,100.0,6.0,0.10788332659879675,0.0006637324033290999,0.00845361032561965
21.714000000000002,288.6,100.0,7.0,0.10822081354331854,0.00048641161358456045,0.007497074970391323
22.0,250.0,100.0,0.0,0.09492026699642636,0.0002716149854932933,0.0009872189651401531
22.0,284.0,100.0,1.0,0.10782942330794033,0.0005853130709503526,0.009108305593533244
22.0,285.0,100.0,2.0,0.10820910437592605,0.0006375809781866552,0.012062193767055005
22.0,287.7,100.0,6.0,0.10923424325948745,0.00042619212380144115,0.00542818479314052
22.0,288.6,100.0,7.0,0.10957595622067459,0.0005038100872436914,0.007765238101677675
22.286,284.0,100.0,1.0,0.10916027961977426,0.000548446901995042,0.009388067245701183
22.286,285.0,100.0,2.0,0.10954464680153404,0.0003449648857110934,0.007052455053075072
22.286,287.7,100.0,6.0,0.11058243819228541,0.00022360399317175922,0.004034511167101406
22.286,288.6,100.0,7.0,0.11092836865586922,0.0005412686557582982,0.007993176763271076
22.334,250.0,100.0,0.0,0.09628818175320157,6.933898380824457e-05,0.0004584521120166523
22.572,284.0,100.0,1.0,0.11048841604662557,0.000541967811016896,0.0089890629221174
22.572,285.0,100.0,2.0,0.11087745976509962,0.0003926906542588049,0.007884330485285761
22.572,287.7,100.0,6.0,0.11192787780497951,6.281571884981035e-05,0.0011354502603735232
22.572,288.6,100.0,7.0,0.11227801715160615,0.0002778784792986911,0.00415461308400071
22.666,250.0,100.0,0.0,0.09764466278022767,0.0003607328728183521,0.0015159858182636537
22.858,284.0,100.0,1.0,0.11181379949606977,0.0004492852364156878,0.007521460812383947
22.858,285.0,100.0,2.0,0.11220751005767565,3.7194184475630975e-05,0.0007394448286317245
22.858,287.7,100.0,6.0,0.11327052857401153,1.826377608620841e-05,0.0004102271908446278
22.858,288.6,100.0,7.0,0.11362486807945683,3.3313690191850684e-05,0.0004826936363154352
23.142,284.0,100.0,1.0,0.11312715776026813,0.00020766084524835086,0.0036758846592230086
23.142,285.0,100.0,2.0,0.11352549282280429,0.00024562528347943916,0.0050004956536220365
23.142,287.7,100.0,6.0,0.11460099749165191,5.288614389646561e-05,0.0008900464944218264
23.334,250.0,100.0,0.0,0.10036398697733483,1.0634813467522172e-05,7.031474110684852e-05
23.428,285.0,100.0,2.0,0.11484993831977754,0.00014403702076152096,0.0030733175690006048
23.428,287.7,100.0,6.0,0.11593799036701753,4.141138045034247e-05,0.0005274349596573786
23.428,288.6,100.0,7.0,0.11630067438276422,0.00010712488781550616,0.00165111870834883
23.666,250.0,100.0,0.0,0.10171045537258672,2.9777477709062085e-06,1.9688127509917584e-05
23.714000000000002,285.0,100.0,2.0,0.11617152216575855,0.00014460212646984008,0.0028745917713058284
23.714000000000002,287.7,100.0,6.0,0.1172720944810131,0.00010007750275499429,0.0012746344858386648
23.714000000000002,288.6,100.0,7.0,0.11763895191943129,2.8818985959616865e-05,0.00041756830443160666
24.0,250.0,100.0,0.0,0.10306158897507865,7.571987188875787e-05,0.0005006409566807615
24.0,284.0,100.0,1.0,0.11707796507568935,5.6937730020865495e-05,0.0009493551147338275
24.0,288.6,100.0,7.0,0.11897429831283081,0.00017075359148318496,0.0026318295884817777
24.3,285.0,100.0,2.0,0.11887030544882295,2.1647155447500888e-05,0.0004621530178948278
24.3,287.7,100.0,6.0,0.1199964451846539,2.0709817526325602e-05,0.0004651683324756047
24.334,250.0,100.0,0.0,0.10440922035878698,0.0005740357889196387,0.0010294078098042623
24.6,284.0,100.0,1.0,0.1198252207850886,6.69641171476214e-05,0.0011878404575655136
24.6,288.6,100.0,7.0,0.12176605182597386,0.00017793740872313897,0.0025781969622245067
24.666,250.0,100.0,0.0,0.10574526597494799,0.0006273615179449602,0.0011250358577095762
24.900000000000002,284.0,100.0,1.0,0.1211939398434457,0.00026630517630135155,0.004723844290704553
24.900000000000002,285.0,100.0,2.0,0.12162067906824658,0.00015889012098465648,0.0033922031513480356
25.0,250.0,100.0,0.0,0.10708577731159828,0.0007763598784568882,0.0013922318739156003
25.2,284.0,100.0,1.0,0.12255933630872128,0.00030327764252571386,0.005379678983491689
25.2,285.0,100.0,2.0,0.12299088326755482,0.0001614877796383566,0.0034476615134954153
25.2,287.7,100.0,6.0,0.12415606005640534,6.327093858436483e-05,0.0014211441968546034
25.2,288.6,100.0,7.0,0.12454445231935551,8.513498604584064e-05,0.0012335504039172234
25.334,250.0,100.0,0.0,0.10842264968028306,0.00036700648799780174,0.000658145976760102
25.5,284.0,100.0,1.0,0.12392137274788155,0.00039971631316688294,0.007090352692649745
25.5,285.0,100.0,2.0,0.12435771560966988,0.00013594413621030558,0.002902320952379519
25.5,288.6,100.0,7.0,0.1259285499121078,0.00010522895790759186,0.0015246989464566922
25.666,250.0,100.0,0.0,0.10974786554491589,0.0008124331657387235,0.0014569214357339011
25.8,284.0,100.0,1.0,0.12528001182000953,0.00013056710100211894,0.002316059579423106
25.8,285.0,100.0,2.0,0.12572113862219267,0.00013031587579395533,0.0027821611677268632
25.8,288.6,100.0,7.0,0.12730919511005195,0.00019882456368469618,0.0028808382103905337
26.0,250.0,100.0,0.0,0.11107734628298556,0.0011402295588649651,0.0020447526713871546
26.1,284.0,100.0,1.0,0.12663521627732865,0.00026449533529736177,0.0046917404945541336
26.1,285.0,100.0,2.0,0.1270811149261925,0.00023032573396140942,0.0049173081104009675
26.1,287.7,100.0,6.0,0.12828504127812485,6.897836861130496e-05,0.0015493401939935495
26.1,288.6,100.0,7.0,0.1286863500621023,3.4106873291656656e-05,0.000494186341941993
26.334,250.0,100.0,0.0,0.1124030524123727,0.001002210024917074,0.0017972447826910477
26.400000000000002,284.0,100.0,1.0,0.12798694896622426,0.00018848201312979151,0.0033433810562365227
26.400000000000002,287.7,100.0,6.0,0.12965438456895326,0.00010338601820228686,0.0023221789196026248
26.400000000000002,288.6,100.0,7.0,0.13005997701286032,0.00024007008487460655,0.003478458902971549
26.7,284.0,100.0,1.0,0.1293351728282618,7.187654272987934e-05,0.0012749793328309374
26.7,285.0,100.0,2.0,0.1297905783663895,2.4244814101200993e-05,0.0005176113800422072
26.7,287.7,100.0,6.0,0.13102017331933422,7.175054891010446e-05,0.0016116068211753235
27.0,250.0,100.0,0.0,0.11503508001866465,0.00011135666943523043,0.00019969386474344973
27.0,284.0,100.0,1.0,0.13067985090120304,0.0001160883729702008,0.0020592292102197514
27.0,285.0,100.0,2.0,0.1311399912212777,0.0004667126714481191,0.009964019065812487
27.0,287.7,100.0,6.0,0.1323823700854793,4.484409306881529e-05,0.0010072542632345771
27.3,284.0,100.0,1.0,0.13202094632001937,5.222684040084758e-05,0.0009264238317692422
27.3,287.7,100.0,6.0,0.13374093752207597,2.837408070535949e-05,0.0006373172429193324
27.3,288.6,100.0,7.0,0.13415931376041407,3.146292962563676e-05,0.0004558773231867999
27.6,287.7,100.0,6.0,0.13509583838331174,9.979849075678167e-05,0.002241598578543859
27.666,250.0,100.0,0.0,0.1176515648484413,0.0017675910768099254,0.0031697885290967306
27.900000000000002,284.0,100.0,1.0,0.13469224222727214,3.102584578268173e-06,5.50350791150045e-05
27.900000000000002,285.0,100.0,2.0,0.13516651068581886,0.00019525734213645798,0.004168620221411346
27.900000000000002,287.7,100.0,6.0,0.13644703552389506,1.7937637227526114e-06,4.0290170529383084e-05
27.900000000000002,288.6,100.0,7.0,0.13687387713658714,0.00014012901429905447,0.002030377994025243
28.0,250.0,100.0,0.0,0.11895777295460022,0.00015527197569137766,0.0002784463747831201
28.5,284.0,100.0,1.0,0.13734876761232107,0.00012177644469702579,0.0021601268552639266
28.5,285.0,100.0,2.0,0.1378323900334912,0.00010390634614800424,0.0022183344858951732
28.5,287.7,100.0,6.0,0.1391381705706506,8.398075611069045e-05,0.0018863125293302084
28.8,284.0,100.0,1.0,0.13867140025801494,9.049205019948839e-05,0.0016051898075209645
28.8,287.7,100.0,6.0,0.14047803469799613,2.6417247553265733e-05,0.0005933643296145509
29.0,250.0,100.0,0.0,0.12284423020052397,0.0006728452279959698,0.0012066009573935203
29.1,284.0,100.0,1.0,0.13999023115722137,0.00015538777762826432,0.0027563402123431417
29.1,287.7,100.0,6.0,0.1418140475490584,0.00016127566561839387,0.0036224526048690793
29.1,288.6,100.0,7.0,0.14225767856328905,0.00017212073265789523,0.002493917120963082
29.666,250.0,100.0,0.0,0.12541192384303318,0.0008281172036873474,0.0014850473321766403
29.7,284.0,100.0,1.0,0.14261634319572875,0.000293452791361198,0.005205401232960842
29.7,287.7,100.0,6.0,0.1444743730190534,9.947235189809935e-06,0.0002234273092993062
30.0,250.0,100.0,0.0,0.12669326790390986,6.430455558935843e-05,0.00011531617541523155
30.0,284.0,100.0,1.0,0.1439235523388416,0.00031387813983479686,0.005567715503801289
30.0,285.0,100.0,2.0,0.14443032541045725,6.883795432305282e-05,0.0014696465969055526
30.0,287.7,100.0,6.0,0.14579861270381947,6.21294525789768e-05,0.0013955049974268142
